order_id,customer_id,order_date,category,product,quantity,unit_price,discount_pct,total_amount,status
O000001,C0001,2023-11-23,Beauty,Face Cream,4,39.99,20,127.97,Delivered
O000002,C0001,2023-03-22,Food & Drink,Olive Oil,3,16.99,20,40.78,Delivered
O000003,C0001,2023-08-29,Toys,Board Game,4,34.99,0,139.96,Delivered
O000004,C0001,2023-08-11,Clothing,Jeans,2,59.99,15,101.98,Delivered
O000005,C0001,2022-12-26,Home & Garden,Lamp,5,69.99,10,314.95,Delivered
O000006,C0001,2023-07-05,Food & Drink,Protein Bar,2,2.99,15,5.08,Delivered
O000007,C0001,2023-03-02,Books,Novel,5,12.99,0,64.95,Delivered
O000008,C0001,2022-12-09,Electronics,Headphones,3,149.99,20,359.98,Delivered
O000009,C0001,2023-07-18,Beauty,Perfume,5,79.99,0,399.95,Delivered
O000010,C0002,2023-06-02,Books,Data Science Guide,4,44.99,5,170.96,Delivered
O000011,C0002,2023-12-24,Sports,Water Bottle,5,19.99,0,99.95,Delivered
O000012,C0002,2023-08-05,Food & Drink,Olive Oil,4,16.99,20,54.37,Delivered
O000013,C0002,2023-06-05,Electronics,Webcam,2,79.99,0,159.98,Delivered
O000014,C0002,2023-06-03,Toys,Puzzle,5,19.99,15,84.96,Delivered
O000015,C0002,2023-03-25,Sports,Dumbbells,4,59.99,0,239.96,Delivered
O000016,C0002,2023-11-28,Home & Garden,Cushion,4,34.99,10,125.96,Delivered
O000017,C0003,2023-06-28,Clothing,Sneakers,3,79.99,20,191.98,Delivered
O000018,C0004,2023-07-31,Clothing,Jeans,4,59.99,0,239.96,Delivered
O000019,C0004,2022-10-19,Clothing,Jeans,2,59.99,0,119.98,Delivered
O000020,C0004,2022-09-21,Sports,Dumbbells,5,59.99,0,299.95,Returned
O000021,C0004,2023-01-26,Electronics,Headphones,4,149.99,20,479.97,Delivered
O000022,C0004,2023-10-04,Home & Garden,Cushion,3,34.99,5,99.72,Delivered
O000023,C0004,2022-10-28,Beauty,Face Cream,2,39.99,0,79.98,Delivered
O000024,C0005,2022-10-12,Beauty,Face Cream,2,39.99,15,67.98,Delivered
O000025,C0005,2022-03-11,Books,Cookbook,2,24.99,5,47.48,Delivered
O000026,C0005,2021-12-18,Books,Travel Guide,1,16.99,10,15.29,Delivered
O000027,C0005,2022-05-28,Food & Drink,Nuts Mix,5,12.99,5,61.7,Delivered
O000028,C0005,2022-01-30,Toys,Art Kit,3,24.99,20,59.98,Delivered
O000029,C0005,2022-04-16,Electronics,USB Hub,5,29.99,0,149.95,Delivered
O000030,C0005,2021-07-08,Beauty,Perfume,5,79.99,0,399.95,Delivered
O000031,C0006,2023-12-13,Food & Drink,Coffee Beans,2,19.99,20,31.98,Delivered
O000032,C0006,2023-12-18,Books,Python Cookbook,1,34.99,0,34.99,Delivered
O000033,C0006,2023-12-23,Books,Novel,4,12.99,20,41.57,Delivered
O000034,C0006,2023-12-18,Toys,Art Kit,1,24.99,0,24.99,Delivered
O000035,C0006,2023-11-29,Food & Drink,Coffee Beans,5,19.99,0,99.95,Delivered
O000036,C0006,2023-11-19,Beauty,Serum,1,54.99,0,54.99,Delivered
O000037,C0007,2023-06-26,Toys,Board Game,4,34.99,0,139.96,Delivered
O000038,C0007,2023-07-15,Books,Cookbook,1,24.99,0,24.99,Returned
O000039,C0007,2023-07-13,Beauty,Face Cream,4,39.99,20,127.97,Delivered
O000040,C0007,2023-04-15,Sports,Dumbbells,1,59.99,0,59.99,Delivered
O000041,C0008,2022-11-04,Home & Garden,Cushion,1,34.99,0,34.99,Delivered
O000042,C0008,2021-02-12,Books,Travel Guide,1,16.99,15,14.44,Delivered
O000043,C0008,2021-06-04,Books,Data Science Guide,5,44.99,15,191.21,Delivered
O000044,C0008,2023-10-01,Books,Python Cookbook,1,34.99,15,29.74,Delivered
O000045,C0008,2022-06-23,Electronics,Webcam,1,79.99,0,79.99,Delivered
O000046,C0008,2023-05-27,Food & Drink,Olive Oil,1,16.99,0,16.99,Delivered
O000047,C0008,2023-12-19,Sports,Yoga Mat,1,39.99,0,39.99,Delivered
O000048,C0009,2023-05-14,Food & Drink,Tea Collection,5,24.99,5,118.7,Delivered
O000049,C0009,2023-11-28,Clothing,Jacket,1,89.99,0,89.99,Delivered
O000050,C0009,2023-08-21,Food & Drink,Tea Collection,1,24.99,0,24.99,Delivered
O000051,C0009,2023-09-02,Home & Garden,Candle Set,3,24.99,0,74.97,Delivered
O000052,C0009,2023-11-16,Books,Data Science Guide,3,44.99,20,107.98,Delivered
O000053,C0010,2023-06-17,Electronics,Headphones,4,149.99,15,509.97,Delivered
O000054,C0011,2023-07-16,Books,Cookbook,4,24.99,0,99.96,Delivered
O000055,C0012,2022-12-02,Home & Garden,Rug,3,129.99,20,311.98,Delivered
O000056,C0012,2022-10-09,Beauty,Shampoo,2,14.99,5,28.48,Delivered
O000057,C0012,2022-11-06,Food & Drink,Nuts Mix,5,12.99,0,64.95,Delivered
O000058,C0012,2023-01-13,Home & Garden,Cushion,5,34.99,0,174.95,Delivered
O000059,C0012,2023-10-04,Clothing,Jacket,5,89.99,5,427.45,Delivered
O000060,C0013,2023-07-10,Clothing,Jacket,2,89.99,15,152.98,Delivered
O000061,C0014,2021-10-11,Sports,Yoga Mat,2,39.99,10,71.98,Delivered
O000062,C0014,2021-09-09,Home & Garden,Candle Set,2,24.99,5,47.48,Delivered
O000063,C0014,2021-11-15,Beauty,Face Cream,1,39.99,20,31.99,Delivered
O000064,C0014,2021-08-13,Sports,Dumbbells,1,59.99,5,56.99,Delivered
O000065,C0014,2022-12-07,Home & Garden,Lamp,2,69.99,10,125.98,Delivered
O000066,C0014,2023-06-09,Toys,Board Game,1,34.99,20,27.99,Delivered
O000067,C0014,2022-07-10,Home & Garden,Cushion,3,34.99,10,94.47,Delivered
O000068,C0014,2023-11-09,Beauty,Lip Balm,4,8.99,15,30.57,Delivered
O000069,C0014,2023-05-03,Beauty,Shampoo,3,14.99,0,44.97,Delivered
O000070,C0015,2023-09-28,Electronics,USB Hub,4,29.99,0,119.96,Delivered
O000071,C0016,2023-06-16,Beauty,Perfume,4,79.99,5,303.96,Delivered
O000072,C0017,2023-12-05,Toys,Board Game,1,34.99,20,27.99,Delivered
O000073,C0017,2023-09-13,Electronics,USB Hub,2,29.99,5,56.98,Delivered
O000074,C0017,2023-11-28,Food & Drink,Coffee Beans,4,19.99,0,79.96,Delivered
O000075,C0017,2023-12-19,Beauty,Lip Balm,4,8.99,0,35.96,Delivered
O000076,C0017,2023-11-17,Electronics,Headphones,2,149.99,10,269.98,Delivered
O000077,C0017,2023-07-07,Electronics,Laptop Stand,3,49.99,15,127.47,Delivered
O000078,C0017,2023-07-28,Toys,Board Game,4,34.99,0,139.96,Delivered
O000079,C0017,2023-09-07,Clothing,Dress,2,49.99,10,89.98,Delivered
O000080,C0017,2023-12-08,Books,Travel Guide,1,16.99,10,15.29,Delivered
O000081,C0018,2022-08-03,Home & Garden,Plant Pot,4,14.99,0,59.96,Delivered
O000082,C0018,2023-11-25,Clothing,Jacket,5,89.99,15,382.46,Delivered
O000083,C0018,2022-05-13,Clothing,Jeans,4,59.99,0,239.96,Delivered
O000084,C0018,2022-03-06,Books,Cookbook,4,24.99,0,99.96,Delivered
O000085,C0018,2023-01-06,Toys,Art Kit,3,24.99,15,63.72,Delivered
O000086,C0018,2022-09-13,Home & Garden,Plant Pot,5,14.99,10,67.45,Delivered
O000087,C0018,2022-11-10,Electronics,Mouse,5,39.99,20,159.96,Delivered
O000088,C0018,2022-02-21,Beauty,Perfume,2,79.99,0,159.98,Delivered
O000089,C0019,2023-07-23,Toys,Art Kit,3,24.99,10,67.47,Delivered
O000090,C0019,2023-07-04,Sports,Skipping Rope,2,9.99,0,19.98,Delivered
O000091,C0020,2023-09-18,Home & Garden,Plant Pot,3,14.99,0,44.97,Delivered
O000092,C0020,2023-04-08,Electronics,Headphones,3,149.99,10,404.97,Delivered
O000093,C0021,2023-11-23,Home & Garden,Candle Set,2,24.99,10,44.98,Delivered
O000094,C0022,2022-09-18,Clothing,Jeans,5,59.99,0,299.95,Delivered
O000095,C0022,2023-11-08,Sports,Skipping Rope,4,9.99,5,37.96,Delivered
O000096,C0022,2023-09-19,Clothing,T-Shirt,4,19.99,20,63.97,Delivered
O000097,C0022,2022-12-03,Beauty,Perfume,5,79.99,0,399.95,Delivered
O000098,C0022,2022-08-10,Electronics,Webcam,2,79.99,0,159.98,Delivered
O000099,C0022,2023-11-09,Beauty,Face Cream,4,39.99,5,151.96,Delivered
O000100,C0022,2022-12-29,Beauty,Perfume,2,79.99,0,159.98,Delivered
O000101,C0022,2023-09-04,Food & Drink,Tea Collection,2,24.99,0,49.98,Delivered
O000102,C0022,2022-07-24,Toys,Board Game,2,34.99,5,66.48,Delivered
O000103,C0022,2022-07-28,Sports,Water Bottle,4,19.99,0,79.96,Delivered
O000104,C0023,2023-05-24,Food & Drink,Nuts Mix,5,12.99,10,58.46,Returned
O000105,C0023,2023-09-30,Food & Drink,Olive Oil,2,16.99,0,33.98,Delivered
O000106,C0023,2023-04-18,Sports,Skipping Rope,4,9.99,0,39.96,Delivered
O000107,C0023,2023-05-01,Books,Data Science Guide,5,44.99,10,202.46,Returned
O000108,C0023,2023-08-18,Home & Garden,Rug,1,129.99,0,129.99,Delivered
O000109,C0024,2023-05-05,Sports,Water Bottle,5,19.99,0,99.95,Returned
O000110,C0025,2023-12-07,Toys,Stuffed Animal,5,19.99,20,79.96,Delivered
O000111,C0025,2023-11-21,Clothing,Jacket,1,89.99,0,89.99,Delivered
O000112,C0025,2023-12-11,Books,Travel Guide,4,16.99,10,61.16,Delivered
O000113,C0025,2023-11-17,Books,Travel Guide,5,16.99,0,84.95,Delivered
O000114,C0025,2023-12-27,Beauty,Perfume,2,79.99,0,159.98,Delivered
O000115,C0025,2023-11-29,Beauty,Lip Balm,4,8.99,10,32.36,Delivered
O000116,C0025,2023-12-10,Beauty,Perfume,3,79.99,0,239.97,Delivered
O000117,C0026,2021-05-12,Home & Garden,Lamp,2,69.99,15,118.98,Delivered
O000118,C0027,2022-06-02,Food & Drink,Olive Oil,5,16.99,0,84.95,Delivered
O000119,C0027,2022-09-15,Electronics,Laptop Stand,4,49.99,0,199.96,Delivered
O000120,C0027,2022-01-24,Clothing,Dress,5,49.99,5,237.45,Delivered
O000121,C0027,2023-10-04,Books,Data Science Guide,5,44.99,0,224.95,Delivered
O000122,C0027,2023-11-27,Toys,LEGO Set,5,49.99,5,237.45,Delivered
O000123,C0027,2022-04-30,Electronics,Headphones,5,149.99,0,749.95,Delivered
O000124,C0027,2022-04-05,Beauty,Serum,1,54.99,10,49.49,Delivered
O000125,C0027,2023-09-12,Books,Novel,4,12.99,0,51.96,Delivered
O000126,C0027,2022-09-30,Clothing,Jeans,2,59.99,5,113.98,Delivered
O000127,C0027,2023-09-19,Beauty,Serum,3,54.99,5,156.72,Delivered
O000128,C0028,2023-08-15,Beauty,Serum,2,54.99,0,109.98,Delivered
O000129,C0029,2022-04-07,Toys,Puzzle,1,19.99,20,15.99,Returned
O000130,C0029,2023-10-22,Food & Drink,Tea Collection,4,24.99,10,89.96,Delivered
O000131,C0029,2022-10-25,Beauty,Perfume,2,79.99,5,151.98,Delivered
O000132,C0029,2023-05-26,Toys,Art Kit,2,24.99,0,49.98,Delivered
O000133,C0029,2022-07-12,Food & Drink,Olive Oil,3,16.99,0,50.97,Delivered
O000134,C0029,2023-09-29,Books,Travel Guide,1,16.99,15,14.44,Delivered
O000135,C0030,2022-01-07,Beauty,Shampoo,3,14.99,10,40.47,Returned
O000136,C0031,2023-07-20,Electronics,Webcam,1,79.99,0,79.99,Delivered
O000137,C0031,2023-09-27,Beauty,Perfume,1,79.99,20,63.99,Delivered
O000138,C0031,2023-07-18,Clothing,Dress,3,49.99,10,134.97,Delivered
O000139,C0031,2023-12-26,Clothing,Jacket,4,89.99,20,287.97,Delivered
O000140,C0032,2023-08-03,Electronics,USB Hub,4,29.99,5,113.96,Delivered
O000141,C0032,2023-07-24,Electronics,Webcam,2,79.99,0,159.98,Delivered
O000142,C0032,2023-09-30,Home & Garden,Cushion,4,34.99,15,118.97,Delivered
O000143,C0032,2023-09-08,Electronics,Mouse,3,39.99,5,113.97,Delivered
O000144,C0032,2023-07-08,Clothing,Dress,2,49.99,0,99.98,Delivered
O000145,C0033,2023-02-22,Sports,Skipping Rope,5,9.99,0,49.95,Delivered
O000146,C0034,2023-12-09,Clothing,Sneakers,5,79.99,0,399.95,Delivered
O000147,C0035,2023-11-12,Clothing,Jacket,4,89.99,0,359.96,Delivered
O000148,C0036,2023-12-15,Home & Garden,Rug,1,129.99,20,103.99,Delivered
O000149,C0036,2023-12-23,Home & Garden,Rug,1,129.99,20,103.99,Delivered
O000150,C0036,2023-12-13,Books,Travel Guide,4,16.99,0,67.96,Delivered
O000151,C0036,2023-12-12,Beauty,Lip Balm,1,8.99,0,8.99,Delivered
O000152,C0036,2023-12-17,Books,Cookbook,2,24.99,20,39.98,Delivered
O000153,C0037,2021-08-06,Books,Novel,1,12.99,0,12.99,Delivered
O000154,C0037,2022-03-21,Clothing,Jeans,1,59.99,5,56.99,Delivered
O000155,C0038,2022-01-09,Home & Garden,Cushion,4,34.99,10,125.96,Delivered
O000156,C0038,2022-04-07,Clothing,T-Shirt,5,19.99,20,79.96,Delivered
O000157,C0038,2021-08-12,Food & Drink,Olive Oil,4,16.99,5,64.56,Delivered
O000158,C0038,2023-07-06,Toys,Stuffed Animal,2,19.99,0,39.98,Returned
O000159,C0039,2022-10-10,Food & Drink,Nuts Mix,4,12.99,15,44.17,Delivered
O000160,C0040,2023-06-13,Electronics,Headphones,2,149.99,0,299.98,Delivered
O000161,C0041,2023-03-28,Clothing,Sneakers,1,79.99,10,71.99,Delivered
O000162,C0041,2023-04-28,Electronics,Laptop Stand,3,49.99,5,142.47,Delivered
O000163,C0041,2023-09-20,Books,Python Cookbook,5,34.99,5,166.2,Delivered
O000164,C0041,2023-12-14,Beauty,Face Cream,2,39.99,0,79.98,Delivered
O000165,C0041,2023-11-27,Beauty,Face Cream,4,39.99,5,151.96,Delivered
O000166,C0041,2023-08-02,Books,Cookbook,2,24.99,10,44.98,Delivered
O000167,C0042,2023-04-08,Beauty,Lip Balm,1,8.99,0,8.99,Delivered
O000168,C0042,2022-11-02,Toys,Board Game,2,34.99,20,55.98,Delivered
O000169,C0042,2023-02-15,Clothing,Jeans,2,59.99,20,95.98,Delivered
O000170,C0042,2023-07-12,Home & Garden,Plant Pot,4,14.99,0,59.96,Delivered
O000171,C0042,2023-05-01,Home & Garden,Cushion,3,34.99,20,83.98,Delivered
O000172,C0043,2023-02-26,Sports,Water Bottle,2,19.99,0,39.98,Delivered
O000173,C0044,2023-11-12,Sports,Dumbbells,2,59.99,5,113.98,Delivered
O000174,C0044,2022-03-18,Beauty,Serum,2,54.99,20,87.98,Delivered
O000175,C0045,2023-04-01,Books,Travel Guide,4,16.99,0,67.96,Delivered
O000176,C0045,2022-08-31,Electronics,Laptop Stand,1,49.99,15,42.49,Delivered
O000177,C0045,2023-09-09,Books,Data Science Guide,5,44.99,20,179.96,Delivered
O000178,C0045,2023-05-02,Food & Drink,Olive Oil,3,16.99,0,50.97,Delivered
O000179,C0045,2023-06-25,Electronics,USB Hub,5,29.99,0,149.95,Delivered
O000180,C0045,2022-07-11,Home & Garden,Plant Pot,3,14.99,5,42.72,Delivered
O000181,C0045,2023-01-05,Books,Cookbook,5,24.99,0,124.95,Delivered
O000182,C0046,2023-10-02,Toys,LEGO Set,3,49.99,10,134.97,Delivered
O000183,C0046,2021-12-20,Books,Python Cookbook,3,34.99,20,83.98,Delivered
O000184,C0046,2023-12-24,Books,Data Science Guide,3,44.99,15,114.72,Delivered
O000185,C0046,2021-04-28,Electronics,Mouse,3,39.99,0,119.97,Delivered
O000186,C0046,2023-11-15,Food & Drink,Protein Bar,1,2.99,0,2.99,Delivered
O000187,C0046,2022-05-07,Books,Python Cookbook,1,34.99,20,27.99,Delivered
O000188,C0046,2022-01-17,Home & Garden,Candle Set,4,24.99,20,79.97,Delivered
O000189,C0047,2023-11-08,Food & Drink,Tea Collection,3,24.99,0,74.97,Delivered
O000190,C0047,2023-04-08,Electronics,Headphones,4,149.99,5,569.96,Delivered
O000191,C0047,2022-05-02,Sports,Dumbbells,2,59.99,0,119.98,Delivered
O000192,C0047,2022-10-14,Books,Cookbook,4,24.99,20,79.97,Delivered
O000193,C0047,2022-12-09,Electronics,Headphones,1,149.99,5,142.49,Delivered
O000194,C0047,2023-10-21,Food & Drink,Coffee Beans,2,19.99,15,33.98,Delivered
O000195,C0048,2023-03-06,Sports,Water Bottle,4,19.99,15,67.97,Delivered
O000196,C0048,2023-02-10,Books,Travel Guide,1,16.99,0,16.99,Delivered
O000197,C0048,2023-02-13,Home & Garden,Candle Set,5,24.99,5,118.7,Delivered
O000198,C0048,2023-02-03,Food & Drink,Tea Collection,5,24.99,0,124.95,Delivered
O000199,C0048,2023-08-01,Sports,Resistance Band,5,14.99,0,74.95,Delivered
O000200,C0048,2023-07-30,Beauty,Face Cream,4,39.99,15,135.97,Delivered
O000201,C0048,2022-09-26,Toys,Stuffed Animal,3,19.99,5,56.97,Delivered
O000202,C0048,2023-04-07,Beauty,Shampoo,2,14.99,0,29.98,Delivered
O000203,C0048,2023-02-18,Toys,Stuffed Animal,5,19.99,10,89.95,Delivered
O000204,C0048,2022-11-08,Home & Garden,Rug,1,129.99,10,116.99,Delivered
O000205,C0049,2023-12-24,Home & Garden,Rug,3,129.99,15,331.47,Delivered
O000206,C0049,2023-12-06,Electronics,USB Hub,1,29.99,10,26.99,Delivered
O000207,C0049,2023-11-12,Sports,Yoga Mat,2,39.99,0,79.98,Delivered
O000208,C0050,2023-10-13,Clothing,Sneakers,5,79.99,0,399.95,Delivered
O000209,C0050,2023-12-22,Beauty,Face Cream,3,39.99,10,107.97,Delivered
O000210,C0050,2023-09-10,Beauty,Face Cream,2,39.99,0,79.98,Delivered
O000211,C0050,2023-10-14,Food & Drink,Protein Bar,5,2.99,5,14.2,Delivered
O000212,C0050,2023-11-11,Food & Drink,Nuts Mix,5,12.99,0,64.95,Delivered
O000213,C0050,2023-11-06,Home & Garden,Rug,5,129.99,0,649.95,Returned
O000214,C0050,2023-07-20,Home & Garden,Candle Set,5,24.99,10,112.45,Delivered
O000215,C0050,2023-09-15,Books,Travel Guide,1,16.99,10,15.29,Delivered
O000216,C0050,2023-12-02,Toys,LEGO Set,1,49.99,20,39.99,Delivered
O000217,C0051,2023-04-17,Food & Drink,Coffee Beans,3,19.99,10,53.97,Delivered
O000218,C0051,2023-08-04,Home & Garden,Rug,2,129.99,0,259.98,Delivered
O000219,C0052,2023-06-15,Home & Garden,Lamp,2,69.99,5,132.98,Delivered
O000220,C0053,2023-12-28,Books,Travel Guide,2,16.99,20,27.18,Delivered
O000221,C0053,2023-08-15,Beauty,Serum,2,54.99,10,98.98,Delivered
O000222,C0053,2023-07-28,Books,Cookbook,2,24.99,20,39.98,Delivered
O000223,C0053,2023-11-17,Clothing,Dress,2,49.99,0,99.98,Delivered
O000224,C0053,2023-08-30,Clothing,Jeans,5,59.99,5,284.95,Delivered
O000225,C0053,2023-10-07,Food & Drink,Coffee Beans,1,19.99,20,15.99,Delivered
O000226,C0053,2023-11-16,Toys,Art Kit,1,24.99,0,24.99,Delivered
O000227,C0054,2023-01-20,Food & Drink,Nuts Mix,3,12.99,5,37.02,Delivered
O000228,C0055,2023-09-15,Beauty,Perfume,4,79.99,15,271.97,Delivered
O000229,C0056,2021-12-01,Electronics,Webcam,4,79.99,10,287.96,Delivered
O000230,C0056,2022-02-11,Clothing,Jacket,4,89.99,5,341.96,Delivered
O000231,C0056,2023-10-10,Electronics,USB Hub,2,29.99,0,59.98,Delivered
O000232,C0056,2022-01-28,Books,Novel,5,12.99,15,55.21,Delivered
O000233,C0056,2021-07-31,Clothing,Sneakers,3,79.99,5,227.97,Delivered
O000234,C0056,2021-10-03,Home & Garden,Lamp,2,69.99,0,139.98,Delivered
O000235,C0056,2023-09-03,Sports,Skipping Rope,4,9.99,5,37.96,Returned
O000236,C0057,2023-05-02,Beauty,Serum,1,54.99,0,54.99,Delivered
O000237,C0057,2023-07-27,Toys,LEGO Set,3,49.99,0,149.97,Delivered
O000238,C0057,2023-04-10,Books,Data Science Guide,2,44.99,0,89.98,Returned
O000239,C0058,2021-07-27,Toys,Puzzle,3,19.99,15,50.97,Delivered
O000240,C0058,2023-12-27,Food & Drink,Coffee Beans,1,19.99,0,19.99,Returned
O000241,C0058,2023-12-28,Books,Data Science Guide,3,44.99,20,107.98,Delivered
O000242,C0058,2023-01-06,Books,Cookbook,5,24.99,20,99.96,Delivered
O000243,C0058,2021-09-15,Books,Data Science Guide,4,44.99,10,161.96,Delivered
O000244,C0058,2022-03-23,Beauty,Perfume,4,79.99,15,271.97,Delivered
O000245,C0058,2022-09-23,Books,Data Science Guide,2,44.99,15,76.48,Delivered
O000246,C0058,2023-05-01,Electronics,Headphones,1,149.99,20,119.99,Delivered
O000247,C0058,2021-09-23,Food & Drink,Coffee Beans,3,19.99,10,53.97,Delivered
O000248,C0059,2022-05-04,Food & Drink,Nuts Mix,3,12.99,0,38.97,Delivered
O000249,C0059,2023-09-23,Beauty,Shampoo,2,14.99,20,23.98,Delivered
O000250,C0059,2022-09-16,Beauty,Lip Balm,1,8.99,20,7.19,Delivered
O000251,C0059,2023-04-26,Sports,Resistance Band,2,14.99,0,29.98,Delivered
O000252,C0060,2023-03-08,Beauty,Lip Balm,3,8.99,0,26.97,Delivered
O000253,C0060,2023-04-02,Clothing,Sneakers,2,79.99,10,143.98,Delivered
O000254,C0060,2022-03-28,Sports,Skipping Rope,2,9.99,10,17.98,Delivered
O000255,C0060,2023-11-06,Clothing,Jeans,4,59.99,0,239.96,Delivered
O000256,C0061,2023-06-18,Beauty,Serum,1,54.99,10,49.49,Delivered
O000257,C0062,2021-11-22,Electronics,USB Hub,5,29.99,10,134.95,Delivered
O000258,C0062,2023-09-30,Home & Garden,Plant Pot,5,14.99,0,74.95,Delivered
O000259,C0062,2023-10-20,Home & Garden,Candle Set,5,24.99,10,112.45,Delivered
O000260,C0062,2021-05-15,Toys,Board Game,2,34.99,5,66.48,Delivered
O000261,C0062,2022-04-26,Food & Drink,Nuts Mix,4,12.99,0,51.96,Delivered
O000262,C0062,2023-06-22,Sports,Skipping Rope,1,9.99,20,7.99,Delivered
O000263,C0062,2022-10-13,Books,Novel,3,12.99,5,37.02,Delivered
O000264,C0062,2023-01-15,Clothing,T-Shirt,4,19.99,10,71.96,Delivered
O000265,C0062,2021-09-21,Electronics,USB Hub,1,29.99,0,29.99,Delivered
O000266,C0063,2022-05-02,Books,Cookbook,5,24.99,10,112.45,Returned
O000267,C0063,2023-07-11,Electronics,Mouse,2,39.99,5,75.98,Delivered
O000268,C0063,2022-02-18,Home & Garden,Plant Pot,5,14.99,0,74.95,Delivered
O000269,C0064,2022-11-21,Beauty,Shampoo,5,14.99,0,74.95,Returned
O000270,C0064,2023-05-21,Books,Travel Guide,2,16.99,0,33.98,Delivered
O000271,C0064,2021-12-23,Home & Garden,Lamp,2,69.99,0,139.98,Delivered
O000272,C0064,2022-07-29,Books,Travel Guide,2,16.99,0,33.98,Delivered
O000273,C0064,2022-03-25,Home & Garden,Candle Set,4,24.99,15,84.97,Delivered
O000274,C0064,2023-10-05,Sports,Yoga Mat,2,39.99,0,79.98,Delivered
O000275,C0065,2022-06-20,Food & Drink,Tea Collection,4,24.99,15,84.97,Delivered
O000276,C0065,2023-08-23,Home & Garden,Cushion,2,34.99,0,69.98,Delivered
O000277,C0065,2022-07-05,Sports,Skipping Rope,2,9.99,0,19.98,Delivered
O000278,C0065,2022-01-13,Electronics,Headphones,5,149.99,5,712.45,Delivered
O000279,C0066,2023-09-13,Clothing,T-Shirt,3,19.99,0,59.97,Delivered
O000280,C0066,2023-04-27,Home & Garden,Cushion,4,34.99,10,125.96,Delivered
O000281,C0066,2022-12-28,Books,Data Science Guide,3,44.99,15,114.72,Delivered
O000282,C0066,2023-12-05,Clothing,T-Shirt,5,19.99,5,94.95,Returned
O000283,C0066,2022-07-29,Toys,Puzzle,3,19.99,0,59.97,Delivered
O000284,C0066,2022-07-13,Electronics,USB Hub,3,29.99,0,89.97,Delivered
O000285,C0066,2022-08-30,Electronics,Laptop Stand,2,49.99,10,89.98,Delivered
O000286,C0066,2022-11-29,Electronics,USB Hub,3,29.99,10,80.97,Delivered
O000287,C0066,2022-11-11,Food & Drink,Protein Bar,3,2.99,0,8.97,Delivered
O000288,C0067,2023-06-27,Electronics,Laptop Stand,5,49.99,0,249.95,Delivered
O000289,C0067,2023-08-15,Beauty,Perfume,1,79.99,20,63.99,Delivered
O000290,C0067,2023-11-13,Clothing,Dress,5,49.99,5,237.45,Delivered
O000291,C0067,2023-12-30,Sports,Skipping Rope,1,9.99,0,9.99,Delivered
O000292,C0067,2023-10-30,Toys,Stuffed Animal,2,19.99,10,35.98,Delivered
O000293,C0067,2023-10-20,Beauty,Lip Balm,1,8.99,15,7.64,Returned
O000294,C0067,2023-09-23,Sports,Yoga Mat,5,39.99,5,189.95,Delivered
O000295,C0067,2023-08-21,Books,Travel Guide,5,16.99,15,72.21,Delivered
O000296,C0067,2023-12-16,Electronics,Webcam,1,79.99,10,71.99,Delivered
O000297,C0068,2022-05-24,Beauty,Shampoo,4,14.99,0,59.96,Returned
O000298,C0069,2023-12-30,Toys,LEGO Set,3,49.99,15,127.47,Delivered
O000299,C0070,2023-10-19,Food & Drink,Olive Oil,3,16.99,5,48.42,Delivered
O000300,C0071,2023-07-25,Food & Drink,Nuts Mix,4,12.99,0,51.96,Delivered
O000301,C0071,2023-10-29,Beauty,Lip Balm,3,8.99,5,25.62,Delivered
O000302,C0071,2023-07-21,Electronics,Mouse,1,39.99,0,39.99,Delivered
O000303,C0071,2023-09-07,Beauty,Perfume,2,79.99,10,143.98,Delivered
O000304,C0071,2023-12-31,Food & Drink,Tea Collection,4,24.99,0,99.96,Delivered
O000305,C0071,2023-11-30,Home & Garden,Rug,1,129.99,5,123.49,Delivered
O000306,C0071,2023-09-27,Sports,Skipping Rope,5,9.99,0,49.95,Delivered
O000307,C0072,2023-08-07,Home & Garden,Cushion,2,34.99,15,59.48,Delivered
O000308,C0072,2023-03-30,Toys,Puzzle,1,19.99,15,16.99,Delivered
O000309,C0072,2023-06-10,Beauty,Perfume,2,79.99,5,151.98,Delivered
O000310,C0072,2023-09-21,Beauty,Face Cream,1,39.99,15,33.99,Delivered
O000311,C0072,2023-05-08,Books,Data Science Guide,4,44.99,15,152.97,Delivered
O000312,C0072,2023-03-16,Sports,Dumbbells,2,59.99,10,107.98,Delivered
O000313,C0073,2022-03-26,Electronics,Laptop Stand,5,49.99,0,249.95,Delivered
O000314,C0073,2023-06-16,Toys,LEGO Set,2,49.99,15,84.98,Delivered
O000315,C0073,2023-03-13,Electronics,Webcam,3,79.99,0,239.97,Delivered
O000316,C0073,2022-02-23,Food & Drink,Nuts Mix,3,12.99,5,37.02,Delivered
O000317,C0073,2023-11-01,Sports,Water Bottle,1,19.99,15,16.99,Delivered
O000318,C0073,2022-09-27,Toys,Stuffed Animal,3,19.99,5,56.97,Delivered
O000319,C0073,2023-06-13,Clothing,Jeans,1,59.99,0,59.99,Delivered
O000320,C0073,2023-07-30,Clothing,T-Shirt,1,19.99,10,17.99,Delivered
O000321,C0073,2023-11-07,Food & Drink,Nuts Mix,5,12.99,0,64.95,Delivered
O000322,C0074,2021-04-03,Food & Drink,Protein Bar,1,2.99,0,2.99,Delivered
O000323,C0074,2022-01-14,Food & Drink,Tea Collection,1,24.99,5,23.74,Delivered
O000324,C0074,2021-05-02,Electronics,Webcam,5,79.99,20,319.96,Delivered
O000325,C0074,2022-10-18,Electronics,USB Hub,4,29.99,20,95.97,Delivered
O000326,C0074,2021-05-11,Home & Garden,Plant Pot,3,14.99,15,38.22,Delivered
O000327,C0074,2021-09-18,Toys,LEGO Set,4,49.99,10,179.96,Delivered
O000328,C0074,2021-06-26,Toys,Puzzle,5,19.99,0,99.95,Delivered
O000329,C0075,2023-11-12,Toys,Puzzle,1,19.99,10,17.99,Delivered
O000330,C0075,2023-08-06,Books,Novel,4,12.99,0,51.96,Delivered
O000331,C0075,2022-10-24,Electronics,Mouse,3,39.99,10,107.97,Delivered
O000332,C0075,2022-05-27,Toys,Art Kit,2,24.99,10,44.98,Delivered
O000333,C0075,2022-02-22,Clothing,T-Shirt,1,19.99,0,19.99,Delivered
O000334,C0075,2023-07-16,Books,Travel Guide,4,16.99,20,54.37,Delivered
O000335,C0075,2023-01-04,Home & Garden,Plant Pot,2,14.99,0,29.98,Delivered
O000336,C0075,2023-06-17,Home & Garden,Plant Pot,4,14.99,0,59.96,Delivered
O000337,C0075,2022-06-17,Books,Data Science Guide,1,44.99,10,40.49,Delivered
O000338,C0075,2023-06-13,Clothing,Dress,3,49.99,0,149.97,Delivered
O000339,C0075,2023-10-28,Sports,Water Bottle,1,19.99,0,19.99,Delivered
O000340,C0076,2023-05-19,Beauty,Serum,3,54.99,0,164.97,Delivered
O000341,C0076,2023-06-30,Sports,Yoga Mat,2,39.99,10,71.98,Delivered
O000342,C0076,2023-06-21,Home & Garden,Rug,4,129.99,20,415.97,Delivered
O000343,C0076,2023-11-09,Home & Garden,Plant Pot,2,14.99,0,29.98,Delivered
O000344,C0076,2023-07-27,Books,Cookbook,5,24.99,0,124.95,Delivered
O000345,C0076,2023-10-19,Clothing,Jacket,2,89.99,20,143.98,Delivered
O000346,C0076,2023-05-07,Home & Garden,Cushion,5,34.99,20,139.96,Delivered
O000347,C0076,2023-12-06,Home & Garden,Cushion,4,34.99,0,139.96,Returned
O000348,C0076,2022-10-27,Electronics,Webcam,3,79.99,20,191.98,Delivered
O000349,C0076,2023-06-08,Beauty,Perfume,3,79.99,20,191.98,Delivered
O000350,C0076,2023-12-03,Books,Travel Guide,1,16.99,0,16.99,Returned
O000351,C0077,2023-03-14,Electronics,Laptop Stand,4,49.99,10,179.96,Delivered
O000352,C0078,2023-11-24,Clothing,Dress,1,49.99,15,42.49,Delivered
O000353,C0078,2023-11-24,Electronics,Mouse,4,39.99,0,159.96,Delivered
O000354,C0078,2023-12-22,Food & Drink,Olive Oil,1,16.99,0,16.99,Delivered
O000355,C0078,2023-11-22,Clothing,Sneakers,5,79.99,0,399.95,Delivered
O000356,C0078,2023-12-29,Food & Drink,Protein Bar,4,2.99,0,11.96,Delivered
O000357,C0078,2023-12-15,Clothing,Jacket,1,89.99,20,71.99,Delivered
O000358,C0078,2023-12-24,Clothing,Sneakers,2,79.99,10,143.98,Delivered
O000359,C0079,2023-07-19,Clothing,Dress,2,49.99,0,99.98,Delivered
O000360,C0079,2023-12-25,Books,Data Science Guide,1,44.99,5,42.74,Delivered
O000361,C0079,2023-09-29,Home & Garden,Lamp,2,69.99,0,139.98,Delivered
O000362,C0079,2023-07-17,Beauty,Lip Balm,3,8.99,0,26.97,Delivered
O000363,C0079,2023-04-08,Electronics,Laptop Stand,3,49.99,20,119.98,Delivered
O000364,C0080,2023-07-26,Clothing,Sneakers,2,79.99,20,127.98,Returned
O000365,C0081,2023-09-03,Electronics,Headphones,2,149.99,5,284.98,Delivered
O000366,C0081,2023-11-12,Clothing,T-Shirt,2,19.99,15,33.98,Delivered
O000367,C0081,2023-06-26,Clothing,Dress,4,49.99,0,199.96,Delivered
O000368,C0081,2023-07-29,Clothing,Jacket,1,89.99,0,89.99,Delivered
O000369,C0081,2023-04-22,Clothing,T-Shirt,5,19.99,0,99.95,Delivered
O000370,C0082,2023-06-28,Home & Garden,Plant Pot,4,14.99,0,59.96,Delivered
O000371,C0082,2023-09-16,Sports,Skipping Rope,1,9.99,0,9.99,Delivered
O000372,C0082,2023-08-01,Books,Novel,4,12.99,0,51.96,Delivered
O000373,C0082,2023-11-05,Electronics,USB Hub,4,29.99,5,113.96,Delivered
O000374,C0082,2023-09-11,Books,Data Science Guide,3,44.99,20,107.98,Delivered
O000375,C0083,2023-05-01,Food & Drink,Protein Bar,2,2.99,0,5.98,Delivered
O000376,C0083,2023-08-31,Beauty,Lip Balm,4,8.99,20,28.77,Delivered
O000377,C0083,2023-08-13,Beauty,Shampoo,4,14.99,0,59.96,Returned
O000378,C0083,2023-03-01,Beauty,Serum,1,54.99,0,54.99,Delivered
O000379,C0083,2022-08-30,Electronics,USB Hub,4,29.99,20,95.97,Returned
O000380,C0083,2023-09-29,Electronics,Mouse,4,39.99,10,143.96,Delivered
O000381,C0083,2023-07-20,Sports,Dumbbells,1,59.99,0,59.99,Delivered
O000382,C0083,2022-11-27,Home & Garden,Candle Set,2,24.99,0,49.98,Delivered
O000383,C0083,2023-02-02,Sports,Resistance Band,2,14.99,5,28.48,Delivered
O000384,C0084,2023-10-28,Beauty,Lip Balm,5,8.99,0,44.95,Delivered
O000385,C0084,2022-09-26,Clothing,T-Shirt,3,19.99,0,59.97,Delivered
O000386,C0084,2023-09-04,Books,Travel Guide,1,16.99,10,15.29,Delivered
O000387,C0084,2023-12-23,Electronics,Webcam,3,79.99,5,227.97,Delivered
O000388,C0084,2022-10-08,Books,Python Cookbook,3,34.99,20,83.98,Delivered
O000389,C0084,2022-12-27,Toys,Art Kit,5,24.99,0,124.95,Delivered
O000390,C0084,2022-07-15,Sports,Skipping Rope,4,9.99,0,39.96,Delivered
O000391,C0084,2023-01-14,Electronics,Webcam,1,79.99,0,79.99,Returned
O000392,C0084,2022-10-03,Beauty,Shampoo,5,14.99,5,71.2,Delivered
O000393,C0085,2023-09-07,Books,Python Cookbook,2,34.99,5,66.48,Delivered
O000394,C0085,2023-10-25,Electronics,Mouse,5,39.99,15,169.96,Delivered
O000395,C0085,2023-11-28,Beauty,Lip Balm,3,8.99,0,26.97,Delivered
O000396,C0085,2023-06-07,Beauty,Shampoo,2,14.99,15,25.48,Delivered
O000397,C0085,2023-11-26,Food & Drink,Coffee Beans,3,19.99,0,59.97,Delivered
O000398,C0085,2023-06-15,Home & Garden,Candle Set,4,24.99,0,99.96,Delivered
O000399,C0085,2023-06-28,Toys,Art Kit,2,24.99,20,39.98,Delivered
O000400,C0086,2022-06-12,Electronics,USB Hub,5,29.99,0,149.95,Delivered
O000401,C0086,2023-12-18,Toys,Art Kit,5,24.99,20,99.96,Delivered
O000402,C0086,2022-11-19,Sports,Yoga Mat,3,39.99,0,119.97,Delivered
O000403,C0086,2022-08-09,Toys,Stuffed Animal,2,19.99,20,31.98,Delivered
O000404,C0086,2022-04-18,Toys,Stuffed Animal,2,19.99,20,31.98,Delivered
O000405,C0086,2022-08-19,Food & Drink,Protein Bar,3,2.99,15,7.62,Delivered
O000406,C0086,2023-05-31,Sports,Water Bottle,5,19.99,10,89.95,Delivered
O000407,C0086,2023-05-05,Home & Garden,Candle Set,4,24.99,15,84.97,Delivered
O000408,C0086,2023-08-12,Food & Drink,Nuts Mix,5,12.99,15,55.21,Delivered
O000409,C0086,2023-02-03,Clothing,Jacket,5,89.99,0,449.95,Delivered
O000410,C0086,2022-03-05,Beauty,Perfume,5,79.99,20,319.96,Delivered
O000411,C0087,2023-07-22,Books,Python Cookbook,2,34.99,0,69.98,Delivered
O000412,C0087,2023-09-06,Sports,Yoga Mat,4,39.99,0,159.96,Returned
O000413,C0087,2023-12-11,Sports,Resistance Band,5,14.99,0,74.95,Delivered
O000414,C0087,2023-07-22,Toys,LEGO Set,1,49.99,10,44.99,Delivered
O000415,C0087,2023-12-19,Electronics,Mouse,3,39.99,0,119.97,Delivered
O000416,C0088,2023-07-07,Clothing,Jeans,1,59.99,15,50.99,Delivered
O000417,C0088,2022-01-10,Beauty,Lip Balm,1,8.99,15,7.64,Delivered
O000418,C0088,2023-01-01,Food & Drink,Coffee Beans,2,19.99,0,39.98,Delivered
O000419,C0089,2022-10-11,Toys,Stuffed Animal,5,19.99,0,99.95,Delivered
O000420,C0089,2023-01-16,Home & Garden,Plant Pot,4,14.99,0,59.96,Delivered
O000421,C0089,2022-04-25,Beauty,Shampoo,3,14.99,0,44.97,Delivered
O000422,C0090,2023-03-31,Books,Python Cookbook,3,34.99,15,89.22,Delivered
O000423,C0090,2022-12-07,Clothing,Sneakers,3,79.99,20,191.98,Delivered
O000424,C0090,2022-10-04,Sports,Yoga Mat,4,39.99,0,159.96,Delivered
O000425,C0090,2023-11-19,Beauty,Lip Balm,5,8.99,0,44.95,Delivered
O000426,C0090,2023-10-22,Beauty,Serum,3,54.99,0,164.97,Delivered
O000427,C0090,2023-07-21,Toys,LEGO Set,1,49.99,0,49.99,Delivered
O000428,C0090,2023-01-16,Toys,Stuffed Animal,5,19.99,0,99.95,Delivered
O000429,C0090,2023-11-18,Clothing,Dress,5,49.99,0,249.95,Delivered
O000430,C0090,2023-05-14,Beauty,Shampoo,4,14.99,0,59.96,Delivered
O000431,C0090,2023-12-31,Electronics,Mouse,5,39.99,10,179.96,Delivered
O000432,C0090,2023-08-31,Clothing,T-Shirt,3,19.99,10,53.97,Delivered
O000433,C0091,2022-12-30,Toys,Stuffed Animal,2,19.99,10,35.98,Delivered
O000434,C0091,2021-08-03,Sports,Water Bottle,3,19.99,0,59.97,Delivered
O000435,C0092,2022-11-27,Sports,Dumbbells,3,59.99,10,161.97,Returned
O000436,C0092,2022-11-22,Electronics,Laptop Stand,3,49.99,10,134.97,Delivered
O000437,C0092,2023-12-14,Toys,Art Kit,2,24.99,10,44.98,Delivered
O000438,C0092,2023-07-02,Toys,Stuffed Animal,1,19.99,5,18.99,Delivered
O000439,C0093,2023-12-16,Food & Drink,Coffee Beans,4,19.99,0,79.96,Delivered
O000440,C0094,2023-03-19,Books,Data Science Guide,5,44.99,5,213.7,Delivered
O000441,C0094,2022-11-30,Beauty,Lip Balm,5,8.99,20,35.96,Delivered
O000442,C0094,2023-11-12,Clothing,Sneakers,5,79.99,10,359.95,Delivered
O000443,C0094,2023-05-26,Books,Python Cookbook,5,34.99,0,174.95,Delivered
O000444,C0094,2023-01-10,Food & Drink,Nuts Mix,4,12.99,15,44.17,Delivered
O000445,C0094,2022-08-16,Toys,Stuffed Animal,2,19.99,10,35.98,Delivered
O000446,C0095,2022-02-16,Beauty,Serum,1,54.99,0,54.99,Delivered
O000447,C0095,2023-03-09,Sports,Dumbbells,4,59.99,20,191.97,Delivered
O000448,C0095,2023-03-12,Books,Cookbook,1,24.99,0,24.99,Delivered
O000449,C0095,2023-08-30,Clothing,T-Shirt,2,19.99,20,31.98,Delivered
O000450,C0096,2022-01-31,Electronics,Mouse,4,39.99,0,159.96,Returned
O000451,C0097,2023-07-27,Books,Data Science Guide,1,44.99,10,40.49,Delivered
O000452,C0097,2021-08-15,Clothing,Jacket,4,89.99,5,341.96,Delivered
O000453,C0097,2023-03-29,Food & Drink,Olive Oil,4,16.99,0,67.96,Delivered
O000454,C0097,2023-01-16,Books,Python Cookbook,1,34.99,0,34.99,Delivered
O000455,C0097,2023-04-23,Electronics,USB Hub,2,29.99,15,50.98,Delivered
O000456,C0097,2023-05-02,Beauty,Serum,4,54.99,0,219.96,Delivered
O000457,C0097,2023-04-09,Toys,LEGO Set,4,49.99,0,199.96,Delivered
O000458,C0097,2021-12-07,Sports,Yoga Mat,1,39.99,0,39.99,Delivered
O000459,C0098,2022-12-24,Books,Cookbook,1,24.99,0,24.99,Delivered
O000460,C0098,2023-06-24,Food & Drink,Tea Collection,2,24.99,0,49.98,Delivered
O000461,C0098,2022-11-08,Home & Garden,Lamp,5,69.99,10,314.95,Delivered
O000462,C0098,2023-06-30,Sports,Yoga Mat,4,39.99,0,159.96,Delivered
O000463,C0099,2022-11-21,Clothing,Jacket,5,89.99,0,449.95,Delivered
O000464,C0099,2022-09-28,Beauty,Shampoo,4,14.99,0,59.96,Delivered
O000465,C0099,2023-07-23,Electronics,Webcam,2,79.99,20,127.98,Delivered
O000466,C0099,2023-02-15,Sports,Yoga Mat,1,39.99,10,35.99,Delivered
O000467,C0099,2023-12-09,Electronics,USB Hub,2,29.99,5,56.98,Delivered
O000468,C0099,2023-01-14,Food & Drink,Tea Collection,5,24.99,0,124.95,Delivered
O000469,C0100,2023-03-15,Beauty,Face Cream,1,39.99,0,39.99,Delivered
O000470,C0100,2023-04-03,Home & Garden,Lamp,1,69.99,0,69.99,Delivered
O000471,C0100,2023-11-12,Sports,Resistance Band,4,14.99,20,47.97,Delivered
O000472,C0100,2023-04-15,Electronics,Laptop Stand,1,49.99,10,44.99,Delivered
O000473,C0100,2023-06-09,Electronics,Mouse,2,39.99,0,79.98,Delivered
O000474,C0100,2023-06-21,Electronics,Mouse,2,39.99,10,71.98,Delivered
O000475,C0101,2021-08-31,Home & Garden,Candle Set,1,24.99,5,23.74,Delivered
O000476,C0102,2022-03-08,Electronics,Headphones,3,149.99,15,382.47,Delivered
O000477,C0102,2021-11-08,Electronics,Mouse,1,39.99,0,39.99,Delivered
O000478,C0102,2023-12-05,Beauty,Lip Balm,1,8.99,0,8.99,Delivered
O000479,C0102,2023-09-15,Beauty,Face Cream,3,39.99,5,113.97,Delivered
O000480,C0102,2022-10-14,Clothing,T-Shirt,3,19.99,0,59.97,Delivered
O000481,C0103,2023-08-15,Clothing,Sneakers,2,79.99,15,135.98,Delivered
O000482,C0103,2023-07-04,Toys,Puzzle,3,19.99,15,50.97,Delivered
O000483,C0103,2023-09-07,Beauty,Face Cream,2,39.99,0,79.98,Delivered
O000484,C0103,2023-09-08,Clothing,Jeans,3,59.99,20,143.98,Delivered
O000485,C0104,2023-07-31,Electronics,USB Hub,5,29.99,0,149.95,Returned
O000486,C0104,2023-09-02,Food & Drink,Coffee Beans,3,19.99,0,59.97,Delivered
O000487,C0104,2023-10-17,Electronics,Laptop Stand,3,49.99,5,142.47,Delivered
O000488,C0104,2023-07-22,Toys,Puzzle,5,19.99,0,99.95,Delivered
O000489,C0104,2023-09-23,Beauty,Perfume,4,79.99,20,255.97,Delivered
O000490,C0104,2023-09-13,Food & Drink,Coffee Beans,4,19.99,5,75.96,Delivered
O000491,C0104,2023-10-21,Sports,Resistance Band,1,14.99,5,14.24,Delivered
O000492,C0104,2023-11-24,Beauty,Lip Balm,3,8.99,5,25.62,Delivered
O000493,C0104,2023-09-28,Sports,Yoga Mat,4,39.99,0,159.96,Delivered
O000494,C0104,2023-12-21,Books,Data Science Guide,4,44.99,15,152.97,Delivered
O000495,C0105,2023-10-23,Books,Data Science Guide,4,44.99,0,179.96,Delivered
O000496,C0105,2023-05-05,Clothing,Jeans,3,59.99,0,179.97,Delivered
O000497,C0106,2022-06-19,Clothing,Dress,5,49.99,10,224.96,Delivered
O000498,C0106,2021-10-10,Clothing,Jeans,2,59.99,20,95.98,Delivered
O000499,C0106,2023-07-28,Home & Garden,Cushion,2,34.99,0,69.98,Delivered
O000500,C0106,2022-04-05,Books,Data Science Guide,1,44.99,0,44.99,Delivered
O000501,C0106,2023-11-18,Clothing,Jacket,5,89.99,0,449.95,Delivered
O000502,C0107,2022-12-27,Toys,Puzzle,5,19.99,0,99.95,Delivered
O000503,C0107,2023-12-08,Beauty,Face Cream,4,39.99,5,151.96,Delivered
O000504,C0107,2021-12-19,Books,Cookbook,3,24.99,5,71.22,Delivered
O000505,C0107,2022-07-13,Clothing,T-Shirt,2,19.99,15,33.98,Delivered
O000506,C0107,2021-10-07,Sports,Water Bottle,3,19.99,5,56.97,Delivered
O000507,C0107,2022-06-07,Beauty,Serum,4,54.99,0,219.96,Returned
O000508,C0107,2021-10-19,Sports,Yoga Mat,1,39.99,0,39.99,Delivered
O000509,C0108,2023-10-18,Electronics,USB Hub,5,29.99,0,149.95,Delivered
O000510,C0108,2023-07-04,Food & Drink,Nuts Mix,3,12.99,0,38.97,Delivered
O000511,C0109,2022-07-12,Books,Novel,4,12.99,15,44.17,Delivered
O000512,C0109,2022-03-03,Clothing,Jeans,4,59.99,15,203.97,Delivered
O000513,C0109,2023-05-19,Books,Data Science Guide,1,44.99,20,35.99,Delivered
O000514,C0109,2022-01-16,Toys,Art Kit,1,24.99,20,19.99,Delivered
O000515,C0109,2023-09-02,Toys,Art Kit,2,24.99,20,39.98,Delivered
O000516,C0110,2023-06-28,Food & Drink,Tea Collection,2,24.99,20,39.98,Delivered
O000517,C0110,2023-04-08,Food & Drink,Nuts Mix,3,12.99,0,38.97,Delivered
O000518,C0110,2023-05-15,Beauty,Lip Balm,4,8.99,10,32.36,Delivered
O000519,C0110,2022-11-21,Toys,Board Game,4,34.99,5,132.96,Delivered
O000520,C0110,2023-02-05,Toys,Board Game,4,34.99,0,139.96,Delivered
O000521,C0111,2023-08-09,Clothing,Jeans,2,59.99,0,119.98,Delivered
O000522,C0112,2022-01-27,Sports,Water Bottle,1,19.99,20,15.99,Delivered
O000523,C0112,2021-09-23,Books,Novel,2,12.99,0,25.98,Delivered
O000524,C0113,2023-11-28,Books,Cookbook,1,24.99,5,23.74,Delivered
O000525,C0113,2023-12-11,Home & Garden,Lamp,4,69.99,0,279.96,Delivered
O000526,C0113,2023-11-12,Books,Cookbook,1,24.99,20,19.99,Delivered
O000527,C0113,2023-12-11,Beauty,Face Cream,1,39.99,0,39.99,Delivered
O000528,C0113,2023-11-11,Home & Garden,Plant Pot,2,14.99,15,25.48,Delivered
O000529,C0113,2023-11-25,Electronics,Headphones,2,149.99,15,254.98,Returned
O000530,C0113,2023-12-29,Sports,Yoga Mat,4,39.99,15,135.97,Delivered
O000531,C0113,2023-10-20,Electronics,Headphones,2,149.99,20,239.98,Delivered
O000532,C0114,2022-10-15,Food & Drink,Protein Bar,2,2.99,0,5.98,Delivered
O000533,C0115,2023-10-15,Books,Python Cookbook,2,34.99,5,66.48,Delivered
O000534,C0115,2022-02-08,Sports,Dumbbells,3,59.99,0,179.97,Delivered
O000535,C0115,2023-05-14,Food & Drink,Tea Collection,4,24.99,10,89.96,Delivered
O000536,C0116,2023-11-20,Books,Python Cookbook,3,34.99,15,89.22,Delivered
O000537,C0116,2023-11-13,Toys,Stuffed Animal,4,19.99,0,79.96,Delivered
O000538,C0116,2023-12-24,Electronics,Headphones,2,149.99,0,299.98,Delivered
O000539,C0116,2023-12-15,Toys,Board Game,5,34.99,0,174.95,Delivered
O000540,C0116,2023-12-07,Toys,LEGO Set,1,49.99,20,39.99,Delivered
O000541,C0116,2023-12-26,Books,Cookbook,2,24.99,0,49.98,Delivered
O000542,C0116,2023-12-13,Clothing,Dress,4,49.99,20,159.97,Delivered
O000543,C0117,2022-07-09,Books,Cookbook,3,24.99,0,74.97,Delivered
O000544,C0118,2023-08-10,Home & Garden,Plant Pot,2,14.99,0,29.98,Delivered
O000545,C0118,2023-11-16,Clothing,T-Shirt,1,19.99,15,16.99,Delivered
O000546,C0119,2022-01-03,Electronics,Webcam,1,79.99,15,67.99,Delivered
O000547,C0119,2022-12-15,Beauty,Serum,3,54.99,0,164.97,Delivered
O000548,C0119,2022-12-24,Food & Drink,Nuts Mix,1,12.99,0,12.99,Delivered
O000549,C0119,2023-01-27,Clothing,Jacket,5,89.99,20,359.96,Delivered
O000550,C0119,2022-03-10,Sports,Yoga Mat,5,39.99,5,189.95,Delivered
O000551,C0119,2023-12-06,Clothing,Jacket,4,89.99,0,359.96,Delivered
O000552,C0119,2022-10-20,Beauty,Serum,1,54.99,0,54.99,Delivered
O000553,C0119,2023-12-12,Food & Drink,Protein Bar,3,2.99,5,8.52,Delivered
O000554,C0119,2022-04-14,Food & Drink,Coffee Beans,1,19.99,0,19.99,Returned
O000555,C0119,2022-04-15,Beauty,Shampoo,3,14.99,0,44.97,Delivered
O000556,C0119,2021-12-28,Electronics,Webcam,2,79.99,0,159.98,Delivered
O000557,C0119,2022-04-08,Clothing,Jeans,5,59.99,5,284.95,Delivered
O000558,C0119,2022-04-25,Toys,Puzzle,2,19.99,5,37.98,Delivered
O000559,C0120,2023-06-13,Toys,Puzzle,4,19.99,0,79.96,Delivered
O000560,C0121,2023-08-29,Sports,Skipping Rope,2,9.99,5,18.98,Delivered
O000561,C0121,2023-09-21,Books,Data Science Guide,3,44.99,5,128.22,Delivered
O000562,C0121,2023-12-01,Beauty,Perfume,2,79.99,0,159.98,Delivered
O000563,C0122,2023-07-05,Books,Cookbook,4,24.99,5,94.96,Delivered
O000564,C0122,2022-12-01,Home & Garden,Plant Pot,2,14.99,5,28.48,Delivered
O000565,C0122,2023-09-13,Clothing,Sneakers,5,79.99,5,379.95,Delivered
O000566,C0122,2023-06-29,Toys,Art Kit,2,24.99,0,49.98,Delivered
O000567,C0122,2023-02-19,Toys,Stuffed Animal,4,19.99,10,71.96,Delivered
O000568,C0123,2022-11-14,Books,Cookbook,5,24.99,10,112.45,Delivered
O000569,C0123,2022-05-26,Sports,Skipping Rope,4,9.99,0,39.96,Delivered
O000570,C0123,2022-02-20,Clothing,Jacket,5,89.99,15,382.46,Delivered
O000571,C0123,2022-04-20,Food & Drink,Olive Oil,5,16.99,5,80.7,Delivered
O000572,C0123,2022-06-07,Sports,Water Bottle,2,19.99,0,39.98,Delivered
O000573,C0123,2022-07-05,Electronics,Mouse,5,39.99,5,189.95,Delivered
O000574,C0124,2023-12-14,Sports,Skipping Rope,1,9.99,15,8.49,Delivered
O000575,C0124,2022-07-21,Home & Garden,Plant Pot,2,14.99,10,26.98,Delivered
O000576,C0124,2023-12-10,Home & Garden,Lamp,4,69.99,10,251.96,Delivered
O000577,C0124,2022-11-02,Books,Novel,4,12.99,0,51.96,Delivered
O000578,C0124,2023-07-24,Toys,Puzzle,2,19.99,20,31.98,Delivered
O000579,C0124,2022-06-28,Sports,Water Bottle,5,19.99,0,99.95,Delivered
O000580,C0124,2023-11-13,Home & Garden,Rug,2,129.99,0,259.98,Delivered
O000581,C0124,2022-10-22,Books,Data Science Guide,1,44.99,20,35.99,Delivered
O000582,C0125,2023-09-18,Sports,Water Bottle,3,19.99,10,53.97,Delivered
O000583,C0125,2023-02-07,Sports,Yoga Mat,1,39.99,0,39.99,Delivered
O000584,C0125,2023-08-30,Books,Data Science Guide,3,44.99,15,114.72,Delivered
O000585,C0126,2023-11-01,Toys,Puzzle,3,19.99,20,47.98,Delivered
O000586,C0127,2023-11-30,Home & Garden,Candle Set,4,24.99,0,99.96,Delivered
O000587,C0127,2023-05-10,Home & Garden,Plant Pot,1,14.99,0,14.99,Delivered
O000588,C0127,2023-11-13,Books,Novel,1,12.99,20,10.39,Delivered
O000589,C0127,2023-06-18,Toys,LEGO Set,2,49.99,0,99.98,Delivered
O000590,C0127,2023-08-26,Beauty,Face Cream,2,39.99,10,71.98,Delivered
O000591,C0128,2021-09-12,Food & Drink,Coffee Beans,1,19.99,0,19.99,Delivered
O000592,C0128,2023-04-27,Food & Drink,Nuts Mix,5,12.99,5,61.7,Delivered
O000593,C0128,2023-05-20,Books,Python Cookbook,1,34.99,20,27.99,Delivered
O000594,C0128,2021-09-03,Home & Garden,Cushion,2,34.99,10,62.98,Delivered
O000595,C0128,2022-09-18,Home & Garden,Rug,4,129.99,0,519.96,Delivered
O000596,C0128,2023-06-11,Books,Cookbook,1,24.99,0,24.99,Delivered
O000597,C0129,2023-11-18,Electronics,USB Hub,4,29.99,15,101.97,Delivered
O000598,C0129,2023-10-22,Sports,Yoga Mat,2,39.99,0,79.98,Delivered
O000599,C0129,2023-12-10,Books,Python Cookbook,4,34.99,10,125.96,Delivered
O000600,C0129,2023-10-30,Electronics,Headphones,4,149.99,20,479.97,Delivered
O000601,C0129,2023-10-16,Food & Drink,Coffee Beans,4,19.99,20,63.97,Delivered
O000602,C0130,2021-08-05,Beauty,Serum,1,54.99,0,54.99,Delivered
O000603,C0131,2023-10-05,Home & Garden,Lamp,3,69.99,10,188.97,Delivered
O000604,C0131,2023-11-19,Food & Drink,Coffee Beans,2,19.99,5,37.98,Delivered
O000605,C0131,2023-12-14,Food & Drink,Nuts Mix,5,12.99,5,61.7,Delivered
O000606,C0131,2023-12-21,Food & Drink,Nuts Mix,1,12.99,0,12.99,Delivered
O000607,C0131,2023-11-18,Home & Garden,Lamp,3,69.99,5,199.47,Delivered
O000608,C0131,2023-12-11,Electronics,Headphones,4,149.99,15,509.97,Delivered
O000609,C0131,2023-10-23,Electronics,USB Hub,3,29.99,20,71.98,Delivered
O000610,C0131,2023-10-12,Sports,Yoga Mat,3,39.99,5,113.97,Delivered
O000611,C0132,2023-05-23,Food & Drink,Protein Bar,3,2.99,10,8.07,Delivered
O000612,C0133,2023-11-08,Clothing,Jacket,2,89.99,0,179.98,Delivered
O000613,C0133,2023-03-29,Home & Garden,Rug,3,129.99,0,389.97,Delivered
O000614,C0133,2022-10-17,Sports,Skipping Rope,2,9.99,0,19.98,Delivered
O000615,C0133,2022-10-21,Clothing,Jacket,4,89.99,0,359.96,Delivered
O000616,C0133,2022-10-04,Sports,Resistance Band,1,14.99,5,14.24,Delivered
O000617,C0134,2023-09-15,Beauty,Serum,4,54.99,20,175.97,Delivered
O000618,C0134,2023-09-02,Food & Drink,Coffee Beans,3,19.99,0,59.97,Delivered
O000619,C0134,2023-07-27,Electronics,Mouse,3,39.99,15,101.97,Delivered
O000620,C0134,2023-07-12,Toys,Stuffed Animal,5,19.99,0,99.95,Delivered
O000621,C0134,2023-07-21,Beauty,Serum,5,54.99,0,274.95,Delivered
O000622,C0134,2023-08-30,Sports,Skipping Rope,5,9.99,15,42.46,Delivered
O000623,C0134,2023-07-29,Beauty,Shampoo,5,14.99,15,63.71,Delivered
O000624,C0134,2023-08-09,Home & Garden,Plant Pot,4,14.99,5,56.96,Delivered
O000625,C0134,2023-08-15,Toys,Puzzle,1,19.99,0,19.99,Delivered
O000626,C0134,2023-09-17,Sports,Resistance Band,2,14.99,15,25.48,Delivered
O000627,C0134,2023-10-12,Toys,Board Game,2,34.99,0,69.98,Delivered
O000628,C0134,2023-11-10,Electronics,USB Hub,4,29.99,20,95.97,Delivered
O000629,C0134,2023-10-09,Toys,Stuffed Animal,1,19.99,0,19.99,Delivered
O000630,C0135,2023-05-14,Beauty,Serum,4,54.99,0,219.96,Delivered
O000631,C0135,2021-07-02,Clothing,Jacket,5,89.99,0,449.95,Delivered
O000632,C0135,2021-08-10,Clothing,Jacket,2,89.99,15,152.98,Delivered
O000633,C0136,2022-12-09,Sports,Resistance Band,2,14.99,0,29.98,Delivered
O000634,C0136,2023-03-25,Sports,Water Bottle,1,19.99,10,17.99,Delivered
O000635,C0136,2022-10-06,Sports,Dumbbells,1,59.99,0,59.99,Delivered
O000636,C0136,2023-05-02,Electronics,Webcam,5,79.99,0,399.95,Delivered
O000637,C0136,2022-09-30,Sports,Resistance Band,1,14.99,20,11.99,Delivered
O000638,C0136,2023-11-12,Books,Data Science Guide,1,44.99,15,38.24,Delivered
O000639,C0136,2023-04-20,Toys,Art Kit,1,24.99,5,23.74,Returned
O000640,C0136,2023-04-12,Sports,Resistance Band,4,14.99,0,59.96,Delivered
O000641,C0136,2022-11-22,Food & Drink,Protein Bar,2,2.99,5,5.68,Delivered
O000642,C0136,2023-02-04,Food & Drink,Olive Oil,4,16.99,20,54.37,Delivered
O000643,C0136,2023-09-20,Food & Drink,Coffee Beans,5,19.99,10,89.95,Delivered
O000644,C0137,2023-10-21,Clothing,Jacket,3,89.99,5,256.47,Delivered
O000645,C0137,2023-11-22,Home & Garden,Plant Pot,2,14.99,15,25.48,Delivered
O000646,C0137,2023-11-27,Electronics,Mouse,4,39.99,15,135.97,Delivered
O000647,C0138,2023-01-30,Clothing,Jacket,4,89.99,10,323.96,Delivered
O000648,C0139,2022-10-24,Home & Garden,Plant Pot,3,14.99,10,40.47,Delivered
O000649,C0139,2023-08-11,Clothing,Jeans,1,59.99,0,59.99,Delivered
O000650,C0139,2022-11-04,Food & Drink,Olive Oil,2,16.99,20,27.18,Delivered
O000651,C0139,2023-10-31,Clothing,Jeans,3,59.99,15,152.97,Delivered
O000652,C0139,2023-03-14,Toys,Stuffed Animal,5,19.99,0,99.95,Delivered
O000653,C0139,2023-05-04,Toys,Puzzle,5,19.99,0,99.95,Delivered
O000654,C0139,2023-03-02,Clothing,Sneakers,5,79.99,15,339.96,Delivered
O000655,C0139,2023-12-24,Books,Novel,5,12.99,5,61.7,Delivered
O000656,C0139,2022-09-28,Sports,Resistance Band,1,14.99,15,12.74,Delivered
O000657,C0139,2023-05-03,Clothing,Dress,2,49.99,0,99.98,Delivered
O000658,C0139,2023-07-29,Beauty,Shampoo,4,14.99,5,56.96,Returned
O000659,C0139,2023-04-24,Food & Drink,Nuts Mix,5,12.99,20,51.96,Delivered
O000660,C0139,2023-12-27,Electronics,Mouse,4,39.99,0,159.96,Returned
O000661,C0139,2022-10-29,Clothing,Jeans,3,59.99,0,179.97,Delivered
O000662,C0139,2023-12-25,Books,Cookbook,4,24.99,5,94.96,Delivered
O000663,C0139,2022-10-20,Home & Garden,Candle Set,1,24.99,0,24.99,Delivered
O000664,C0139,2023-08-29,Home & Garden,Candle Set,3,24.99,10,67.47,Delivered
O000665,C0139,2023-10-05,Toys,Puzzle,4,19.99,20,63.97,Delivered
O000666,C0140,2023-09-24,Toys,Board Game,5,34.99,20,139.96,Returned
O000667,C0140,2023-05-24,Toys,Art Kit,2,24.99,0,49.98,Delivered
O000668,C0140,2023-11-13,Books,Novel,4,12.99,20,41.57,Delivered
O000669,C0140,2023-09-23,Beauty,Shampoo,5,14.99,0,74.95,Delivered
O000670,C0140,2022-10-31,Beauty,Shampoo,3,14.99,0,44.97,Delivered
O000671,C0140,2022-10-23,Books,Python Cookbook,4,34.99,0,139.96,Delivered
O000672,C0140,2023-06-01,Clothing,Jacket,5,89.99,5,427.45,Delivered
O000673,C0141,2023-07-06,Books,Python Cookbook,1,34.99,10,31.49,Delivered
O000674,C0141,2023-12-26,Electronics,Laptop Stand,4,49.99,10,179.96,Delivered
O000675,C0141,2023-11-03,Toys,Art Kit,2,24.99,0,49.98,Delivered
O000676,C0141,2023-08-02,Home & Garden,Lamp,4,69.99,0,279.96,Delivered
O000677,C0141,2023-11-30,Books,Novel,4,12.99,5,49.36,Returned
O000678,C0141,2023-06-19,Toys,LEGO Set,1,49.99,0,49.99,Returned
O000679,C0142,2023-11-06,Electronics,Webcam,2,79.99,10,143.98,Delivered
O000680,C0143,2023-08-31,Sports,Skipping Rope,2,9.99,15,16.98,Delivered
O000681,C0144,2023-10-08,Books,Data Science Guide,2,44.99,10,80.98,Delivered
O000682,C0144,2021-10-03,Sports,Yoga Mat,1,39.99,20,31.99,Delivered
O000683,C0144,2021-12-02,Beauty,Lip Balm,3,8.99,15,22.92,Delivered
O000684,C0144,2023-12-21,Electronics,Webcam,2,79.99,0,159.98,Delivered
O000685,C0144,2023-08-18,Home & Garden,Candle Set,4,24.99,5,94.96,Delivered
O000686,C0145,2022-08-04,Food & Drink,Tea Collection,2,24.99,20,39.98,Delivered
O000687,C0145,2022-11-24,Beauty,Shampoo,1,14.99,15,12.74,Delivered
O000688,C0145,2022-04-20,Beauty,Serum,3,54.99,5,156.72,Delivered
O000689,C0145,2022-02-22,Clothing,Jacket,3,89.99,15,229.47,Delivered
O000690,C0145,2023-08-17,Toys,Board Game,5,34.99,0,174.95,Delivered
O000691,C0145,2023-08-02,Clothing,Dress,5,49.99,20,199.96,Delivered
O000692,C0145,2023-09-11,Food & Drink,Tea Collection,5,24.99,0,124.95,Returned
O000693,C0145,2023-09-19,Home & Garden,Plant Pot,1,14.99,5,14.24,Delivered
O000694,C0145,2023-05-03,Electronics,Laptop Stand,3,49.99,15,127.47,Returned
O000695,C0146,2022-09-02,Books,Travel Guide,2,16.99,20,27.18,Delivered
O000696,C0146,2022-01-08,Electronics,Headphones,4,149.99,15,509.97,Delivered
O000697,C0146,2022-07-24,Food & Drink,Olive Oil,1,16.99,0,16.99,Delivered
O000698,C0146,2023-08-29,Beauty,Shampoo,3,14.99,20,35.98,Returned
O000699,C0146,2023-11-04,Beauty,Face Cream,3,39.99,10,107.97,Returned
O000700,C0146,2023-12-29,Books,Cookbook,5,24.99,5,118.7,Delivered
O000701,C0147,2023-03-10,Sports,Water Bottle,1,19.99,20,15.99,Delivered
O000702,C0147,2023-05-25,Sports,Dumbbells,4,59.99,0,239.96,Delivered
O000703,C0147,2023-07-10,Food & Drink,Coffee Beans,1,19.99,15,16.99,Returned
O000704,C0148,2023-12-21,Books,Cookbook,5,24.99,0,124.95,Delivered
O000705,C0148,2022-12-26,Home & Garden,Candle Set,3,24.99,5,71.22,Delivered
O000706,C0148,2023-12-16,Books,Python Cookbook,5,34.99,5,166.2,Delivered
O000707,C0148,2022-03-09,Toys,Stuffed Animal,4,19.99,15,67.97,Delivered
O000708,C0148,2022-03-13,Electronics,Laptop Stand,5,49.99,10,224.96,Delivered
O000709,C0148,2022-05-31,Food & Drink,Nuts Mix,5,12.99,15,55.21,Delivered
O000710,C0149,2022-04-03,Clothing,Dress,5,49.99,0,249.95,Delivered
O000711,C0149,2023-03-05,Beauty,Shampoo,3,14.99,10,40.47,Delivered
O000712,C0149,2022-11-21,Toys,Stuffed Animal,1,19.99,15,16.99,Returned
O000713,C0149,2021-11-03,Sports,Resistance Band,2,14.99,20,23.98,Delivered
O000714,C0149,2023-08-07,Books,Novel,5,12.99,10,58.46,Delivered
O000715,C0150,2022-08-05,Clothing,Sneakers,3,79.99,0,239.97,Delivered
O000716,C0150,2023-04-01,Food & Drink,Protein Bar,1,2.99,0,2.99,Delivered
O000717,C0150,2023-02-26,Clothing,Jeans,1,59.99,0,59.99,Delivered
O000718,C0151,2022-10-04,Sports,Resistance Band,2,14.99,10,26.98,Delivered
O000719,C0152,2023-02-24,Books,Travel Guide,1,16.99,0,16.99,Delivered
O000720,C0152,2022-10-12,Clothing,Dress,1,49.99,10,44.99,Delivered
O000721,C0152,2023-05-12,Sports,Skipping Rope,5,9.99,0,49.95,Delivered
O000722,C0152,2022-09-20,Beauty,Face Cream,1,39.99,20,31.99,Delivered
O000723,C0152,2022-09-08,Clothing,T-Shirt,1,19.99,20,15.99,Delivered
O000724,C0152,2022-11-17,Toys,Stuffed Animal,5,19.99,20,79.96,Delivered
O000725,C0153,2023-10-18,Clothing,T-Shirt,1,19.99,0,19.99,Delivered
O000726,C0153,2023-12-25,Clothing,T-Shirt,4,19.99,0,79.96,Returned
O000727,C0153,2023-09-05,Sports,Dumbbells,5,59.99,5,284.95,Delivered
O000728,C0153,2023-12-07,Electronics,Mouse,1,39.99,10,35.99,Delivered
O000729,C0153,2023-09-21,Food & Drink,Tea Collection,1,24.99,20,19.99,Delivered
O000730,C0153,2023-09-16,Books,Python Cookbook,4,34.99,10,125.96,Delivered
O000731,C0154,2023-06-02,Toys,Board Game,1,34.99,5,33.24,Delivered
O000732,C0154,2022-12-24,Books,Python Cookbook,2,34.99,10,62.98,Delivered
O000733,C0154,2023-12-07,Clothing,Dress,1,49.99,15,42.49,Delivered
O000734,C0154,2023-12-14,Electronics,USB Hub,5,29.99,0,149.95,Delivered
O000735,C0154,2023-08-19,Sports,Skipping Rope,5,9.99,15,42.46,Delivered
O000736,C0154,2023-10-13,Electronics,Webcam,4,79.99,20,255.97,Delivered
O000737,C0154,2023-04-13,Toys,Art Kit,3,24.99,20,59.98,Delivered
O000738,C0154,2023-12-14,Books,Travel Guide,1,16.99,15,14.44,Delivered
O000739,C0154,2023-11-08,Toys,LEGO Set,2,49.99,5,94.98,Delivered
O000740,C0154,2023-12-22,Home & Garden,Cushion,2,34.99,0,69.98,Returned
O000741,C0154,2023-07-14,Sports,Yoga Mat,4,39.99,20,127.97,Delivered
O000742,C0154,2022-09-19,Toys,Stuffed Animal,3,19.99,0,59.97,Delivered
O000743,C0154,2023-02-20,Sports,Skipping Rope,3,9.99,20,23.98,Delivered
O000744,C0154,2022-08-30,Electronics,Laptop Stand,4,49.99,0,199.96,Delivered
O000745,C0154,2022-09-23,Beauty,Serum,2,54.99,0,109.98,Delivered
O000746,C0155,2023-11-04,Electronics,Headphones,1,149.99,20,119.99,Returned
O000747,C0155,2023-12-15,Clothing,T-Shirt,4,19.99,0,79.96,Delivered
O000748,C0155,2023-11-26,Food & Drink,Olive Oil,5,16.99,0,84.95,Delivered
O000749,C0155,2023-11-07,Clothing,Dress,1,49.99,15,42.49,Delivered
O000750,C0155,2023-10-15,Electronics,USB Hub,1,29.99,10,26.99,Delivered
O000751,C0155,2023-11-13,Beauty,Face Cream,5,39.99,20,159.96,Delivered
O000752,C0156,2023-10-09,Beauty,Perfume,4,79.99,20,255.97,Delivered
O000753,C0156,2023-03-15,Beauty,Serum,3,54.99,0,164.97,Delivered
O000754,C0156,2023-09-19,Books,Python Cookbook,3,34.99,20,83.98,Delivered
O000755,C0156,2023-03-28,Toys,Puzzle,4,19.99,10,71.96,Delivered
O000756,C0156,2023-10-08,Clothing,Sneakers,2,79.99,5,151.98,Delivered
O000757,C0156,2023-10-11,Sports,Dumbbells,1,59.99,10,53.99,Delivered
O000758,C0156,2022-10-09,Food & Drink,Coffee Beans,3,19.99,0,59.97,Delivered
O000759,C0156,2023-03-28,Beauty,Shampoo,1,14.99,0,14.99,Delivered
O000760,C0157,2022-12-29,Beauty,Face Cream,2,39.99,0,79.98,Delivered
O000761,C0158,2021-04-29,Food & Drink,Protein Bar,4,2.99,0,11.96,Delivered
O000762,C0159,2023-06-14,Electronics,USB Hub,5,29.99,5,142.45,Delivered
O000763,C0160,2023-07-18,Books,Data Science Guide,3,44.99,5,128.22,Delivered
O000764,C0160,2023-09-16,Home & Garden,Rug,2,129.99,0,259.98,Delivered
O000765,C0160,2023-11-29,Sports,Resistance Band,4,14.99,20,47.97,Delivered
O000766,C0161,2023-02-05,Sports,Skipping Rope,1,9.99,20,7.99,Delivered
O000767,C0161,2021-09-30,Beauty,Face Cream,4,39.99,10,143.96,Delivered
O000768,C0161,2022-01-09,Toys,Art Kit,4,24.99,0,99.96,Delivered
O000769,C0161,2023-03-16,Books,Travel Guide,4,16.99,5,64.56,Delivered
O000770,C0162,2021-10-08,Electronics,Mouse,2,39.99,0,79.98,Delivered
O000771,C0162,2022-08-07,Food & Drink,Coffee Beans,2,19.99,0,39.98,Delivered
O000772,C0162,2022-03-12,Clothing,Dress,4,49.99,15,169.97,Delivered
O000773,C0162,2023-12-02,Food & Drink,Tea Collection,4,24.99,10,89.96,Delivered
O000774,C0162,2022-08-11,Home & Garden,Plant Pot,1,14.99,0,14.99,Delivered
O000775,C0163,2021-11-05,Home & Garden,Rug,4,129.99,15,441.97,Delivered
O000776,C0163,2023-01-29,Home & Garden,Candle Set,3,24.99,0,74.97,Delivered
O000777,C0164,2023-04-25,Electronics,USB Hub,5,29.99,10,134.95,Delivered
O000778,C0164,2023-12-18,Books,Data Science Guide,1,44.99,0,44.99,Delivered
O000779,C0164,2023-09-14,Beauty,Perfume,5,79.99,10,359.95,Delivered
O000780,C0164,2023-10-05,Sports,Yoga Mat,1,39.99,0,39.99,Delivered
O000781,C0164,2023-10-21,Beauty,Shampoo,2,14.99,5,28.48,Delivered
O000782,C0164,2022-11-29,Toys,Puzzle,3,19.99,0,59.97,Delivered
O000783,C0164,2023-02-01,Food & Drink,Tea Collection,1,24.99,0,24.99,Delivered
O000784,C0165,2023-12-06,Food & Drink,Nuts Mix,1,12.99,0,12.99,Delivered
O000785,C0165,2023-12-13,Home & Garden,Cushion,1,34.99,10,31.49,Delivered
O000786,C0165,2023-10-07,Home & Garden,Plant Pot,2,14.99,0,29.98,Delivered
O000787,C0165,2023-11-13,Electronics,USB Hub,4,29.99,0,119.96,Delivered
O000788,C0166,2023-06-21,Clothing,Sneakers,2,79.99,20,127.98,Delivered
O000789,C0166,2023-05-02,Sports,Skipping Rope,4,9.99,0,39.96,Delivered
O000790,C0166,2022-09-25,Beauty,Shampoo,3,14.99,0,44.97,Delivered
O000791,C0166,2022-10-04,Electronics,Mouse,2,39.99,10,71.98,Delivered
O000792,C0166,2023-03-05,Home & Garden,Cushion,5,34.99,5,166.2,Delivered
O000793,C0166,2023-07-29,Electronics,USB Hub,2,29.99,0,59.98,Delivered
O000794,C0167,2022-07-13,Clothing,Jacket,3,89.99,5,256.47,Delivered
O000795,C0167,2023-01-24,Home & Garden,Cushion,5,34.99,0,174.95,Delivered
O000796,C0167,2022-08-04,Food & Drink,Coffee Beans,4,19.99,15,67.97,Delivered
O000797,C0167,2023-08-23,Home & Garden,Cushion,5,34.99,5,166.2,Delivered
O000798,C0167,2022-09-11,Home & Garden,Plant Pot,5,14.99,0,74.95,Delivered
O000799,C0167,2022-07-16,Clothing,Sneakers,3,79.99,20,191.98,Delivered
O000800,C0168,2021-10-08,Home & Garden,Lamp,3,69.99,10,188.97,Delivered
O000801,C0168,2023-11-23,Food & Drink,Tea Collection,2,24.99,10,44.98,Delivered
O000802,C0168,2021-06-22,Clothing,Jacket,4,89.99,15,305.97,Returned
O000803,C0169,2023-03-27,Beauty,Serum,3,54.99,10,148.47,Delivered
O000804,C0169,2023-02-12,Toys,Puzzle,1,19.99,5,18.99,Delivered
O000805,C0169,2023-10-19,Food & Drink,Protein Bar,4,2.99,5,11.36,Delivered
O000806,C0169,2023-11-15,Sports,Resistance Band,3,14.99,0,44.97,Delivered
O000807,C0169,2023-01-29,Food & Drink,Protein Bar,5,2.99,0,14.95,Delivered
O000808,C0170,2023-06-08,Electronics,Laptop Stand,5,49.99,0,249.95,Delivered
O000809,C0170,2023-10-18,Books,Data Science Guide,1,44.99,0,44.99,Delivered
O000810,C0170,2023-07-17,Food & Drink,Protein Bar,4,2.99,20,9.57,Delivered
O000811,C0170,2023-11-14,Books,Travel Guide,2,16.99,0,33.98,Delivered
O000812,C0170,2023-08-11,Toys,Art Kit,4,24.99,0,99.96,Delivered
O000813,C0170,2023-12-26,Electronics,Mouse,5,39.99,0,199.95,Delivered
O000814,C0170,2023-08-06,Sports,Resistance Band,4,14.99,20,47.97,Delivered
O000815,C0170,2023-08-05,Home & Garden,Candle Set,3,24.99,0,74.97,Returned
O000816,C0170,2023-07-03,Books,Data Science Guide,2,44.99,20,71.98,Delivered
O000817,C0170,2023-07-08,Food & Drink,Coffee Beans,1,19.99,10,17.99,Delivered
O000818,C0170,2023-06-16,Clothing,T-Shirt,5,19.99,15,84.96,Delivered
O000819,C0170,2023-09-16,Electronics,Laptop Stand,3,49.99,10,134.97,Delivered
O000820,C0170,2023-12-16,Clothing,Jacket,1,89.99,10,80.99,Delivered
O000821,C0170,2023-09-30,Sports,Resistance Band,4,14.99,0,59.96,Delivered
O000822,C0170,2023-11-11,Home & Garden,Rug,3,129.99,0,389.97,Delivered
O000823,C0170,2023-12-08,Beauty,Perfume,2,79.99,20,127.98,Delivered
O000824,C0171,2023-12-22,Electronics,Headphones,3,149.99,20,359.98,Delivered
O000825,C0172,2021-06-04,Electronics,Headphones,5,149.99,10,674.96,Delivered
O000826,C0172,2023-08-29,Beauty,Lip Balm,4,8.99,10,32.36,Returned
O000827,C0172,2021-09-22,Sports,Dumbbells,4,59.99,0,239.96,Delivered
O000828,C0173,2023-11-19,Electronics,Webcam,4,79.99,5,303.96,Delivered
O000829,C0173,2023-07-02,Beauty,Shampoo,3,14.99,10,40.47,Delivered
O000830,C0173,2023-11-07,Sports,Water Bottle,2,19.99,0,39.98,Delivered
O000831,C0173,2023-06-23,Books,Novel,1,12.99,0,12.99,Delivered
O000832,C0173,2023-11-01,Sports,Water Bottle,3,19.99,0,59.97,Delivered
O000833,C0174,2023-11-04,Toys,Puzzle,5,19.99,10,89.95,Delivered
O000834,C0174,2023-03-15,Electronics,Laptop Stand,3,49.99,10,134.97,Delivered
O000835,C0174,2022-09-30,Home & Garden,Lamp,5,69.99,0,349.95,Delivered
O000836,C0175,2023-12-18,Food & Drink,Tea Collection,4,24.99,15,84.97,Delivered
O000837,C0175,2023-07-26,Sports,Resistance Band,4,14.99,15,50.97,Delivered
O000838,C0175,2023-11-10,Food & Drink,Tea Collection,4,24.99,10,89.96,Delivered
O000839,C0176,2022-08-06,Clothing,Jacket,4,89.99,10,323.96,Delivered
O000840,C0176,2022-09-17,Home & Garden,Rug,5,129.99,5,617.45,Delivered
O000841,C0176,2022-12-13,Home & Garden,Cushion,3,34.99,0,104.97,Delivered
O000842,C0176,2023-10-04,Beauty,Perfume,4,79.99,10,287.96,Delivered
O000843,C0176,2022-08-16,Toys,Stuffed Animal,3,19.99,0,59.97,Delivered
O000844,C0176,2023-12-11,Toys,Board Game,3,34.99,5,99.72,Delivered
O000845,C0176,2023-05-04,Books,Data Science Guide,3,44.99,20,107.98,Delivered
O000846,C0176,2023-07-30,Beauty,Lip Balm,2,8.99,0,17.98,Delivered
O000847,C0177,2023-04-06,Home & Garden,Candle Set,5,24.99,20,99.96,Delivered
O000848,C0177,2023-03-09,Electronics,Laptop Stand,5,49.99,0,249.95,Delivered
O000849,C0178,2023-04-07,Sports,Resistance Band,4,14.99,0,59.96,Delivered
O000850,C0178,2023-02-01,Food & Drink,Nuts Mix,2,12.99,20,20.78,Delivered
O000851,C0178,2022-10-23,Clothing,Jeans,5,59.99,20,239.96,Delivered
O000852,C0178,2023-01-04,Home & Garden,Candle Set,5,24.99,10,112.45,Delivered
O000853,C0178,2023-12-07,Sports,Water Bottle,4,19.99,20,63.97,Delivered
O000854,C0178,2023-11-19,Beauty,Perfume,4,79.99,20,255.97,Delivered
O000855,C0178,2023-02-11,Toys,Puzzle,3,19.99,20,47.98,Delivered
O000856,C0178,2023-07-28,Home & Garden,Candle Set,1,24.99,5,23.74,Delivered
O000857,C0178,2023-08-17,Beauty,Lip Balm,5,8.99,10,40.46,Delivered
O000858,C0178,2023-12-03,Electronics,Headphones,3,149.99,20,359.98,Delivered
O000859,C0179,2023-05-03,Home & Garden,Plant Pot,4,14.99,0,59.96,Delivered
O000860,C0179,2022-08-03,Home & Garden,Lamp,2,69.99,15,118.98,Delivered
O000861,C0179,2023-12-20,Sports,Water Bottle,4,19.99,0,79.96,Delivered
O000862,C0179,2023-10-26,Beauty,Shampoo,3,14.99,0,44.97,Delivered
O000863,C0179,2023-06-26,Clothing,Sneakers,3,79.99,5,227.97,Delivered
O000864,C0179,2022-10-19,Home & Garden,Rug,2,129.99,0,259.98,Delivered
O000865,C0179,2022-10-22,Home & Garden,Plant Pot,1,14.99,20,11.99,Delivered
O000866,C0179,2022-01-31,Beauty,Serum,2,54.99,0,109.98,Delivered
O000867,C0179,2022-11-02,Home & Garden,Plant Pot,1,14.99,0,14.99,Delivered
O000868,C0179,2022-08-27,Sports,Skipping Rope,1,9.99,15,8.49,Delivered
O000869,C0179,2022-11-10,Sports,Skipping Rope,1,9.99,0,9.99,Delivered
O000870,C0180,2023-11-22,Sports,Water Bottle,2,19.99,0,39.98,Delivered
O000871,C0180,2023-11-22,Food & Drink,Nuts Mix,4,12.99,0,51.96,Delivered
O000872,C0180,2023-11-30,Food & Drink,Nuts Mix,2,12.99,10,23.38,Delivered
O000873,C0180,2023-11-25,Electronics,Webcam,4,79.99,20,255.97,Delivered
O000874,C0180,2023-12-21,Clothing,Dress,1,49.99,20,39.99,Delivered
O000875,C0181,2022-07-11,Home & Garden,Lamp,2,69.99,0,139.98,Delivered
O000876,C0181,2023-12-08,Sports,Water Bottle,1,19.99,0,19.99,Delivered
O000877,C0181,2022-05-24,Clothing,Dress,1,49.99,0,49.99,Delivered
O000878,C0181,2021-07-02,Books,Travel Guide,3,16.99,20,40.78,Delivered
O000879,C0182,2023-10-25,Books,Data Science Guide,2,44.99,0,89.98,Delivered
O000880,C0182,2023-06-14,Home & Garden,Cushion,3,34.99,0,104.97,Delivered
O000881,C0182,2023-07-02,Books,Cookbook,5,24.99,0,124.95,Delivered
O000882,C0182,2023-03-24,Books,Data Science Guide,4,44.99,10,161.96,Delivered
O000883,C0183,2023-11-16,Food & Drink,Protein Bar,1,2.99,20,2.39,Delivered
O000884,C0183,2023-10-04,Toys,Stuffed Animal,1,19.99,0,19.99,Delivered
O000885,C0183,2023-12-05,Home & Garden,Lamp,5,69.99,0,349.95,Delivered
O000886,C0183,2023-11-06,Food & Drink,Olive Oil,4,16.99,0,67.96,Delivered
O000887,C0183,2023-11-23,Home & Garden,Cushion,2,34.99,10,62.98,Delivered
O000888,C0183,2023-10-14,Clothing,T-Shirt,2,19.99,10,35.98,Delivered
O000889,C0183,2023-12-27,Home & Garden,Candle Set,5,24.99,15,106.21,Delivered
O000890,C0183,2023-12-30,Electronics,Mouse,1,39.99,5,37.99,Delivered
O000891,C0183,2023-11-11,Beauty,Serum,1,54.99,10,49.49,Delivered
O000892,C0184,2023-10-15,Sports,Skipping Rope,5,9.99,0,49.95,Delivered
O000893,C0184,2023-10-10,Electronics,Webcam,3,79.99,0,239.97,Delivered
O000894,C0185,2021-12-27,Sports,Dumbbells,1,59.99,0,59.99,Delivered
O000895,C0186,2023-03-24,Sports,Water Bottle,4,19.99,0,79.96,Delivered
O000896,C0186,2023-06-01,Sports,Yoga Mat,4,39.99,0,159.96,Delivered
O000897,C0186,2023-12-28,Books,Data Science Guide,4,44.99,0,179.96,Delivered
O000898,C0186,2023-12-13,Sports,Water Bottle,1,19.99,0,19.99,Delivered
O000899,C0186,2023-04-20,Beauty,Lip Balm,4,8.99,0,35.96,Delivered
O000900,C0186,2023-01-08,Sports,Yoga Mat,5,39.99,5,189.95,Delivered
O000901,C0187,2023-08-12,Home & Garden,Lamp,3,69.99,0,209.97,Delivered
O000902,C0187,2023-08-08,Beauty,Face Cream,1,39.99,0,39.99,Delivered
O000903,C0187,2023-06-10,Toys,LEGO Set,1,49.99,0,49.99,Delivered
O000904,C0187,2023-12-18,Beauty,Lip Balm,2,8.99,5,17.08,Delivered
O000905,C0188,2023-09-03,Food & Drink,Protein Bar,4,2.99,0,11.96,Delivered
O000906,C0189,2023-11-25,Sports,Water Bottle,2,19.99,5,37.98,Delivered
O000907,C0189,2023-12-24,Electronics,Webcam,1,79.99,5,75.99,Delivered
O000908,C0189,2022-03-29,Home & Garden,Candle Set,4,24.99,5,94.96,Delivered
O000909,C0189,2023-12-13,Food & Drink,Coffee Beans,5,19.99,0,99.95,Delivered
O000910,C0189,2022-06-05,Books,Novel,5,12.99,10,58.46,Delivered
O000911,C0190,2022-08-08,Sports,Resistance Band,2,14.99,0,29.98,Delivered
O000912,C0191,2022-10-20,Books,Cookbook,5,24.99,5,118.7,Delivered
O000913,C0191,2022-11-11,Toys,LEGO Set,1,49.99,20,39.99,Delivered
O000914,C0191,2023-01-07,Electronics,Mouse,3,39.99,0,119.97,Delivered
O000915,C0191,2023-05-04,Food & Drink,Tea Collection,3,24.99,5,71.22,Delivered
O000916,C0191,2023-09-26,Sports,Water Bottle,1,19.99,5,18.99,Delivered
O000917,C0191,2023-11-14,Books,Travel Guide,4,16.99,20,54.37,Delivered
O000918,C0192,2023-11-12,Beauty,Shampoo,3,14.99,0,44.97,Delivered
O000919,C0192,2023-06-06,Food & Drink,Protein Bar,4,2.99,0,11.96,Delivered
O000920,C0193,2023-11-16,Beauty,Shampoo,1,14.99,0,14.99,Delivered
O000921,C0194,2023-10-26,Toys,Stuffed Animal,4,19.99,0,79.96,Delivered
O000922,C0194,2023-12-17,Electronics,USB Hub,1,29.99,0,29.99,Delivered
O000923,C0195,2022-12-12,Sports,Dumbbells,2,59.99,5,113.98,Delivered
O000924,C0195,2022-04-19,Home & Garden,Cushion,1,34.99,0,34.99,Delivered
O000925,C0195,2021-09-20,Beauty,Shampoo,2,14.99,0,29.98,Delivered
O000926,C0196,2023-08-03,Clothing,Sneakers,2,79.99,0,159.98,Delivered
O000927,C0196,2023-01-06,Toys,Puzzle,2,19.99,0,39.98,Delivered
O000928,C0196,2023-07-10,Books,Data Science Guide,2,44.99,20,71.98,Delivered
O000929,C0196,2022-12-12,Home & Garden,Cushion,5,34.99,20,139.96,Delivered
O000930,C0196,2023-06-20,Sports,Water Bottle,1,19.99,5,18.99,Delivered
O000931,C0197,2022-10-23,Books,Python Cookbook,2,34.99,20,55.98,Delivered
O000932,C0197,2022-10-17,Toys,Art Kit,5,24.99,15,106.21,Returned
O000933,C0197,2022-09-27,Food & Drink,Nuts Mix,2,12.99,0,25.98,Delivered
O000934,C0197,2023-01-12,Electronics,Headphones,1,149.99,15,127.49,Delivered
O000935,C0197,2023-04-05,Home & Garden,Plant Pot,1,14.99,10,13.49,Delivered
O000936,C0197,2023-03-04,Electronics,Laptop Stand,1,49.99,20,39.99,Delivered
O000937,C0197,2022-08-27,Clothing,Jacket,4,89.99,15,305.97,Delivered
O000938,C0197,2023-09-24,Food & Drink,Tea Collection,2,24.99,5,47.48,Delivered
O000939,C0198,2023-07-03,Electronics,Headphones,4,149.99,0,599.96,Delivered
O000940,C0198,2023-06-22,Toys,Stuffed Animal,2,19.99,0,39.98,Delivered
O000941,C0198,2023-03-08,Clothing,Jacket,5,89.99,5,427.45,Delivered
O000942,C0199,2023-10-06,Electronics,Headphones,2,149.99,20,239.98,Delivered
O000943,C0199,2023-12-07,Food & Drink,Nuts Mix,3,12.99,5,37.02,Delivered
O000944,C0199,2023-07-08,Clothing,Jeans,4,59.99,0,239.96,Delivered
O000945,C0199,2023-08-01,Home & Garden,Plant Pot,3,14.99,0,44.97,Returned
O000946,C0199,2023-12-16,Sports,Skipping Rope,2,9.99,5,18.98,Delivered
O000947,C0199,2023-11-20,Home & Garden,Lamp,1,69.99,15,59.49,Delivered
O000948,C0199,2023-11-05,Sports,Skipping Rope,2,9.99,20,15.98,Delivered
O000949,C0199,2023-07-28,Food & Drink,Nuts Mix,4,12.99,0,51.96,Delivered
O000950,C0199,2023-12-15,Books,Python Cookbook,5,34.99,0,174.95,Delivered
O000951,C0199,2023-10-15,Electronics,Headphones,1,149.99,20,119.99,Delivered
O000952,C0199,2023-08-09,Books,Cookbook,4,24.99,10,89.96,Delivered
O000953,C0200,2022-12-01,Food & Drink,Tea Collection,1,24.99,0,24.99,Delivered
O000954,C0200,2023-04-10,Home & Garden,Lamp,1,69.99,15,59.49,Delivered
O000955,C0200,2023-12-12,Toys,LEGO Set,3,49.99,20,119.98,Delivered
O000956,C0200,2023-12-15,Home & Garden,Lamp,1,69.99,0,69.99,Delivered
O000957,C0200,2023-12-31,Home & Garden,Candle Set,5,24.99,0,124.95,Delivered
O000958,C0200,2023-10-20,Home & Garden,Rug,3,129.99,0,389.97,Delivered
O000959,C0200,2023-07-25,Sports,Resistance Band,1,14.99,20,11.99,Delivered
O000960,C0200,2023-06-10,Beauty,Shampoo,3,14.99,5,42.72,Delivered
O000961,C0200,2023-07-31,Books,Data Science Guide,4,44.99,0,179.96,Delivered
O000962,C0201,2022-09-19,Home & Garden,Lamp,2,69.99,0,139.98,Delivered
O000963,C0202,2023-05-12,Toys,Board Game,4,34.99,15,118.97,Delivered
O000964,C0202,2022-03-03,Food & Drink,Coffee Beans,3,19.99,0,59.97,Delivered
O000965,C0202,2022-03-25,Beauty,Perfume,5,79.99,0,399.95,Delivered
O000966,C0202,2022-02-13,Home & Garden,Lamp,4,69.99,15,237.97,Delivered
O000967,C0203,2023-12-29,Toys,Stuffed Animal,2,19.99,15,33.98,Delivered
O000968,C0203,2022-11-22,Toys,Stuffed Animal,2,19.99,10,35.98,Delivered
O000969,C0203,2023-04-13,Toys,Art Kit,2,24.99,0,49.98,Delivered
O000970,C0204,2023-02-18,Clothing,Sneakers,1,79.99,5,75.99,Delivered
O000971,C0204,2022-10-06,Books,Python Cookbook,3,34.99,0,104.97,Delivered
O000972,C0204,2022-11-08,Beauty,Serum,4,54.99,0,219.96,Delivered
O000973,C0204,2023-06-02,Food & Drink,Olive Oil,2,16.99,0,33.98,Delivered
O000974,C0204,2023-04-11,Food & Drink,Protein Bar,4,2.99,0,11.96,Returned
O000975,C0204,2023-08-30,Food & Drink,Tea Collection,1,24.99,10,22.49,Delivered
O000976,C0204,2023-12-07,Home & Garden,Rug,2,129.99,0,259.98,Delivered
O000977,C0204,2023-11-12,Sports,Dumbbells,2,59.99,5,113.98,Delivered
O000978,C0204,2023-05-14,Sports,Yoga Mat,3,39.99,0,119.97,Delivered
O000979,C0204,2023-08-21,Home & Garden,Plant Pot,4,14.99,0,59.96,Delivered
O000980,C0204,2023-05-25,Books,Cookbook,3,24.99,0,74.97,Delivered
O000981,C0205,2023-08-11,Sports,Dumbbells,3,59.99,15,152.97,Delivered
O000982,C0205,2023-09-26,Beauty,Perfume,3,79.99,0,239.97,Delivered
O000983,C0206,2023-07-29,Home & Garden,Plant Pot,5,14.99,15,63.71,Delivered
O000984,C0206,2023-12-07,Beauty,Serum,5,54.99,20,219.96,Delivered
O000985,C0206,2023-08-16,Food & Drink,Olive Oil,1,16.99,15,14.44,Delivered
O000986,C0207,2022-11-05,Clothing,Jeans,5,59.99,0,299.95,Delivered
O000987,C0207,2023-11-16,Clothing,Dress,1,49.99,10,44.99,Delivered
O000988,C0208,2023-06-20,Sports,Yoga Mat,1,39.99,0,39.99,Delivered
O000989,C0209,2023-07-27,Sports,Skipping Rope,3,9.99,5,28.47,Delivered
O000990,C0209,2023-07-26,Home & Garden,Candle Set,2,24.99,15,42.48,Delivered
O000991,C0209,2023-10-08,Home & Garden,Candle Set,1,24.99,0,24.99,Delivered
O000992,C0209,2023-10-15,Toys,Puzzle,2,19.99,10,35.98,Delivered
O000993,C0209,2023-09-23,Food & Drink,Tea Collection,4,24.99,5,94.96,Delivered
O000994,C0209,2023-09-06,Beauty,Face Cream,4,39.99,0,159.96,Delivered
O000995,C0209,2023-08-11,Books,Cookbook,1,24.99,5,23.74,Delivered
O000996,C0210,2023-07-11,Toys,Board Game,1,34.99,15,29.74,Delivered
O000997,C0210,2023-05-13,Books,Cookbook,4,24.99,20,79.97,Delivered
O000998,C0210,2023-10-11,Food & Drink,Olive Oil,4,16.99,10,61.16,Delivered
O000999,C0210,2023-11-11,Food & Drink,Tea Collection,5,24.99,0,124.95,Delivered
O001000,C0210,2023-06-12,Books,Python Cookbook,3,34.99,10,94.47,Delivered
O001001,C0210,2023-07-31,Toys,LEGO Set,3,49.99,0,149.97,Delivered
O001002,C0211,2023-07-29,Electronics,Webcam,4,79.99,0,319.96,Delivered
O001003,C0211,2023-09-20,Beauty,Lip Balm,5,8.99,0,44.95,Delivered
O001004,C0211,2023-08-30,Clothing,Dress,1,49.99,10,44.99,Delivered
O001005,C0211,2023-12-03,Books,Cookbook,1,24.99,0,24.99,Delivered
O001006,C0212,2023-05-23,Books,Data Science Guide,2,44.99,5,85.48,Delivered
O001007,C0213,2023-11-09,Clothing,Dress,1,49.99,0,49.99,Delivered
O001008,C0213,2021-12-31,Electronics,Headphones,1,149.99,10,134.99,Delivered
O001009,C0213,2021-12-23,Beauty,Perfume,2,79.99,0,159.98,Delivered
O001010,C0214,2023-04-02,Home & Garden,Candle Set,1,24.99,0,24.99,Delivered
O001011,C0214,2023-11-15,Toys,Art Kit,2,24.99,0,49.98,Delivered
O001012,C0214,2022-08-23,Toys,Art Kit,4,24.99,0,99.96,Delivered
O001013,C0214,2023-06-01,Clothing,Dress,2,49.99,0,99.98,Delivered
O001014,C0214,2023-04-24,Home & Garden,Plant Pot,5,14.99,15,63.71,Delivered
O001015,C0215,2023-12-03,Sports,Skipping Rope,1,9.99,0,9.99,Delivered
O001016,C0216,2023-07-03,Toys,LEGO Set,3,49.99,0,149.97,Delivered
O001017,C0216,2022-09-12,Clothing,Jacket,2,89.99,20,143.98,Delivered
O001018,C0216,2022-11-09,Sports,Skipping Rope,5,9.99,5,47.45,Delivered
O001019,C0216,2023-01-17,Food & Drink,Protein Bar,3,2.99,0,8.97,Delivered
O001020,C0216,2023-09-17,Clothing,Sneakers,4,79.99,0,319.96,Delivered
O001021,C0216,2022-02-12,Beauty,Perfume,1,79.99,10,71.99,Delivered
O001022,C0216,2023-10-05,Beauty,Face Cream,4,39.99,0,159.96,Delivered
O001023,C0217,2023-07-30,Electronics,Mouse,4,39.99,0,159.96,Delivered
O001024,C0217,2022-10-07,Home & Garden,Rug,2,129.99,0,259.98,Delivered
O001025,C0217,2022-03-13,Beauty,Perfume,3,79.99,0,239.97,Delivered
O001026,C0218,2023-09-12,Beauty,Face Cream,5,39.99,5,189.95,Delivered
O001027,C0219,2023-10-07,Food & Drink,Olive Oil,4,16.99,20,54.37,Delivered
O001028,C0219,2022-08-20,Beauty,Face Cream,2,39.99,10,71.98,Delivered
O001029,C0220,2023-12-25,Books,Python Cookbook,3,34.99,0,104.97,Delivered
O001030,C0220,2023-05-23,Beauty,Face Cream,4,39.99,0,159.96,Delivered
O001031,C0220,2023-05-26,Clothing,Sneakers,4,79.99,15,271.97,Delivered
O001032,C0220,2023-10-02,Food & Drink,Protein Bar,2,2.99,0,5.98,Delivered
O001033,C0221,2023-05-30,Clothing,Dress,5,49.99,20,199.96,Delivered
O001034,C0221,2023-07-17,Beauty,Face Cream,5,39.99,15,169.96,Delivered
O001035,C0221,2023-07-03,Beauty,Serum,5,54.99,10,247.45,Delivered
O001036,C0221,2023-06-25,Clothing,Jeans,3,59.99,15,152.97,Delivered
O001037,C0221,2023-09-05,Electronics,Headphones,4,149.99,10,539.96,Delivered
O001038,C0221,2023-11-13,Home & Garden,Candle Set,1,24.99,10,22.49,Delivered
O001039,C0221,2023-07-27,Clothing,Sneakers,5,79.99,0,399.95,Delivered
O001040,C0221,2023-08-05,Food & Drink,Olive Oil,3,16.99,0,50.97,Delivered
O001041,C0221,2023-10-27,Sports,Yoga Mat,5,39.99,0,199.95,Delivered
O001042,C0221,2023-09-01,Books,Data Science Guide,3,44.99,15,114.72,Delivered
O001043,C0221,2023-07-06,Toys,LEGO Set,3,49.99,5,142.47,Delivered
O001044,C0221,2023-12-20,Sports,Dumbbells,3,59.99,0,179.97,Delivered
O001045,C0221,2023-12-11,Beauty,Perfume,1,79.99,0,79.99,Delivered
O001046,C0222,2023-05-15,Food & Drink,Protein Bar,1,2.99,0,2.99,Returned
O001047,C0222,2023-06-27,Electronics,Laptop Stand,5,49.99,0,249.95,Returned
O001048,C0222,2023-07-09,Electronics,Laptop Stand,3,49.99,15,127.47,Delivered
O001049,C0222,2022-11-09,Beauty,Perfume,4,79.99,15,271.97,Delivered
O001050,C0222,2023-03-07,Food & Drink,Nuts Mix,2,12.99,5,24.68,Returned
O001051,C0222,2023-01-19,Sports,Skipping Rope,3,9.99,0,29.97,Delivered
O001052,C0222,2023-11-05,Beauty,Face Cream,4,39.99,0,159.96,Delivered
O001053,C0223,2022-09-20,Sports,Water Bottle,1,19.99,10,17.99,Delivered
O001054,C0224,2023-06-01,Toys,Board Game,3,34.99,15,89.22,Delivered
O001055,C0224,2023-07-08,Home & Garden,Lamp,3,69.99,5,199.47,Delivered
O001056,C0224,2023-08-07,Home & Garden,Plant Pot,5,14.99,0,74.95,Delivered
O001057,C0225,2023-04-30,Books,Travel Guide,2,16.99,10,30.58,Delivered
O001058,C0225,2023-02-04,Sports,Water Bottle,5,19.99,20,79.96,Delivered
O001059,C0225,2023-02-02,Beauty,Perfume,2,79.99,0,159.98,Delivered
O001060,C0225,2023-02-13,Electronics,Headphones,1,149.99,0,149.99,Delivered
O001061,C0225,2023-07-08,Beauty,Face Cream,2,39.99,10,71.98,Delivered
O001062,C0226,2022-06-20,Home & Garden,Rug,1,129.99,20,103.99,Delivered
O001063,C0227,2023-09-16,Toys,Board Game,1,34.99,0,34.99,Delivered
O001064,C0227,2023-04-20,Beauty,Lip Balm,3,8.99,10,24.27,Delivered
O001065,C0227,2023-10-27,Toys,Puzzle,5,19.99,10,89.95,Delivered
O001066,C0228,2023-02-03,Clothing,T-Shirt,3,19.99,5,56.97,Returned
O001067,C0229,2021-04-05,Beauty,Lip Balm,3,8.99,5,25.62,Delivered
O001068,C0229,2022-04-04,Beauty,Serum,5,54.99,0,274.95,Delivered
O001069,C0229,2021-09-07,Food & Drink,Tea Collection,5,24.99,0,124.95,Delivered
O001070,C0229,2023-07-30,Books,Data Science Guide,1,44.99,0,44.99,Delivered
O001071,C0229,2021-03-23,Electronics,Headphones,4,149.99,10,539.96,Delivered
O001072,C0230,2023-12-09,Toys,Puzzle,1,19.99,0,19.99,Delivered
O001073,C0230,2023-05-04,Electronics,Headphones,4,149.99,0,599.96,Delivered
O001074,C0230,2023-12-12,Sports,Resistance Band,1,14.99,5,14.24,Delivered
O001075,C0230,2023-11-16,Toys,Stuffed Animal,4,19.99,10,71.96,Delivered
O001076,C0230,2023-10-16,Beauty,Serum,2,54.99,0,109.98,Delivered
O001077,C0230,2023-11-20,Electronics,USB Hub,5,29.99,0,149.95,Delivered
O001078,C0231,2022-11-19,Clothing,Jacket,1,89.99,0,89.99,Delivered
O001079,C0231,2023-11-07,Books,Cookbook,4,24.99,0,99.96,Delivered
O001080,C0232,2023-10-04,Beauty,Face Cream,2,39.99,5,75.98,Delivered
O001081,C0232,2023-09-09,Beauty,Perfume,5,79.99,20,319.96,Delivered
O001082,C0232,2023-11-22,Sports,Water Bottle,5,19.99,20,79.96,Delivered
O001083,C0232,2023-09-10,Food & Drink,Coffee Beans,4,19.99,0,79.96,Delivered
O001084,C0232,2023-11-09,Beauty,Lip Balm,3,8.99,10,24.27,Delivered
O001085,C0232,2023-09-04,Clothing,Sneakers,4,79.99,5,303.96,Delivered
O001086,C0232,2023-12-13,Toys,LEGO Set,2,49.99,15,84.98,Delivered
O001087,C0232,2023-10-26,Sports,Resistance Band,2,14.99,0,29.98,Delivered
O001088,C0232,2023-08-15,Electronics,Mouse,2,39.99,0,79.98,Delivered
O001089,C0233,2023-05-15,Home & Garden,Lamp,1,69.99,0,69.99,Delivered
O001090,C0233,2022-01-20,Beauty,Lip Balm,5,8.99,0,44.95,Delivered
O001091,C0233,2023-10-15,Beauty,Shampoo,4,14.99,5,56.96,Delivered
O001092,C0234,2023-02-04,Books,Cookbook,1,24.99,0,24.99,Delivered
O001093,C0234,2023-09-08,Electronics,Mouse,3,39.99,20,95.98,Delivered
O001094,C0234,2022-08-08,Electronics,USB Hub,2,29.99,20,47.98,Delivered
O001095,C0235,2023-05-25,Home & Garden,Rug,4,129.99,10,467.96,Delivered
O001096,C0236,2023-12-01,Toys,Stuffed Animal,1,19.99,0,19.99,Delivered
O001097,C0236,2023-12-28,Food & Drink,Protein Bar,5,2.99,5,14.2,Delivered
O001098,C0236,2023-11-07,Home & Garden,Plant Pot,2,14.99,0,29.98,Delivered
O001099,C0236,2023-11-30,Books,Python Cookbook,3,34.99,20,83.98,Delivered
O001100,C0236,2023-11-13,Sports,Resistance Band,2,14.99,5,28.48,Delivered
O001101,C0236,2023-12-24,Sports,Resistance Band,4,14.99,10,53.96,Delivered
O001102,C0236,2023-12-02,Food & Drink,Nuts Mix,1,12.99,0,12.99,Delivered
O001103,C0236,2023-12-11,Books,Data Science Guide,1,44.99,20,35.99,Delivered
O001104,C0236,2023-11-07,Beauty,Serum,2,54.99,20,87.98,Delivered
O001105,C0237,2023-12-19,Beauty,Perfume,4,79.99,0,319.96,Delivered
O001106,C0237,2023-10-19,Books,Cookbook,2,24.99,10,44.98,Delivered
O001107,C0237,2023-11-23,Food & Drink,Nuts Mix,1,12.99,0,12.99,Delivered
O001108,C0237,2023-11-06,Books,Python Cookbook,3,34.99,0,104.97,Delivered
O001109,C0237,2023-12-30,Sports,Water Bottle,5,19.99,0,99.95,Delivered
O001110,C0238,2023-04-15,Clothing,T-Shirt,5,19.99,0,99.95,Delivered
O001111,C0238,2023-06-12,Toys,Stuffed Animal,3,19.99,0,59.97,Delivered
O001112,C0238,2022-02-21,Beauty,Perfume,4,79.99,0,319.96,Delivered
O001113,C0238,2022-07-14,Electronics,Webcam,1,79.99,0,79.99,Delivered
O001114,C0238,2022-04-03,Food & Drink,Tea Collection,3,24.99,0,74.97,Delivered
O001115,C0238,2022-03-28,Clothing,Jacket,2,89.99,15,152.98,Delivered
O001116,C0239,2023-01-14,Clothing,Jeans,1,59.99,0,59.99,Delivered
O001117,C0239,2022-06-29,Beauty,Shampoo,4,14.99,5,56.96,Delivered
O001118,C0239,2023-06-21,Books,Data Science Guide,5,44.99,5,213.7,Delivered
O001119,C0239,2023-06-14,Electronics,Laptop Stand,3,49.99,20,119.98,Delivered
O001120,C0240,2023-11-17,Books,Cookbook,3,24.99,0,74.97,Delivered
O001121,C0240,2023-12-30,Electronics,Mouse,5,39.99,0,199.95,Delivered
O001122,C0240,2023-10-22,Sports,Yoga Mat,3,39.99,0,119.97,Delivered
O001123,C0240,2023-12-02,Books,Novel,3,12.99,20,31.18,Delivered
O001124,C0240,2023-12-19,Toys,Puzzle,1,19.99,20,15.99,Delivered
O001125,C0240,2023-12-22,Home & Garden,Candle Set,4,24.99,20,79.97,Delivered
O001126,C0240,2023-12-27,Sports,Resistance Band,3,14.99,0,44.97,Delivered
O001127,C0240,2023-12-22,Beauty,Shampoo,2,14.99,15,25.48,Delivered
O001128,C0240,2023-10-28,Home & Garden,Cushion,4,34.99,0,139.96,Delivered
O001129,C0240,2023-11-20,Books,Novel,4,12.99,20,41.57,Delivered
O001130,C0240,2023-10-26,Food & Drink,Coffee Beans,5,19.99,5,94.95,Delivered
O001131,C0240,2023-11-12,Clothing,Jeans,5,59.99,0,299.95,Delivered
O001132,C0240,2023-12-01,Food & Drink,Protein Bar,2,2.99,0,5.98,Delivered
O001133,C0240,2023-11-22,Home & Garden,Lamp,2,69.99,0,139.98,Delivered
O001134,C0240,2023-12-07,Sports,Water Bottle,5,19.99,5,94.95,Delivered
O001135,C0240,2023-12-16,Clothing,Jacket,3,89.99,0,269.97,Delivered
O001136,C0241,2023-08-13,Beauty,Shampoo,2,14.99,5,28.48,Returned
O001137,C0242,2022-05-10,Beauty,Shampoo,2,14.99,0,29.98,Delivered
O001138,C0243,2023-08-04,Beauty,Perfume,2,79.99,0,159.98,Delivered
O001139,C0244,2022-07-11,Home & Garden,Lamp,4,69.99,10,251.96,Delivered
O001140,C0244,2021-08-09,Books,Travel Guide,4,16.99,0,67.96,Delivered
O001141,C0244,2023-08-03,Books,Novel,3,12.99,5,37.02,Delivered
O001142,C0244,2021-01-30,Beauty,Lip Balm,3,8.99,10,24.27,Delivered
O001143,C0245,2023-10-19,Beauty,Face Cream,5,39.99,0,199.95,Delivered
O001144,C0245,2022-11-01,Beauty,Face Cream,5,39.99,20,159.96,Delivered
O001145,C0245,2022-08-09,Books,Travel Guide,3,16.99,15,43.32,Returned
O001146,C0245,2023-07-02,Home & Garden,Candle Set,3,24.99,0,74.97,Delivered
O001147,C0245,2023-07-27,Books,Travel Guide,2,16.99,0,33.98,Delivered
O001148,C0245,2022-09-12,Clothing,Dress,5,49.99,0,249.95,Delivered
O001149,C0245,2022-01-31,Clothing,T-Shirt,5,19.99,15,84.96,Delivered
O001150,C0245,2022-04-12,Food & Drink,Nuts Mix,2,12.99,0,25.98,Delivered
O001151,C0245,2022-05-17,Toys,Puzzle,2,19.99,15,33.98,Delivered
O001152,C0245,2021-09-17,Food & Drink,Coffee Beans,2,19.99,10,35.98,Delivered
O001153,C0245,2022-03-28,Clothing,Sneakers,4,79.99,5,303.96,Delivered
O001154,C0245,2023-08-21,Food & Drink,Protein Bar,3,2.99,5,8.52,Delivered
O001155,C0245,2023-05-30,Books,Novel,2,12.99,0,25.98,Delivered
O001156,C0245,2023-07-16,Sports,Water Bottle,4,19.99,15,67.97,Delivered
O001157,C0245,2023-10-22,Clothing,Jeans,2,59.99,15,101.98,Delivered
O001158,C0245,2022-09-14,Clothing,Jacket,4,89.99,10,323.96,Delivered
O001159,C0246,2023-11-02,Books,Novel,2,12.99,0,25.98,Delivered
O001160,C0247,2022-08-23,Electronics,Headphones,3,149.99,0,449.97,Delivered
O001161,C0248,2023-11-17,Sports,Skipping Rope,1,9.99,20,7.99,Delivered
O001162,C0248,2023-11-27,Electronics,USB Hub,4,29.99,0,119.96,Delivered
O001163,C0248,2023-12-01,Electronics,Headphones,5,149.99,20,599.96,Delivered
O001164,C0249,2023-06-13,Toys,Stuffed Animal,2,19.99,0,39.98,Delivered
O001165,C0249,2023-08-30,Beauty,Shampoo,2,14.99,20,23.98,Delivered
O001166,C0249,2023-12-11,Food & Drink,Protein Bar,2,2.99,15,5.08,Delivered
O001167,C0249,2023-09-27,Food & Drink,Coffee Beans,1,19.99,20,15.99,Delivered
O001168,C0249,2023-12-11,Sports,Water Bottle,5,19.99,0,99.95,Delivered
O001169,C0250,2023-08-22,Books,Cookbook,2,24.99,0,49.98,Delivered
O001170,C0250,2022-11-26,Beauty,Perfume,2,79.99,5,151.98,Delivered
O001171,C0250,2023-12-02,Beauty,Lip Balm,1,8.99,0,8.99,Delivered
O001172,C0250,2023-07-20,Toys,Puzzle,1,19.99,10,17.99,Returned
O001173,C0251,2023-03-30,Toys,Puzzle,5,19.99,20,79.96,Delivered
O001174,C0251,2022-07-22,Electronics,USB Hub,3,29.99,0,89.97,Delivered
O001175,C0251,2023-02-13,Electronics,USB Hub,4,29.99,20,95.97,Delivered
O001176,C0251,2022-01-05,Electronics,Laptop Stand,1,49.99,0,49.99,Delivered
O001177,C0251,2023-09-21,Beauty,Shampoo,4,14.99,10,53.96,Delivered
O001178,C0251,2023-12-02,Sports,Yoga Mat,4,39.99,10,143.96,Delivered
O001179,C0251,2023-06-09,Food & Drink,Nuts Mix,2,12.99,15,22.08,Delivered
O001180,C0252,2022-01-10,Sports,Yoga Mat,2,39.99,0,79.98,Delivered
O001181,C0252,2022-01-15,Electronics,Webcam,3,79.99,15,203.97,Delivered
O001182,C0252,2023-11-29,Home & Garden,Lamp,2,69.99,20,111.98,Delivered
O001183,C0252,2021-05-23,Sports,Yoga Mat,3,39.99,10,107.97,Delivered
O001184,C0253,2023-02-24,Electronics,USB Hub,1,29.99,0,29.99,Delivered
O001185,C0254,2023-12-30,Sports,Resistance Band,2,14.99,0,29.98,Delivered
O001186,C0255,2023-12-08,Electronics,Webcam,2,79.99,0,159.98,Delivered
O001187,C0256,2023-10-13,Food & Drink,Olive Oil,5,16.99,15,72.21,Delivered
O001188,C0256,2023-04-13,Food & Drink,Olive Oil,1,16.99,15,14.44,Delivered
O001189,C0256,2023-05-09,Electronics,Webcam,5,79.99,20,319.96,Delivered
O001190,C0256,2023-06-19,Books,Novel,1,12.99,5,12.34,Delivered
O001191,C0256,2023-09-28,Toys,Stuffed Animal,1,19.99,0,19.99,Delivered
O001192,C0256,2023-04-01,Clothing,Sneakers,1,79.99,0,79.99,Delivered
O001193,C0256,2023-06-15,Electronics,Webcam,4,79.99,20,255.97,Delivered
O001194,C0256,2023-11-19,Electronics,Webcam,4,79.99,5,303.96,Delivered
O001195,C0256,2023-04-22,Clothing,Jeans,3,59.99,5,170.97,Returned
O001196,C0256,2023-04-24,Home & Garden,Plant Pot,2,14.99,10,26.98,Delivered
O001197,C0256,2023-10-02,Clothing,T-Shirt,5,19.99,0,99.95,Delivered
O001198,C0257,2023-03-11,Clothing,Jeans,5,59.99,15,254.96,Delivered
O001199,C0257,2023-08-30,Books,Cookbook,5,24.99,15,106.21,Delivered
O001200,C0257,2022-06-28,Electronics,Laptop Stand,5,49.99,15,212.46,Delivered
O001201,C0257,2023-09-16,Books,Cookbook,2,24.99,0,49.98,Delivered
O001202,C0258,2023-09-04,Home & Garden,Rug,2,129.99,0,259.98,Returned
O001203,C0258,2023-06-03,Electronics,Headphones,1,149.99,15,127.49,Delivered
O001204,C0258,2023-12-01,Toys,Stuffed Animal,4,19.99,0,79.96,Delivered
O001205,C0258,2023-11-29,Clothing,T-Shirt,1,19.99,0,19.99,Delivered
O001206,C0258,2023-08-04,Electronics,Headphones,2,149.99,10,269.98,Delivered
O001207,C0259,2022-10-27,Sports,Resistance Band,2,14.99,15,25.48,Delivered
O001208,C0260,2022-10-20,Sports,Skipping Rope,2,9.99,0,19.98,Delivered
O001209,C0260,2023-06-30,Beauty,Lip Balm,5,8.99,0,44.95,Delivered
O001210,C0261,2023-08-17,Beauty,Shampoo,1,14.99,15,12.74,Delivered
O001211,C0261,2023-01-09,Toys,LEGO Set,5,49.99,0,249.95,Delivered
O001212,C0261,2023-07-02,Toys,Board Game,4,34.99,0,139.96,Delivered
O001213,C0261,2023-05-20,Sports,Dumbbells,3,59.99,0,179.97,Delivered
O001214,C0261,2023-12-28,Sports,Dumbbells,3,59.99,15,152.97,Returned
O001215,C0261,2023-01-14,Home & Garden,Plant Pot,2,14.99,5,28.48,Delivered
O001216,C0261,2023-04-20,Books,Travel Guide,3,16.99,15,43.32,Delivered
O001217,C0262,2023-07-26,Food & Drink,Nuts Mix,4,12.99,10,46.76,Delivered
O001218,C0263,2021-09-03,Books,Travel Guide,5,16.99,15,72.21,Delivered
O001219,C0263,2022-06-06,Toys,LEGO Set,1,49.99,0,49.99,Delivered
O001220,C0263,2022-05-07,Clothing,Jeans,3,59.99,0,179.97,Delivered
O001221,C0263,2021-02-09,Toys,Art Kit,1,24.99,15,21.24,Delivered
O001222,C0263,2022-05-01,Food & Drink,Nuts Mix,4,12.99,0,51.96,Delivered
O001223,C0263,2023-06-12,Beauty,Perfume,2,79.99,10,143.98,Delivered
O001224,C0263,2021-10-12,Home & Garden,Lamp,5,69.99,0,349.95,Delivered
O001225,C0263,2022-03-05,Beauty,Lip Balm,4,8.99,15,30.57,Delivered
O001226,C0263,2021-11-11,Books,Novel,4,12.99,5,49.36,Delivered
O001227,C0263,2022-10-30,Electronics,USB Hub,5,29.99,0,149.95,Delivered
O001228,C0263,2021-06-28,Books,Novel,5,12.99,0,64.95,Delivered
O001229,C0263,2021-11-21,Food & Drink,Olive Oil,3,16.99,5,48.42,Delivered
O001230,C0263,2022-06-11,Food & Drink,Coffee Beans,2,19.99,0,39.98,Delivered
O001231,C0264,2023-03-24,Toys,LEGO Set,5,49.99,15,212.46,Delivered
O001232,C0264,2022-05-26,Books,Data Science Guide,3,44.99,0,134.97,Delivered
O001233,C0264,2023-07-04,Clothing,T-Shirt,2,19.99,10,35.98,Delivered
O001234,C0264,2022-12-03,Toys,Board Game,4,34.99,0,139.96,Delivered
O001235,C0264,2023-10-06,Electronics,Laptop Stand,4,49.99,0,199.96,Delivered
O001236,C0264,2023-11-25,Clothing,Sneakers,5,79.99,10,359.95,Returned
O001237,C0264,2023-11-28,Home & Garden,Cushion,1,34.99,0,34.99,Delivered
O001238,C0264,2022-08-18,Home & Garden,Candle Set,2,24.99,5,47.48,Returned
O001239,C0265,2023-03-23,Books,Cookbook,3,24.99,0,74.97,Delivered
O001240,C0265,2022-12-19,Home & Garden,Cushion,3,34.99,15,89.22,Delivered
O001241,C0266,2023-10-31,Sports,Yoga Mat,4,39.99,0,159.96,Delivered
O001242,C0266,2023-11-07,Home & Garden,Rug,5,129.99,5,617.45,Delivered
O001243,C0267,2021-10-05,Electronics,Mouse,4,39.99,20,127.97,Delivered
O001244,C0268,2022-09-15,Home & Garden,Cushion,1,34.99,5,33.24,Delivered
O001245,C0268,2023-05-24,Home & Garden,Cushion,4,34.99,0,139.96,Delivered
O001246,C0268,2021-06-17,Toys,Board Game,1,34.99,0,34.99,Delivered
O001247,C0268,2021-10-13,Food & Drink,Olive Oil,1,16.99,20,13.59,Delivered
O001248,C0268,2022-05-14,Food & Drink,Olive Oil,5,16.99,0,84.95,Delivered
O001249,C0268,2022-09-01,Electronics,Mouse,4,39.99,15,135.97,Delivered
O001250,C0268,2022-11-22,Electronics,Laptop Stand,4,49.99,0,199.96,Delivered
O001251,C0269,2023-07-02,Clothing,Jacket,3,89.99,0,269.97,Delivered
O001252,C0269,2023-08-02,Food & Drink,Olive Oil,4,16.99,0,67.96,Delivered
O001253,C0269,2023-05-07,Sports,Skipping Rope,4,9.99,15,33.97,Returned
O001254,C0270,2022-04-10,Toys,Stuffed Animal,2,19.99,10,35.98,Delivered
O001255,C0270,2023-05-06,Clothing,Jeans,5,59.99,5,284.95,Delivered
O001256,C0270,2022-04-24,Toys,Art Kit,5,24.99,10,112.45,Delivered
O001257,C0270,2023-05-11,Books,Novel,4,12.99,0,51.96,Delivered
O001258,C0271,2022-09-17,Beauty,Shampoo,5,14.99,5,71.2,Delivered
O001259,C0271,2022-07-07,Beauty,Perfume,1,79.99,20,63.99,Delivered
O001260,C0271,2023-07-20,Toys,Board Game,3,34.99,10,94.47,Delivered
O001261,C0271,2022-12-11,Clothing,Dress,2,49.99,5,94.98,Delivered
O001262,C0271,2022-06-14,Sports,Dumbbells,2,59.99,5,113.98,Delivered
O001263,C0271,2023-10-19,Clothing,T-Shirt,2,19.99,15,33.98,Delivered
O001264,C0272,2023-06-22,Toys,LEGO Set,5,49.99,10,224.96,Delivered
O001265,C0272,2023-08-20,Clothing,Dress,1,49.99,0,49.99,Delivered
O001266,C0272,2023-07-29,Beauty,Lip Balm,5,8.99,10,40.46,Delivered
O001267,C0273,2023-12-15,Electronics,Mouse,1,39.99,15,33.99,Delivered
O001268,C0274,2022-11-02,Food & Drink,Protein Bar,3,2.99,0,8.97,Delivered
O001269,C0274,2022-09-08,Beauty,Face Cream,2,39.99,0,79.98,Delivered
O001270,C0274,2023-03-03,Beauty,Shampoo,3,14.99,10,40.47,Delivered
O001271,C0274,2022-12-14,Books,Data Science Guide,3,44.99,0,134.97,Delivered
O001272,C0274,2022-10-20,Clothing,T-Shirt,3,19.99,0,59.97,Delivered
O001273,C0274,2022-10-20,Books,Data Science Guide,1,44.99,5,42.74,Delivered
O001274,C0275,2023-05-07,Sports,Skipping Rope,3,9.99,0,29.97,Delivered
O001275,C0276,2023-03-06,Home & Garden,Candle Set,3,24.99,0,74.97,Delivered
O001276,C0276,2023-01-28,Sports,Dumbbells,4,59.99,10,215.96,Delivered
O001277,C0276,2023-07-30,Toys,LEGO Set,5,49.99,0,249.95,Delivered
O001278,C0276,2023-09-06,Electronics,Laptop Stand,3,49.99,0,149.97,Delivered
O001279,C0276,2023-08-17,Toys,Stuffed Animal,5,19.99,10,89.95,Delivered
O001280,C0276,2023-10-21,Clothing,Jacket,2,89.99,10,161.98,Delivered
O001281,C0276,2022-09-27,Electronics,USB Hub,1,29.99,5,28.49,Delivered
O001282,C0276,2023-01-01,Toys,Puzzle,2,19.99,20,31.98,Delivered
O001283,C0277,2023-04-29,Beauty,Perfume,3,79.99,15,203.97,Delivered
O001284,C0277,2023-06-21,Books,Python Cookbook,4,34.99,15,118.97,Delivered
O001285,C0278,2023-12-29,Sports,Skipping Rope,1,9.99,0,9.99,Delivered
O001286,C0278,2023-11-11,Home & Garden,Lamp,5,69.99,15,297.46,Delivered
O001287,C0278,2023-04-28,Toys,Board Game,1,34.99,20,27.99,Delivered
O001288,C0278,2023-06-29,Home & Garden,Lamp,1,69.99,20,55.99,Delivered
O001289,C0278,2023-07-15,Electronics,Mouse,5,39.99,0,199.95,Delivered
O001290,C0278,2023-06-02,Books,Data Science Guide,4,44.99,0,179.96,Delivered
O001291,C0278,2023-08-03,Electronics,Mouse,5,39.99,0,199.95,Delivered
O001292,C0278,2023-06-07,Sports,Resistance Band,1,14.99,10,13.49,Delivered
O001293,C0278,2023-09-30,Clothing,Sneakers,1,79.99,10,71.99,Returned
O001294,C0278,2023-04-14,Sports,Yoga Mat,4,39.99,5,151.96,Delivered
O001295,C0279,2021-08-29,Toys,Stuffed Animal,2,19.99,0,39.98,Delivered
O001296,C0280,2023-06-19,Toys,Board Game,3,34.99,15,89.22,Delivered
O001297,C0280,2022-09-24,Beauty,Serum,1,54.99,10,49.49,Delivered
O001298,C0280,2022-12-25,Electronics,Webcam,4,79.99,5,303.96,Delivered
O001299,C0281,2023-06-13,Electronics,Headphones,5,149.99,0,749.95,Delivered
O001300,C0282,2023-11-24,Home & Garden,Lamp,1,69.99,20,55.99,Delivered
O001301,C0282,2023-05-11,Food & Drink,Protein Bar,5,2.99,5,14.2,Delivered
O001302,C0282,2023-06-02,Food & Drink,Tea Collection,4,24.99,5,94.96,Delivered
O001303,C0283,2022-10-13,Food & Drink,Protein Bar,2,2.99,15,5.08,Delivered
O001304,C0283,2022-11-15,Food & Drink,Olive Oil,4,16.99,10,61.16,Delivered
O001305,C0283,2022-07-02,Home & Garden,Plant Pot,1,14.99,10,13.49,Delivered
O001306,C0283,2022-10-20,Clothing,Sneakers,1,79.99,5,75.99,Delivered
O001307,C0283,2023-02-15,Home & Garden,Candle Set,2,24.99,10,44.98,Delivered
O001308,C0283,2023-06-04,Home & Garden,Lamp,2,69.99,0,139.98,Delivered
O001309,C0284,2023-11-24,Clothing,Jacket,1,89.99,0,89.99,Delivered
O001310,C0285,2022-11-25,Home & Garden,Lamp,4,69.99,5,265.96,Delivered
O001311,C0285,2022-03-01,Sports,Resistance Band,3,14.99,15,38.22,Delivered
O001312,C0285,2021-12-16,Clothing,Sneakers,4,79.99,0,319.96,Delivered
O001313,C0285,2023-07-03,Books,Travel Guide,5,16.99,0,84.95,Delivered
O001314,C0286,2022-01-27,Clothing,Sneakers,1,79.99,10,71.99,Delivered
O001315,C0287,2022-08-29,Electronics,Headphones,5,149.99,15,637.46,Delivered
O001316,C0287,2023-01-18,Sports,Skipping Rope,2,9.99,20,15.98,Delivered
O001317,C0288,2022-05-22,Food & Drink,Nuts Mix,1,12.99,5,12.34,Delivered
O001318,C0288,2023-03-28,Sports,Yoga Mat,1,39.99,0,39.99,Delivered
O001319,C0288,2022-02-24,Beauty,Perfume,1,79.99,10,71.99,Returned
O001320,C0288,2023-06-10,Food & Drink,Nuts Mix,2,12.99,0,25.98,Delivered
O001321,C0288,2023-03-14,Food & Drink,Tea Collection,2,24.99,10,44.98,Delivered
O001322,C0288,2022-08-21,Electronics,Webcam,2,79.99,0,159.98,Delivered
O001323,C0288,2022-12-23,Home & Garden,Plant Pot,3,14.99,10,40.47,Delivered
O001324,C0289,2023-09-06,Sports,Dumbbells,3,59.99,0,179.97,Delivered
O001325,C0289,2022-03-29,Beauty,Lip Balm,2,8.99,20,14.38,Returned
O001326,C0289,2023-07-09,Home & Garden,Cushion,1,34.99,20,27.99,Delivered
O001327,C0290,2023-11-27,Books,Novel,3,12.99,15,33.12,Delivered
O001328,C0290,2023-12-14,Beauty,Serum,3,54.99,0,164.97,Returned
O001329,C0290,2023-12-29,Beauty,Lip Balm,2,8.99,5,17.08,Delivered
O001330,C0291,2023-09-08,Books,Novel,3,12.99,0,38.97,Delivered
O001331,C0291,2023-07-14,Clothing,T-Shirt,5,19.99,5,94.95,Delivered
O001332,C0291,2023-08-24,Food & Drink,Tea Collection,2,24.99,10,44.98,Delivered
O001333,C0291,2023-11-17,Sports,Dumbbells,4,59.99,0,239.96,Delivered
O001334,C0291,2023-11-16,Home & Garden,Candle Set,5,24.99,20,99.96,Delivered
O001335,C0291,2023-03-08,Sports,Skipping Rope,1,9.99,20,7.99,Delivered
O001336,C0291,2023-03-25,Toys,LEGO Set,4,49.99,20,159.97,Delivered
O001337,C0292,2023-12-25,Electronics,Laptop Stand,1,49.99,0,49.99,Returned
O001338,C0292,2023-07-04,Clothing,Jacket,5,89.99,20,359.96,Delivered
O001339,C0292,2023-05-19,Sports,Resistance Band,4,14.99,0,59.96,Returned
O001340,C0292,2023-11-17,Books,Cookbook,3,24.99,15,63.72,Delivered
O001341,C0292,2023-12-10,Food & Drink,Protein Bar,5,2.99,10,13.46,Delivered
O001342,C0292,2023-04-02,Beauty,Lip Balm,2,8.99,10,16.18,Returned
O001343,C0292,2023-09-28,Electronics,USB Hub,4,29.99,15,101.97,Delivered
O001344,C0292,2023-07-18,Food & Drink,Nuts Mix,4,12.99,0,51.96,Delivered
O001345,C0292,2023-08-17,Food & Drink,Protein Bar,4,2.99,0,11.96,Delivered
O001346,C0293,2023-02-19,Toys,Puzzle,3,19.99,5,56.97,Delivered
O001347,C0294,2023-10-20,Electronics,Headphones,5,149.99,0,749.95,Delivered
O001348,C0295,2023-11-08,Home & Garden,Cushion,2,34.99,0,69.98,Delivered
O001349,C0295,2022-10-29,Home & Garden,Cushion,3,34.99,0,104.97,Delivered
O001350,C0295,2023-04-04,Clothing,Jacket,5,89.99,5,427.45,Returned
O001351,C0295,2023-10-18,Home & Garden,Lamp,2,69.99,10,125.98,Delivered
O001352,C0295,2022-11-30,Electronics,USB Hub,4,29.99,5,113.96,Returned
O001353,C0296,2023-04-29,Clothing,Sneakers,4,79.99,15,271.97,Returned
O001354,C0296,2022-06-09,Electronics,Headphones,3,149.99,15,382.47,Delivered
O001355,C0296,2023-08-28,Home & Garden,Lamp,5,69.99,20,279.96,Delivered
O001356,C0296,2023-08-19,Food & Drink,Nuts Mix,4,12.99,5,49.36,Delivered
O001357,C0296,2023-11-10,Beauty,Shampoo,4,14.99,0,59.96,Delivered
O001358,C0296,2022-05-16,Electronics,Webcam,5,79.99,20,319.96,Delivered
O001359,C0297,2023-12-23,Beauty,Shampoo,3,14.99,5,42.72,Delivered
O001360,C0297,2023-12-29,Electronics,Mouse,4,39.99,20,127.97,Delivered
O001361,C0297,2023-12-08,Food & Drink,Protein Bar,2,2.99,20,4.78,Delivered
O001362,C0297,2023-11-06,Clothing,Jeans,2,59.99,10,107.98,Delivered
O001363,C0298,2022-04-09,Clothing,Sneakers,1,79.99,0,79.99,Delivered
O001364,C0298,2022-07-11,Books,Python Cookbook,3,34.99,15,89.22,Delivered
O001365,C0298,2022-04-18,Clothing,Sneakers,3,79.99,0,239.97,Delivered
O001366,C0298,2022-02-11,Clothing,Jeans,4,59.99,0,239.96,Delivered
O001367,C0298,2023-12-02,Books,Novel,4,12.99,20,41.57,Delivered
O001368,C0298,2021-11-14,Electronics,Mouse,4,39.99,15,135.97,Delivered
O001369,C0298,2022-02-02,Electronics,Webcam,4,79.99,5,303.96,Delivered
O001370,C0299,2022-10-09,Home & Garden,Plant Pot,5,14.99,10,67.45,Delivered
O001371,C0299,2023-03-18,Home & Garden,Rug,1,129.99,0,129.99,Delivered
O001372,C0299,2023-06-07,Toys,Stuffed Animal,3,19.99,20,47.98,Delivered
O001373,C0299,2023-03-01,Electronics,Headphones,2,149.99,0,299.98,Delivered
O001374,C0299,2022-09-15,Toys,Puzzle,1,19.99,0,19.99,Delivered
O001375,C0300,2023-09-29,Food & Drink,Coffee Beans,4,19.99,0,79.96,Delivered
O001376,C0300,2023-12-07,Books,Travel Guide,4,16.99,20,54.37,Delivered
O001377,C0300,2023-10-03,Beauty,Shampoo,3,14.99,20,35.98,Delivered
O001378,C0300,2023-11-02,Beauty,Lip Balm,5,8.99,15,38.21,Delivered
O001379,C0300,2023-11-18,Clothing,Sneakers,4,79.99,20,255.97,Delivered
O001380,C0300,2023-12-29,Sports,Skipping Rope,4,9.99,5,37.96,Delivered
O001381,C0300,2023-10-30,Books,Cookbook,5,24.99,0,124.95,Delivered
O001382,C0300,2023-12-14,Books,Cookbook,5,24.99,15,106.21,Delivered
O001383,C0300,2023-11-16,Electronics,USB Hub,2,29.99,5,56.98,Delivered
O001384,C0301,2023-04-02,Food & Drink,Tea Collection,4,24.99,5,94.96,Delivered
O001385,C0301,2022-10-16,Sports,Dumbbells,1,59.99,15,50.99,Delivered
O001386,C0302,2022-12-14,Food & Drink,Olive Oil,2,16.99,5,32.28,Delivered
O001387,C0302,2023-01-26,Beauty,Lip Balm,1,8.99,0,8.99,Delivered
O001388,C0302,2022-07-31,Clothing,Sneakers,1,79.99,0,79.99,Delivered
O001389,C0302,2023-03-29,Sports,Dumbbells,5,59.99,0,299.95,Delivered
O001390,C0302,2022-12-22,Home & Garden,Candle Set,5,24.99,0,124.95,Delivered
O001391,C0302,2023-06-01,Books,Novel,2,12.99,0,25.98,Delivered
O001392,C0302,2022-02-17,Electronics,Mouse,4,39.99,10,143.96,Delivered
O001393,C0303,2023-12-28,Sports,Yoga Mat,2,39.99,10,71.98,Delivered
O001394,C0304,2023-10-13,Food & Drink,Coffee Beans,4,19.99,10,71.96,Delivered
O001395,C0305,2023-09-05,Clothing,Sneakers,4,79.99,20,255.97,Delivered
O001396,C0305,2023-10-21,Clothing,T-Shirt,5,19.99,0,99.95,Delivered
O001397,C0305,2023-12-09,Home & Garden,Cushion,5,34.99,0,174.95,Delivered
O001398,C0305,2023-11-20,Food & Drink,Olive Oil,3,16.99,20,40.78,Delivered
O001399,C0305,2023-11-14,Toys,Board Game,4,34.99,0,139.96,Delivered
O001400,C0305,2023-11-20,Toys,Board Game,2,34.99,10,62.98,Delivered
O001401,C0305,2023-09-17,Sports,Water Bottle,5,19.99,10,89.95,Delivered
O001402,C0305,2023-10-30,Home & Garden,Plant Pot,4,14.99,15,50.97,Delivered
O001403,C0306,2023-04-18,Electronics,USB Hub,5,29.99,10,134.95,Delivered
O001404,C0306,2022-09-23,Toys,LEGO Set,3,49.99,0,149.97,Delivered
O001405,C0306,2021-12-12,Toys,Art Kit,2,24.99,15,42.48,Delivered
O001406,C0306,2023-06-14,Beauty,Lip Balm,4,8.99,0,35.96,Delivered
O001407,C0306,2022-08-21,Toys,LEGO Set,4,49.99,5,189.96,Delivered
O001408,C0306,2023-04-30,Home & Garden,Plant Pot,2,14.99,0,29.98,Delivered
O001409,C0307,2022-03-30,Electronics,USB Hub,5,29.99,15,127.46,Delivered
O001410,C0307,2022-11-14,Food & Drink,Coffee Beans,3,19.99,5,56.97,Delivered
O001411,C0307,2021-04-01,Beauty,Perfume,5,79.99,0,399.95,Delivered
O001412,C0307,2022-07-26,Food & Drink,Olive Oil,4,16.99,15,57.77,Returned
O001413,C0307,2021-08-23,Electronics,Webcam,3,79.99,20,191.98,Delivered
O001414,C0307,2023-12-14,Sports,Dumbbells,2,59.99,5,113.98,Delivered
O001415,C0307,2023-01-07,Food & Drink,Olive Oil,4,16.99,5,64.56,Delivered
O001416,C0307,2022-03-08,Electronics,Webcam,3,79.99,5,227.97,Delivered
O001417,C0308,2022-04-30,Food & Drink,Nuts Mix,1,12.99,0,12.99,Delivered
O001418,C0308,2023-05-15,Home & Garden,Lamp,3,69.99,10,188.97,Delivered
O001419,C0308,2023-12-22,Sports,Yoga Mat,5,39.99,10,179.96,Delivered
O001420,C0308,2023-06-01,Electronics,Webcam,1,79.99,20,63.99,Delivered
O001421,C0308,2023-08-31,Electronics,USB Hub,1,29.99,15,25.49,Delivered
O001422,C0309,2023-01-23,Electronics,Webcam,4,79.99,0,319.96,Delivered
O001423,C0309,2023-01-15,Food & Drink,Coffee Beans,4,19.99,20,63.97,Delivered
O001424,C0309,2023-08-06,Sports,Water Bottle,4,19.99,20,63.97,Delivered
O001425,C0309,2023-04-16,Sports,Skipping Rope,4,9.99,10,35.96,Delivered
O001426,C0309,2023-07-05,Food & Drink,Olive Oil,1,16.99,5,16.14,Delivered
O001427,C0309,2023-08-30,Books,Novel,3,12.99,10,35.07,Delivered
O001428,C0310,2023-05-04,Toys,Art Kit,1,24.99,0,24.99,Delivered
O001429,C0310,2023-12-21,Books,Python Cookbook,2,34.99,15,59.48,Delivered
O001430,C0310,2023-09-12,Clothing,Jacket,4,89.99,20,287.97,Delivered
O001431,C0310,2021-03-16,Clothing,Dress,5,49.99,20,199.96,Delivered
O001432,C0310,2021-09-17,Food & Drink,Olive Oil,1,16.99,20,13.59,Returned
O001433,C0310,2023-04-10,Home & Garden,Rug,2,129.99,0,259.98,Delivered
O001434,C0311,2022-08-08,Clothing,Jeans,1,59.99,0,59.99,Delivered
O001435,C0312,2023-03-14,Food & Drink,Olive Oil,2,16.99,0,33.98,Delivered
O001436,C0312,2023-03-25,Clothing,T-Shirt,1,19.99,10,17.99,Delivered
O001437,C0312,2023-02-18,Beauty,Face Cream,5,39.99,15,169.96,Delivered
O001438,C0312,2023-04-20,Home & Garden,Cushion,2,34.99,10,62.98,Delivered
O001439,C0312,2023-10-14,Food & Drink,Protein Bar,2,2.99,10,5.38,Delivered
O001440,C0313,2023-04-11,Electronics,Mouse,5,39.99,0,199.95,Delivered
O001441,C0313,2022-02-14,Toys,LEGO Set,5,49.99,15,212.46,Delivered
O001442,C0314,2023-12-10,Electronics,Mouse,1,39.99,5,37.99,Delivered
O001443,C0314,2023-12-20,Home & Garden,Rug,1,129.99,0,129.99,Delivered
O001444,C0315,2023-09-01,Electronics,USB Hub,3,29.99,0,89.97,Delivered
O001445,C0316,2023-04-19,Sports,Dumbbells,4,59.99,10,215.96,Delivered
O001446,C0317,2023-04-06,Beauty,Lip Balm,3,8.99,10,24.27,Delivered
O001447,C0318,2023-12-05,Home & Garden,Rug,4,129.99,15,441.97,Delivered
O001448,C0319,2023-12-18,Food & Drink,Coffee Beans,3,19.99,15,50.97,Delivered
O001449,C0319,2023-03-06,Toys,LEGO Set,2,49.99,0,99.98,Delivered
O001450,C0319,2023-11-12,Toys,LEGO Set,5,49.99,0,249.95,Delivered
O001451,C0319,2022-05-30,Toys,Board Game,3,34.99,0,104.97,Delivered
O001452,C0320,2023-09-26,Toys,LEGO Set,4,49.99,5,189.96,Delivered
O001453,C0321,2023-08-29,Toys,Puzzle,1,19.99,0,19.99,Returned
O001454,C0321,2022-09-06,Toys,Puzzle,2,19.99,20,31.98,Delivered
O001455,C0321,2022-11-30,Sports,Skipping Rope,4,9.99,10,35.96,Delivered
O001456,C0321,2023-05-07,Home & Garden,Cushion,3,34.99,0,104.97,Delivered
O001457,C0322,2023-07-22,Home & Garden,Rug,4,129.99,0,519.96,Delivered
O001458,C0322,2023-10-26,Beauty,Face Cream,5,39.99,5,189.95,Delivered
O001459,C0322,2023-08-09,Home & Garden,Rug,5,129.99,20,519.96,Delivered
O001460,C0322,2023-12-16,Beauty,Perfume,2,79.99,0,159.98,Delivered
O001461,C0322,2023-06-22,Books,Data Science Guide,3,44.99,20,107.98,Delivered
O001462,C0322,2023-05-12,Electronics,Webcam,4,79.99,20,255.97,Delivered
O001463,C0322,2023-10-26,Electronics,Laptop Stand,4,49.99,0,199.96,Delivered
O001464,C0322,2023-08-30,Beauty,Perfume,2,79.99,0,159.98,Delivered
O001465,C0323,2022-02-17,Sports,Resistance Band,4,14.99,15,50.97,Delivered
O001466,C0323,2023-07-30,Clothing,T-Shirt,1,19.99,10,17.99,Delivered
O001467,C0323,2022-05-15,Books,Novel,4,12.99,5,49.36,Delivered
O001468,C0323,2022-07-05,Sports,Resistance Band,1,14.99,20,11.99,Delivered
O001469,C0323,2022-07-29,Electronics,Mouse,3,39.99,20,95.98,Delivered
O001470,C0323,2023-05-27,Home & Garden,Cushion,5,34.99,15,148.71,Delivered
O001471,C0324,2023-08-08,Home & Garden,Cushion,5,34.99,5,166.2,Delivered
O001472,C0325,2022-12-02,Books,Cookbook,3,24.99,0,74.97,Delivered
O001473,C0326,2023-11-13,Clothing,T-Shirt,1,19.99,5,18.99,Delivered
O001474,C0326,2023-11-03,Home & Garden,Plant Pot,3,14.99,15,38.22,Delivered
O001475,C0326,2023-11-11,Electronics,Headphones,3,149.99,0,449.97,Delivered
O001476,C0326,2023-11-29,Electronics,Webcam,2,79.99,20,127.98,Delivered
O001477,C0326,2023-12-18,Toys,Art Kit,3,24.99,15,63.72,Delivered
O001478,C0326,2023-12-22,Books,Data Science Guide,2,44.99,0,89.98,Delivered
O001479,C0327,2022-06-05,Sports,Water Bottle,2,19.99,0,39.98,Delivered
O001480,C0327,2023-04-23,Books,Cookbook,3,24.99,0,74.97,Delivered
O001481,C0327,2022-06-29,Home & Garden,Lamp,3,69.99,10,188.97,Delivered
O001482,C0327,2023-08-15,Books,Cookbook,5,24.99,0,124.95,Delivered
O001483,C0327,2022-07-04,Food & Drink,Tea Collection,5,24.99,15,106.21,Returned
O001484,C0327,2022-04-30,Food & Drink,Olive Oil,3,16.99,20,40.78,Delivered
O001485,C0327,2022-09-16,Beauty,Lip Balm,5,8.99,0,44.95,Delivered
O001486,C0327,2023-03-05,Home & Garden,Cushion,5,34.99,5,166.2,Delivered
O001487,C0328,2022-10-09,Home & Garden,Candle Set,4,24.99,5,94.96,Returned
O001488,C0328,2023-11-01,Home & Garden,Rug,1,129.99,5,123.49,Delivered
O001489,C0328,2023-08-06,Home & Garden,Cushion,1,34.99,15,29.74,Delivered
O001490,C0328,2022-09-05,Beauty,Shampoo,2,14.99,0,29.98,Delivered
O001491,C0328,2023-02-26,Home & Garden,Plant Pot,3,14.99,20,35.98,Delivered
O001492,C0328,2022-10-10,Clothing,Jacket,3,89.99,0,269.97,Delivered
O001493,C0328,2023-10-18,Toys,LEGO Set,2,49.99,0,99.98,Delivered
O001494,C0328,2022-09-24,Electronics,Laptop Stand,4,49.99,0,199.96,Delivered
O001495,C0328,2023-01-28,Beauty,Lip Balm,5,8.99,20,35.96,Returned
O001496,C0328,2023-11-16,Food & Drink,Tea Collection,3,24.99,0,74.97,Delivered
O001497,C0329,2021-11-18,Sports,Water Bottle,5,19.99,5,94.95,Delivered
O001498,C0330,2023-10-22,Clothing,Jeans,2,59.99,0,119.98,Delivered
O001499,C0331,2023-12-24,Toys,LEGO Set,5,49.99,10,224.96,Delivered
O001500,C0332,2023-09-16,Sports,Skipping Rope,2,9.99,0,19.98,Delivered
O001501,C0332,2023-09-08,Electronics,Webcam,3,79.99,10,215.97,Delivered
O001502,C0333,2022-10-10,Clothing,Jeans,4,59.99,15,203.97,Delivered
O001503,C0333,2022-12-02,Electronics,Mouse,1,39.99,10,35.99,Delivered
O001504,C0333,2023-12-13,Electronics,Headphones,3,149.99,20,359.98,Delivered
O001505,C0333,2022-11-23,Clothing,T-Shirt,3,19.99,15,50.97,Returned
O001506,C0333,2023-03-12,Electronics,USB Hub,1,29.99,15,25.49,Delivered
O001507,C0334,2023-08-25,Beauty,Face Cream,5,39.99,20,159.96,Delivered
O001508,C0334,2023-08-16,Beauty,Shampoo,2,14.99,0,29.98,Delivered
O001509,C0334,2023-08-20,Sports,Water Bottle,1,19.99,20,15.99,Delivered
O001510,C0334,2023-11-14,Food & Drink,Protein Bar,3,2.99,0,8.97,Delivered
O001511,C0334,2023-05-20,Beauty,Face Cream,3,39.99,0,119.97,Delivered
O001512,C0334,2021-10-05,Food & Drink,Nuts Mix,1,12.99,0,12.99,Delivered
O001513,C0334,2021-12-22,Food & Drink,Coffee Beans,1,19.99,0,19.99,Delivered
O001514,C0334,2023-06-26,Clothing,T-Shirt,5,19.99,10,89.95,Delivered
O001515,C0334,2023-07-14,Food & Drink,Coffee Beans,5,19.99,5,94.95,Delivered
O001516,C0334,2021-09-28,Home & Garden,Cushion,2,34.99,0,69.98,Delivered
O001517,C0335,2023-09-09,Home & Garden,Candle Set,2,24.99,0,49.98,Delivered
O001518,C0335,2023-10-15,Books,Novel,1,12.99,0,12.99,Delivered
O001519,C0335,2023-08-05,Home & Garden,Rug,4,129.99,0,519.96,Delivered
O001520,C0335,2023-09-23,Food & Drink,Coffee Beans,5,19.99,15,84.96,Delivered
O001521,C0335,2023-10-26,Sports,Water Bottle,5,19.99,20,79.96,Delivered
O001522,C0335,2023-01-15,Beauty,Lip Balm,4,8.99,15,30.57,Delivered
O001523,C0336,2023-11-12,Clothing,Jacket,5,89.99,10,404.95,Delivered
O001524,C0336,2023-03-21,Food & Drink,Tea Collection,2,24.99,15,42.48,Delivered
O001525,C0336,2023-09-06,Food & Drink,Olive Oil,3,16.99,20,40.78,Delivered
O001526,C0337,2023-07-27,Sports,Dumbbells,5,59.99,5,284.95,Delivered
O001527,C0337,2022-03-27,Books,Data Science Guide,2,44.99,20,71.98,Delivered
O001528,C0337,2023-06-27,Home & Garden,Lamp,3,69.99,15,178.47,Delivered
O001529,C0337,2021-05-24,Clothing,Sneakers,5,79.99,0,399.95,Delivered
O001530,C0338,2023-12-10,Toys,Stuffed Animal,2,19.99,0,39.98,Delivered
O001531,C0338,2023-12-24,Sports,Water Bottle,5,19.99,15,84.96,Delivered
O001532,C0338,2023-12-06,Food & Drink,Nuts Mix,4,12.99,5,49.36,Delivered
O001533,C0338,2023-12-10,Electronics,Mouse,5,39.99,20,159.96,Delivered
O001534,C0338,2023-11-26,Beauty,Shampoo,3,14.99,5,42.72,Delivered
O001535,C0338,2023-12-27,Clothing,Jeans,1,59.99,15,50.99,Delivered
O001536,C0338,2023-11-29,Electronics,Mouse,3,39.99,0,119.97,Delivered
O001537,C0338,2023-12-04,Beauty,Shampoo,2,14.99,0,29.98,Delivered
O001538,C0339,2022-06-17,Food & Drink,Nuts Mix,4,12.99,0,51.96,Delivered
O001539,C0340,2021-10-27,Electronics,USB Hub,2,29.99,10,53.98,Delivered
O001540,C0340,2023-11-13,Sports,Water Bottle,3,19.99,15,50.97,Delivered
O001541,C0340,2022-06-06,Sports,Skipping Rope,3,9.99,0,29.97,Delivered
O001542,C0341,2023-05-10,Home & Garden,Rug,2,129.99,10,233.98,Returned
O001543,C0342,2023-10-23,Home & Garden,Candle Set,5,24.99,0,124.95,Delivered
O001544,C0342,2021-04-12,Books,Data Science Guide,1,44.99,0,44.99,Delivered
O001545,C0342,2023-04-25,Food & Drink,Nuts Mix,1,12.99,0,12.99,Delivered
O001546,C0342,2022-04-18,Food & Drink,Olive Oil,2,16.99,15,28.88,Delivered
O001547,C0343,2022-09-11,Toys,LEGO Set,4,49.99,5,189.96,Delivered
O001548,C0343,2021-12-19,Electronics,Webcam,4,79.99,15,271.97,Returned
O001549,C0343,2023-03-07,Sports,Resistance Band,2,14.99,20,23.98,Delivered
O001550,C0343,2022-08-08,Sports,Dumbbells,1,59.99,5,56.99,Delivered
O001551,C0344,2023-08-25,Books,Travel Guide,2,16.99,20,27.18,Delivered
O001552,C0344,2023-07-28,Sports,Resistance Band,3,14.99,0,44.97,Delivered
O001553,C0344,2023-10-10,Beauty,Shampoo,3,14.99,0,44.97,Delivered
O001554,C0344,2023-09-27,Food & Drink,Protein Bar,3,2.99,20,7.18,Delivered
O001555,C0344,2023-10-18,Electronics,Headphones,4,149.99,20,479.97,Delivered
O001556,C0345,2021-10-22,Electronics,Headphones,4,149.99,5,569.96,Delivered
O001557,C0345,2023-04-24,Sports,Dumbbells,4,59.99,0,239.96,Delivered
O001558,C0345,2022-09-19,Toys,Art Kit,5,24.99,5,118.7,Delivered
O001559,C0345,2021-12-03,Clothing,Dress,5,49.99,10,224.96,Delivered
O001560,C0345,2021-10-11,Books,Cookbook,3,24.99,20,59.98,Delivered
O001561,C0345,2021-11-16,Home & Garden,Candle Set,2,24.99,0,49.98,Delivered
O001562,C0345,2023-10-26,Beauty,Perfume,5,79.99,10,359.95,Delivered
O001563,C0345,2022-06-07,Toys,Puzzle,3,19.99,0,59.97,Delivered
O001564,C0345,2023-10-04,Clothing,Sneakers,5,79.99,0,399.95,Delivered
O001565,C0346,2023-10-09,Clothing,Jacket,4,89.99,15,305.97,Delivered
O001566,C0346,2023-06-10,Sports,Resistance Band,4,14.99,15,50.97,Delivered
O001567,C0346,2023-11-21,Books,Data Science Guide,3,44.99,5,128.22,Delivered
O001568,C0346,2023-06-01,Beauty,Face Cream,1,39.99,15,33.99,Returned
O001569,C0346,2023-07-18,Sports,Skipping Rope,2,9.99,20,15.98,Delivered
O001570,C0346,2023-10-10,Toys,LEGO Set,5,49.99,15,212.46,Delivered
O001571,C0346,2023-11-27,Sports,Dumbbells,5,59.99,20,239.96,Delivered
O001572,C0346,2023-06-19,Clothing,Jeans,1,59.99,10,53.99,Delivered
O001573,C0346,2023-10-01,Home & Garden,Candle Set,4,24.99,0,99.96,Delivered
O001574,C0346,2023-07-27,Sports,Resistance Band,3,14.99,0,44.97,Delivered
O001575,C0346,2023-06-18,Home & Garden,Lamp,2,69.99,0,139.98,Delivered
O001576,C0346,2023-11-19,Toys,LEGO Set,3,49.99,15,127.47,Delivered
O001577,C0346,2023-06-25,Home & Garden,Candle Set,4,24.99,5,94.96,Delivered
O001578,C0346,2023-05-26,Electronics,USB Hub,4,29.99,0,119.96,Delivered
O001579,C0347,2023-04-24,Toys,Art Kit,2,24.99,20,39.98,Delivered
O001580,C0347,2022-07-23,Beauty,Serum,1,54.99,20,43.99,Delivered
O001581,C0347,2021-08-23,Clothing,Jacket,4,89.99,20,287.97,Returned
O001582,C0347,2022-11-04,Beauty,Lip Balm,3,8.99,20,21.58,Delivered
O001583,C0347,2022-06-19,Home & Garden,Plant Pot,2,14.99,0,29.98,Delivered
O001584,C0347,2023-08-05,Electronics,USB Hub,5,29.99,0,149.95,Delivered
O001585,C0347,2022-12-02,Sports,Dumbbells,1,59.99,20,47.99,Delivered
O001586,C0348,2023-12-24,Beauty,Perfume,5,79.99,5,379.95,Delivered
O001587,C0348,2023-08-03,Beauty,Serum,2,54.99,0,109.98,Delivered
O001588,C0348,2022-08-21,Toys,Art Kit,1,24.99,5,23.74,Delivered
O001589,C0348,2022-12-06,Clothing,Jacket,4,89.99,20,287.97,Delivered
O001590,C0348,2022-09-19,Sports,Skipping Rope,3,9.99,20,23.98,Delivered
O001591,C0348,2022-11-12,Electronics,USB Hub,3,29.99,5,85.47,Delivered
O001592,C0348,2022-12-09,Sports,Water Bottle,4,19.99,5,75.96,Delivered
O001593,C0348,2023-09-06,Clothing,Dress,4,49.99,10,179.96,Delivered
O001594,C0348,2023-11-06,Food & Drink,Protein Bar,5,2.99,20,11.96,Delivered
O001595,C0348,2022-08-26,Books,Novel,2,12.99,0,25.98,Delivered
O001596,C0349,2022-06-23,Beauty,Perfume,4,79.99,0,319.96,Delivered
O001597,C0349,2023-10-15,Toys,Art Kit,2,24.99,0,49.98,Delivered
O001598,C0349,2023-06-10,Home & Garden,Rug,3,129.99,0,389.97,Delivered
O001599,C0349,2022-05-16,Home & Garden,Rug,5,129.99,0,649.95,Delivered
O001600,C0349,2023-03-16,Books,Python Cookbook,4,34.99,15,118.97,Delivered
O001601,C0349,2022-10-17,Home & Garden,Cushion,5,34.99,0,174.95,Delivered
O001602,C0349,2023-07-04,Beauty,Face Cream,3,39.99,0,119.97,Delivered
O001603,C0349,2022-08-19,Home & Garden,Lamp,4,69.99,15,237.97,Delivered
O001604,C0350,2023-08-02,Electronics,Laptop Stand,5,49.99,0,249.95,Delivered
O001605,C0350,2023-10-20,Home & Garden,Plant Pot,5,14.99,20,59.96,Delivered
O001606,C0350,2023-10-27,Beauty,Perfume,5,79.99,5,379.95,Delivered
O001607,C0350,2023-10-23,Electronics,Headphones,4,149.99,20,479.97,Returned
O001608,C0351,2023-10-14,Books,Python Cookbook,2,34.99,10,62.98,Delivered
O001609,C0351,2023-08-27,Home & Garden,Lamp,2,69.99,15,118.98,Delivered
O001610,C0351,2023-09-30,Beauty,Shampoo,3,14.99,15,38.22,Delivered
O001611,C0351,2023-06-26,Toys,Puzzle,4,19.99,20,63.97,Delivered
O001612,C0351,2023-07-13,Toys,LEGO Set,5,49.99,0,249.95,Delivered
O001613,C0351,2023-08-07,Beauty,Lip Balm,3,8.99,0,26.97,Delivered
O001614,C0351,2023-07-09,Home & Garden,Rug,1,129.99,5,123.49,Delivered
O001615,C0351,2023-07-23,Electronics,Webcam,4,79.99,10,287.96,Delivered
O001616,C0351,2023-07-16,Home & Garden,Cushion,5,34.99,0,174.95,Returned
O001617,C0351,2023-07-01,Electronics,Laptop Stand,4,49.99,0,199.96,Delivered
O001618,C0352,2023-03-01,Toys,Art Kit,1,24.99,5,23.74,Delivered
O001619,C0352,2023-11-22,Toys,Board Game,2,34.99,20,55.98,Delivered
O001620,C0352,2023-07-05,Sports,Water Bottle,1,19.99,5,18.99,Delivered
O001621,C0352,2023-09-24,Books,Travel Guide,3,16.99,0,50.97,Delivered
O001622,C0352,2023-01-21,Books,Travel Guide,4,16.99,0,67.96,Delivered
O001623,C0352,2023-10-29,Sports,Water Bottle,4,19.99,5,75.96,Returned
O001624,C0353,2022-11-25,Toys,Stuffed Animal,3,19.99,0,59.97,Delivered
O001625,C0354,2023-04-05,Sports,Dumbbells,5,59.99,0,299.95,Delivered
O001626,C0354,2023-08-10,Home & Garden,Rug,1,129.99,0,129.99,Delivered
O001627,C0354,2023-04-09,Clothing,Sneakers,2,79.99,0,159.98,Delivered
O001628,C0354,2023-05-06,Books,Cookbook,3,24.99,0,74.97,Delivered
O001629,C0355,2023-03-23,Sports,Dumbbells,1,59.99,5,56.99,Delivered
O001630,C0356,2022-05-24,Toys,Board Game,4,34.99,0,139.96,Delivered
O001631,C0356,2023-01-16,Electronics,Webcam,5,79.99,0,399.95,Delivered
O001632,C0356,2023-05-22,Home & Garden,Cushion,3,34.99,5,99.72,Delivered
O001633,C0356,2023-07-07,Books,Travel Guide,3,16.99,0,50.97,Delivered
O001634,C0356,2023-04-04,Books,Data Science Guide,1,44.99,15,38.24,Delivered
O001635,C0357,2023-12-29,Food & Drink,Tea Collection,1,24.99,0,24.99,Delivered
O001636,C0357,2023-12-28,Sports,Skipping Rope,5,9.99,0,49.95,Returned
O001637,C0357,2023-12-04,Clothing,Dress,1,49.99,0,49.99,Delivered
O001638,C0357,2023-12-19,Home & Garden,Candle Set,3,24.99,15,63.72,Delivered
O001639,C0358,2022-06-12,Electronics,Webcam,2,79.99,0,159.98,Delivered
O001640,C0358,2022-11-06,Food & Drink,Tea Collection,5,24.99,20,99.96,Delivered
O001641,C0358,2022-09-17,Beauty,Serum,2,54.99,20,87.98,Delivered
O001642,C0358,2022-06-18,Clothing,Dress,2,49.99,20,79.98,Delivered
O001643,C0358,2022-10-31,Sports,Dumbbells,1,59.99,10,53.99,Returned
O001644,C0358,2021-04-13,Beauty,Serum,5,54.99,0,274.95,Delivered
O001645,C0358,2023-01-13,Books,Data Science Guide,3,44.99,0,134.97,Delivered
O001646,C0358,2023-08-12,Clothing,Jeans,2,59.99,10,107.98,Delivered
O001647,C0358,2023-10-26,Sports,Dumbbells,5,59.99,5,284.95,Delivered
O001648,C0359,2023-06-12,Toys,LEGO Set,4,49.99,10,179.96,Delivered
O001649,C0359,2023-10-14,Food & Drink,Protein Bar,4,2.99,0,11.96,Delivered
O001650,C0359,2023-12-06,Toys,Board Game,5,34.99,15,148.71,Delivered
O001651,C0359,2023-03-10,Books,Travel Guide,2,16.99,15,28.88,Delivered
O001652,C0359,2023-04-13,Home & Garden,Lamp,3,69.99,15,178.47,Delivered
O001653,C0359,2022-02-15,Food & Drink,Tea Collection,4,24.99,0,99.96,Delivered
O001654,C0359,2023-03-15,Home & Garden,Plant Pot,4,14.99,0,59.96,Delivered
O001655,C0360,2022-08-15,Food & Drink,Protein Bar,1,2.99,0,2.99,Delivered
O001656,C0361,2022-04-16,Books,Novel,2,12.99,0,25.98,Delivered
O001657,C0362,2023-04-06,Food & Drink,Tea Collection,1,24.99,20,19.99,Delivered
O001658,C0363,2023-11-05,Food & Drink,Olive Oil,5,16.99,20,67.96,Returned
O001659,C0363,2023-12-10,Clothing,Jeans,2,59.99,0,119.98,Delivered
O001660,C0363,2023-12-07,Beauty,Lip Balm,3,8.99,20,21.58,Returned
O001661,C0363,2023-11-17,Home & Garden,Lamp,5,69.99,15,297.46,Delivered
O001662,C0364,2022-10-31,Home & Garden,Candle Set,2,24.99,10,44.98,Returned
O001663,C0364,2023-08-15,Food & Drink,Protein Bar,1,2.99,5,2.84,Delivered
O001664,C0364,2023-12-21,Sports,Skipping Rope,3,9.99,0,29.97,Delivered
O001665,C0365,2023-04-11,Food & Drink,Nuts Mix,3,12.99,20,31.18,Delivered
O001666,C0365,2022-01-04,Books,Cookbook,2,24.99,0,49.98,Delivered
O001667,C0365,2022-04-28,Home & Garden,Plant Pot,2,14.99,20,23.98,Delivered
O001668,C0365,2021-08-07,Food & Drink,Tea Collection,2,24.99,5,47.48,Delivered
O001669,C0365,2023-01-20,Home & Garden,Rug,4,129.99,15,441.97,Delivered
O001670,C0365,2023-12-13,Beauty,Face Cream,2,39.99,20,63.98,Delivered
O001671,C0365,2022-10-01,Home & Garden,Rug,2,129.99,0,259.98,Delivered
O001672,C0365,2021-07-29,Books,Python Cookbook,5,34.99,0,174.95,Delivered
O001673,C0366,2023-09-22,Clothing,Dress,4,49.99,10,179.96,Delivered
O001674,C0367,2022-11-02,Toys,LEGO Set,4,49.99,0,199.96,Delivered
O001675,C0368,2022-07-16,Toys,LEGO Set,2,49.99,15,84.98,Delivered
O001676,C0368,2022-12-10,Electronics,Webcam,3,79.99,0,239.97,Delivered
O001677,C0368,2021-10-14,Electronics,Headphones,4,149.99,20,479.97,Delivered
O001678,C0368,2023-05-26,Electronics,USB Hub,1,29.99,10,26.99,Delivered
O001679,C0368,2021-09-05,Food & Drink,Tea Collection,2,24.99,20,39.98,Delivered
O001680,C0368,2021-08-27,Toys,Art Kit,4,24.99,10,89.96,Delivered
O001681,C0368,2022-05-17,Beauty,Shampoo,5,14.99,10,67.45,Delivered
O001682,C0369,2023-09-09,Beauty,Shampoo,2,14.99,0,29.98,Delivered
O001683,C0369,2023-09-12,Toys,LEGO Set,5,49.99,0,249.95,Delivered
O001684,C0369,2022-10-04,Food & Drink,Coffee Beans,3,19.99,20,47.98,Delivered
O001685,C0369,2023-07-28,Books,Data Science Guide,1,44.99,0,44.99,Delivered
O001686,C0369,2023-09-28,Food & Drink,Coffee Beans,4,19.99,0,79.96,Delivered
O001687,C0369,2023-09-30,Clothing,T-Shirt,4,19.99,20,63.97,Delivered
O001688,C0369,2022-12-19,Toys,Puzzle,4,19.99,0,79.96,Delivered
O001689,C0369,2023-09-01,Clothing,Jacket,4,89.99,0,359.96,Delivered
O001690,C0370,2023-03-03,Electronics,Laptop Stand,4,49.99,0,199.96,Delivered
O001691,C0370,2022-07-20,Clothing,Jacket,2,89.99,0,179.98,Delivered
O001692,C0370,2023-09-13,Electronics,Webcam,3,79.99,0,239.97,Delivered
O001693,C0370,2023-02-02,Books,Cookbook,2,24.99,15,42.48,Delivered
O001694,C0370,2023-09-25,Books,Novel,5,12.99,20,51.96,Returned
O001695,C0370,2023-11-04,Clothing,Dress,4,49.99,15,169.97,Delivered
O001696,C0371,2023-04-16,Books,Travel Guide,3,16.99,5,48.42,Delivered
O001697,C0371,2023-09-29,Electronics,Webcam,1,79.99,5,75.99,Delivered
O001698,C0371,2023-12-08,Sports,Yoga Mat,5,39.99,0,199.95,Delivered
O001699,C0371,2023-05-17,Home & Garden,Rug,5,129.99,0,649.95,Delivered
O001700,C0371,2023-05-27,Clothing,Dress,5,49.99,0,249.95,Delivered
O001701,C0372,2023-03-31,Beauty,Lip Balm,5,8.99,20,35.96,Delivered
O001702,C0372,2022-03-02,Beauty,Serum,3,54.99,10,148.47,Delivered
O001703,C0372,2021-10-01,Books,Data Science Guide,4,44.99,0,179.96,Delivered
O001704,C0372,2023-03-12,Home & Garden,Rug,5,129.99,5,617.45,Delivered
O001705,C0372,2023-12-27,Sports,Resistance Band,2,14.99,0,29.98,Delivered
O001706,C0372,2023-01-18,Home & Garden,Lamp,1,69.99,0,69.99,Delivered
O001707,C0372,2023-11-05,Sports,Resistance Band,3,14.99,5,42.72,Delivered
O001708,C0373,2022-12-28,Toys,Puzzle,4,19.99,10,71.96,Returned
O001709,C0373,2023-10-18,Food & Drink,Nuts Mix,5,12.99,5,61.7,Delivered
O001710,C0373,2022-09-04,Beauty,Shampoo,5,14.99,15,63.71,Delivered
O001711,C0374,2023-03-16,Electronics,Webcam,1,79.99,0,79.99,Delivered
O001712,C0374,2023-04-05,Home & Garden,Candle Set,2,24.99,20,39.98,Delivered
O001713,C0374,2023-06-01,Toys,Art Kit,1,24.99,0,24.99,Delivered
O001714,C0374,2023-04-03,Beauty,Shampoo,3,14.99,0,44.97,Delivered
O001715,C0374,2023-12-27,Sports,Yoga Mat,2,39.99,10,71.98,Delivered
O001716,C0374,2022-11-25,Sports,Skipping Rope,2,9.99,10,17.98,Delivered
O001717,C0374,2022-12-11,Food & Drink,Nuts Mix,4,12.99,0,51.96,Delivered
O001718,C0374,2023-10-23,Beauty,Shampoo,4,14.99,0,59.96,Delivered
O001719,C0374,2023-06-02,Home & Garden,Rug,5,129.99,10,584.96,Returned
O001720,C0374,2022-11-17,Beauty,Lip Balm,4,8.99,0,35.96,Delivered
O001721,C0374,2023-10-20,Books,Data Science Guide,1,44.99,5,42.74,Delivered
O001722,C0374,2023-12-10,Books,Python Cookbook,3,34.99,15,89.22,Delivered
O001723,C0375,2023-12-25,Electronics,USB Hub,5,29.99,15,127.46,Delivered
O001724,C0376,2023-11-25,Clothing,T-Shirt,3,19.99,0,59.97,Delivered
O001725,C0376,2023-11-23,Food & Drink,Nuts Mix,4,12.99,5,49.36,Delivered
O001726,C0376,2022-10-30,Electronics,USB Hub,1,29.99,15,25.49,Delivered
O001727,C0376,2023-12-02,Books,Travel Guide,3,16.99,0,50.97,Delivered
O001728,C0376,2023-02-16,Food & Drink,Coffee Beans,4,19.99,20,63.97,Delivered
O001729,C0376,2023-05-06,Electronics,Laptop Stand,1,49.99,0,49.99,Delivered
O001730,C0376,2022-09-06,Beauty,Perfume,1,79.99,0,79.99,Delivered
O001731,C0377,2023-06-18,Food & Drink,Nuts Mix,4,12.99,0,51.96,Delivered
O001732,C0377,2023-11-24,Beauty,Face Cream,2,39.99,20,63.98,Delivered
O001733,C0377,2023-09-29,Clothing,Jeans,3,59.99,20,143.98,Returned
O001734,C0377,2023-09-20,Beauty,Face Cream,1,39.99,0,39.99,Delivered
O001735,C0377,2023-09-23,Home & Garden,Cushion,4,34.99,0,139.96,Delivered
O001736,C0377,2023-08-16,Toys,Board Game,3,34.99,0,104.97,Delivered
O001737,C0377,2023-10-22,Beauty,Lip Balm,2,8.99,10,16.18,Delivered
O001738,C0378,2023-12-06,Beauty,Face Cream,5,39.99,20,159.96,Delivered
O001739,C0378,2023-12-31,Electronics,Mouse,2,39.99,0,79.98,Delivered
O001740,C0378,2023-10-20,Beauty,Shampoo,1,14.99,0,14.99,Delivered
O001741,C0378,2023-10-30,Home & Garden,Plant Pot,1,14.99,10,13.49,Delivered
O001742,C0378,2023-12-07,Electronics,Mouse,3,39.99,5,113.97,Delivered
O001743,C0378,2023-12-16,Toys,Board Game,2,34.99,5,66.48,Delivered
O001744,C0378,2023-11-11,Electronics,Headphones,2,149.99,0,299.98,Delivered
O001745,C0378,2023-12-24,Clothing,Jeans,3,59.99,10,161.97,Delivered
O001746,C0379,2023-08-11,Food & Drink,Coffee Beans,5,19.99,5,94.95,Delivered
O001747,C0380,2023-08-25,Toys,Board Game,3,34.99,5,99.72,Delivered
O001748,C0380,2022-03-11,Home & Garden,Cushion,1,34.99,20,27.99,Delivered
O001749,C0381,2023-11-19,Electronics,USB Hub,3,29.99,0,89.97,Delivered
O001750,C0381,2023-11-24,Books,Python Cookbook,5,34.99,5,166.2,Delivered
O001751,C0381,2023-08-27,Beauty,Perfume,1,79.99,0,79.99,Delivered
O001752,C0381,2023-03-30,Clothing,Dress,3,49.99,15,127.47,Delivered
O001753,C0381,2023-12-16,Food & Drink,Coffee Beans,4,19.99,20,63.97,Delivered
O001754,C0381,2023-07-16,Sports,Yoga Mat,3,39.99,0,119.97,Delivered
O001755,C0381,2023-09-14,Beauty,Face Cream,5,39.99,20,159.96,Delivered
O001756,C0381,2023-07-03,Beauty,Perfume,4,79.99,10,287.96,Delivered
O001757,C0381,2023-08-18,Books,Python Cookbook,4,34.99,20,111.97,Delivered
O001758,C0381,2023-06-13,Home & Garden,Plant Pot,5,14.99,10,67.45,Delivered
O001759,C0382,2023-07-18,Books,Travel Guide,2,16.99,10,30.58,Delivered
O001760,C0383,2023-12-08,Clothing,Jacket,1,89.99,0,89.99,Delivered
O001761,C0383,2023-12-07,Sports,Resistance Band,4,14.99,0,59.96,Delivered
O001762,C0383,2023-12-09,Clothing,Sneakers,2,79.99,20,127.98,Delivered
O001763,C0384,2023-06-29,Electronics,Laptop Stand,1,49.99,5,47.49,Delivered
O001764,C0385,2022-02-05,Home & Garden,Lamp,3,69.99,10,188.97,Delivered
O001765,C0385,2022-09-26,Food & Drink,Tea Collection,4,24.99,5,94.96,Delivered
O001766,C0385,2022-10-18,Food & Drink,Protein Bar,3,2.99,10,8.07,Delivered
O001767,C0385,2022-12-29,Home & Garden,Lamp,4,69.99,10,251.96,Delivered
O001768,C0386,2023-10-10,Books,Novel,1,12.99,0,12.99,Delivered
O001769,C0386,2023-11-15,Clothing,Sneakers,5,79.99,0,399.95,Delivered
O001770,C0386,2023-11-28,Sports,Yoga Mat,5,39.99,10,179.96,Delivered
O001771,C0386,2023-12-06,Toys,Board Game,4,34.99,0,139.96,Delivered
O001772,C0387,2023-11-06,Beauty,Shampoo,2,14.99,5,28.48,Delivered
O001773,C0388,2023-03-09,Beauty,Face Cream,3,39.99,10,107.97,Delivered
O001774,C0388,2022-12-22,Sports,Water Bottle,4,19.99,0,79.96,Delivered
O001775,C0388,2022-09-16,Electronics,Webcam,4,79.99,5,303.96,Delivered
O001776,C0388,2023-10-11,Clothing,Sneakers,5,79.99,5,379.95,Delivered
O001777,C0388,2022-10-23,Home & Garden,Candle Set,5,24.99,0,124.95,Delivered
O001778,C0389,2023-05-18,Sports,Resistance Band,2,14.99,10,26.98,Delivered
O001779,C0390,2023-12-10,Toys,Art Kit,3,24.99,5,71.22,Delivered
O001780,C0390,2023-12-28,Books,Novel,1,12.99,0,12.99,Delivered
O001781,C0390,2023-12-14,Sports,Yoga Mat,4,39.99,0,159.96,Delivered
O001782,C0390,2023-11-18,Clothing,Jacket,3,89.99,0,269.97,Delivered
O001783,C0390,2023-12-07,Home & Garden,Candle Set,4,24.99,15,84.97,Delivered
O001784,C0390,2023-11-29,Books,Python Cookbook,3,34.99,5,99.72,Delivered
O001785,C0391,2023-11-09,Toys,LEGO Set,4,49.99,0,199.96,Delivered
O001786,C0391,2022-08-25,Food & Drink,Nuts Mix,3,12.99,15,33.12,Delivered
O001787,C0391,2023-12-01,Books,Python Cookbook,5,34.99,15,148.71,Delivered
O001788,C0391,2023-11-08,Food & Drink,Tea Collection,2,24.99,0,49.98,Delivered
O001789,C0391,2023-05-21,Beauty,Shampoo,5,14.99,20,59.96,Delivered
O001790,C0391,2023-06-04,Food & Drink,Tea Collection,1,24.99,10,22.49,Delivered
O001791,C0391,2022-08-13,Food & Drink,Olive Oil,1,16.99,0,16.99,Delivered
O001792,C0391,2023-06-01,Electronics,Mouse,3,39.99,10,107.97,Delivered
O001793,C0391,2023-06-09,Toys,LEGO Set,4,49.99,15,169.97,Delivered
O001794,C0391,2023-08-25,Sports,Yoga Mat,3,39.99,0,119.97,Delivered
O001795,C0392,2023-12-29,Home & Garden,Cushion,4,34.99,10,125.96,Delivered
O001796,C0393,2023-09-23,Toys,Board Game,5,34.99,15,148.71,Delivered
O001797,C0393,2023-01-08,Beauty,Face Cream,1,39.99,15,33.99,Delivered
O001798,C0393,2022-01-01,Electronics,Headphones,3,149.99,10,404.97,Delivered
O001799,C0394,2023-12-01,Food & Drink,Coffee Beans,2,19.99,15,33.98,Delivered
O001800,C0394,2022-11-22,Books,Data Science Guide,4,44.99,10,161.96,Delivered
O001801,C0394,2023-05-16,Clothing,Jacket,5,89.99,10,404.95,Delivered
O001802,C0395,2023-08-22,Sports,Dumbbells,2,59.99,0,119.98,Delivered
O001803,C0395,2023-08-01,Sports,Dumbbells,5,59.99,20,239.96,Delivered
O001804,C0395,2023-12-30,Electronics,Headphones,1,149.99,0,149.99,Delivered
O001805,C0395,2023-09-28,Books,Python Cookbook,1,34.99,10,31.49,Delivered
O001806,C0395,2022-03-31,Electronics,USB Hub,4,29.99,5,113.96,Delivered
O001807,C0395,2023-06-21,Food & Drink,Tea Collection,2,24.99,5,47.48,Delivered
O001808,C0396,2023-07-25,Electronics,USB Hub,5,29.99,0,149.95,Delivered
O001809,C0396,2023-07-04,Clothing,Dress,3,49.99,0,149.97,Delivered
O001810,C0396,2023-06-02,Clothing,Sneakers,3,79.99,0,239.97,Delivered
O001811,C0396,2023-11-24,Sports,Resistance Band,3,14.99,20,35.98,Delivered
O001812,C0396,2023-04-29,Clothing,Jeans,2,59.99,10,107.98,Delivered
O001813,C0396,2023-05-31,Toys,Art Kit,2,24.99,0,49.98,Delivered
O001814,C0396,2023-12-11,Sports,Yoga Mat,2,39.99,15,67.98,Delivered
O001815,C0397,2022-09-24,Food & Drink,Olive Oil,5,16.99,5,80.7,Delivered
O001816,C0398,2023-08-09,Food & Drink,Protein Bar,3,2.99,0,8.97,Delivered
O001817,C0398,2023-09-17,Beauty,Perfume,1,79.99,15,67.99,Returned
O001818,C0398,2023-09-02,Sports,Water Bottle,3,19.99,0,59.97,Returned
O001819,C0398,2023-11-03,Books,Data Science Guide,1,44.99,0,44.99,Delivered
O001820,C0398,2023-10-01,Toys,Puzzle,5,19.99,5,94.95,Delivered
O001821,C0398,2023-11-28,Electronics,Laptop Stand,5,49.99,0,249.95,Delivered
O001822,C0398,2023-08-30,Clothing,Sneakers,3,79.99,0,239.97,Delivered
O001823,C0398,2023-07-27,Home & Garden,Plant Pot,3,14.99,10,40.47,Delivered
O001824,C0398,2023-12-09,Beauty,Perfume,1,79.99,20,63.99,Delivered
O001825,C0399,2023-11-23,Clothing,T-Shirt,1,19.99,0,19.99,Delivered
O001826,C0399,2022-12-21,Beauty,Lip Balm,5,8.99,5,42.7,Delivered
O001827,C0399,2023-10-23,Toys,Puzzle,3,19.99,10,53.97,Delivered
O001828,C0399,2022-11-07,Clothing,Sneakers,5,79.99,20,319.96,Returned
O001829,C0399,2022-07-21,Clothing,Dress,4,49.99,10,179.96,Delivered
O001830,C0399,2023-07-22,Books,Data Science Guide,5,44.99,15,191.21,Delivered
O001831,C0399,2023-01-22,Books,Cookbook,1,24.99,0,24.99,Delivered
O001832,C0400,2022-12-30,Clothing,T-Shirt,4,19.99,0,79.96,Delivered
O001833,C0401,2023-12-02,Toys,Art Kit,4,24.99,20,79.97,Returned
O001834,C0401,2021-09-17,Home & Garden,Rug,3,129.99,0,389.97,Delivered
O001835,C0401,2023-03-04,Food & Drink,Olive Oil,4,16.99,0,67.96,Delivered
O001836,C0401,2022-02-06,Home & Garden,Cushion,2,34.99,15,59.48,Delivered
O001837,C0401,2022-06-09,Electronics,Mouse,5,39.99,5,189.95,Delivered
O001838,C0402,2021-11-20,Food & Drink,Protein Bar,2,2.99,10,5.38,Delivered
O001839,C0402,2023-02-03,Food & Drink,Olive Oil,2,16.99,15,28.88,Delivered
O001840,C0402,2023-01-20,Food & Drink,Protein Bar,1,2.99,0,2.99,Delivered
O001841,C0402,2021-10-03,Books,Cookbook,4,24.99,0,99.96,Delivered
O001842,C0402,2021-12-10,Toys,Stuffed Animal,4,19.99,20,63.97,Delivered
O001843,C0402,2021-08-01,Clothing,Sneakers,5,79.99,20,319.96,Delivered
O001844,C0402,2021-12-07,Home & Garden,Cushion,3,34.99,0,104.97,Delivered
O001845,C0403,2023-12-27,Electronics,Headphones,1,149.99,10,134.99,Delivered
O001846,C0403,2023-11-27,Toys,Board Game,3,34.99,15,89.22,Delivered
O001847,C0403,2023-10-28,Home & Garden,Candle Set,3,24.99,0,74.97,Delivered
O001848,C0403,2022-07-12,Books,Python Cookbook,4,34.99,0,139.96,Delivered
O001849,C0403,2021-10-02,Home & Garden,Rug,4,129.99,15,441.97,Delivered
O001850,C0403,2023-09-07,Electronics,Webcam,2,79.99,20,127.98,Delivered
O001851,C0403,2022-03-13,Sports,Water Bottle,3,19.99,10,53.97,Delivered
O001852,C0403,2023-05-23,Toys,Art Kit,1,24.99,10,22.49,Delivered
O001853,C0403,2023-07-13,Toys,Puzzle,3,19.99,0,59.97,Delivered
O001854,C0404,2021-08-10,Toys,Puzzle,5,19.99,0,99.95,Delivered
O001855,C0404,2021-08-30,Books,Travel Guide,1,16.99,20,13.59,Returned
O001856,C0404,2022-06-11,Beauty,Face Cream,5,39.99,10,179.96,Delivered
O001857,C0404,2022-02-24,Sports,Dumbbells,4,59.99,0,239.96,Delivered
O001858,C0404,2022-07-18,Sports,Skipping Rope,2,9.99,10,17.98,Delivered
O001859,C0404,2022-02-05,Beauty,Shampoo,2,14.99,0,29.98,Delivered
O001860,C0405,2023-12-14,Books,Travel Guide,5,16.99,0,84.95,Delivered
O001861,C0405,2023-11-24,Electronics,Webcam,4,79.99,0,319.96,Delivered
O001862,C0405,2023-11-25,Books,Travel Guide,2,16.99,20,27.18,Delivered
O001863,C0405,2023-12-06,Books,Python Cookbook,2,34.99,15,59.48,Delivered
O001864,C0406,2023-12-14,Food & Drink,Olive Oil,3,16.99,15,43.32,Delivered
O001865,C0406,2023-12-02,Sports,Resistance Band,1,14.99,20,11.99,Delivered
O001866,C0406,2023-11-06,Sports,Dumbbells,1,59.99,0,59.99,Delivered
O001867,C0406,2023-12-15,Clothing,Jacket,1,89.99,0,89.99,Delivered
O001868,C0407,2023-11-25,Home & Garden,Rug,4,129.99,20,415.97,Delivered
O001869,C0407,2023-10-31,Books,Novel,4,12.99,10,46.76,Delivered
O001870,C0407,2023-12-18,Electronics,Webcam,1,79.99,0,79.99,Delivered
O001871,C0407,2023-12-29,Sports,Yoga Mat,2,39.99,0,79.98,Delivered
O001872,C0407,2023-12-27,Food & Drink,Coffee Beans,5,19.99,20,79.96,Delivered
O001873,C0407,2023-12-07,Home & Garden,Cushion,3,34.99,0,104.97,Delivered
O001874,C0407,2023-12-24,Clothing,Jeans,1,59.99,15,50.99,Delivered
O001875,C0408,2023-06-08,Sports,Yoga Mat,4,39.99,15,135.97,Delivered
O001876,C0408,2023-10-10,Clothing,Jeans,3,59.99,15,152.97,Delivered
O001877,C0408,2023-06-12,Clothing,Jeans,4,59.99,10,215.96,Delivered
O001878,C0408,2023-09-02,Clothing,Jeans,5,59.99,0,299.95,Delivered
O001879,C0408,2023-08-21,Electronics,Laptop Stand,1,49.99,0,49.99,Delivered
O001880,C0409,2023-10-28,Sports,Dumbbells,2,59.99,10,107.98,Delivered
O001881,C0409,2023-10-01,Electronics,Laptop Stand,4,49.99,5,189.96,Delivered
O001882,C0410,2023-06-25,Books,Python Cookbook,3,34.99,0,104.97,Delivered
O001883,C0410,2022-05-01,Clothing,Jeans,1,59.99,0,59.99,Delivered
O001884,C0410,2022-08-23,Sports,Dumbbells,3,59.99,15,152.97,Delivered
O001885,C0410,2023-07-14,Food & Drink,Tea Collection,5,24.99,15,106.21,Delivered
O001886,C0410,2022-10-27,Toys,Board Game,5,34.99,0,174.95,Delivered
O001887,C0411,2023-10-31,Sports,Water Bottle,5,19.99,15,84.96,Delivered
O001888,C0412,2023-06-21,Beauty,Lip Balm,4,8.99,15,30.57,Returned
O001889,C0413,2022-02-28,Books,Data Science Guide,3,44.99,15,114.72,Delivered
O001890,C0414,2023-11-14,Toys,Art Kit,3,24.99,0,74.97,Delivered
O001891,C0415,2023-09-15,Beauty,Serum,3,54.99,0,164.97,Delivered
O001892,C0415,2023-07-29,Beauty,Shampoo,4,14.99,5,56.96,Delivered
O001893,C0415,2023-09-01,Toys,Puzzle,4,19.99,15,67.97,Delivered
O001894,C0415,2023-11-06,Sports,Water Bottle,5,19.99,0,99.95,Delivered
O001895,C0415,2023-08-21,Electronics,Laptop Stand,3,49.99,0,149.97,Delivered
O001896,C0415,2023-10-04,Toys,Art Kit,3,24.99,20,59.98,Delivered
O001897,C0415,2023-11-18,Clothing,Sneakers,5,79.99,0,399.95,Returned
O001898,C0416,2023-04-14,Clothing,T-Shirt,3,19.99,0,59.97,Delivered
O001899,C0416,2023-08-07,Beauty,Lip Balm,5,8.99,5,42.7,Delivered
O001900,C0416,2023-11-27,Sports,Skipping Rope,1,9.99,5,9.49,Delivered
O001901,C0416,2023-06-25,Electronics,USB Hub,2,29.99,0,59.98,Delivered
O001902,C0416,2023-06-12,Electronics,Headphones,5,149.99,15,637.46,Delivered
O001903,C0416,2023-07-03,Toys,Puzzle,4,19.99,10,71.96,Delivered
O001904,C0416,2023-12-01,Food & Drink,Olive Oil,4,16.99,0,67.96,Delivered
O001905,C0416,2023-06-11,Clothing,T-Shirt,5,19.99,20,79.96,Returned
O001906,C0416,2023-05-20,Toys,LEGO Set,4,49.99,5,189.96,Delivered
O001907,C0416,2023-11-18,Home & Garden,Lamp,2,69.99,5,132.98,Delivered
O001908,C0417,2023-05-13,Home & Garden,Candle Set,2,24.99,0,49.98,Delivered
O001909,C0417,2023-05-11,Books,Data Science Guide,2,44.99,0,89.98,Delivered
O001910,C0417,2023-03-09,Toys,Puzzle,4,19.99,15,67.97,Delivered
O001911,C0417,2022-08-15,Electronics,USB Hub,2,29.99,0,59.98,Delivered
O001912,C0418,2023-10-14,Food & Drink,Coffee Beans,3,19.99,5,56.97,Delivered
O001913,C0418,2023-08-03,Food & Drink,Nuts Mix,4,12.99,0,51.96,Delivered
O001914,C0418,2023-09-17,Toys,Stuffed Animal,5,19.99,5,94.95,Delivered
O001915,C0418,2023-09-25,Toys,Puzzle,3,19.99,0,59.97,Delivered
O001916,C0418,2023-10-20,Electronics,Laptop Stand,3,49.99,20,119.98,Delivered
O001917,C0418,2023-09-11,Food & Drink,Tea Collection,5,24.99,0,124.95,Delivered
O001918,C0418,2023-11-20,Beauty,Serum,5,54.99,0,274.95,Delivered
O001919,C0418,2023-08-09,Beauty,Lip Balm,2,8.99,0,17.98,Delivered
O001920,C0419,2023-10-13,Sports,Skipping Rope,5,9.99,0,49.95,Delivered
O001921,C0419,2023-10-07,Clothing,Dress,3,49.99,0,149.97,Delivered
O001922,C0419,2023-12-08,Beauty,Shampoo,3,14.99,0,44.97,Delivered
O001923,C0419,2023-05-30,Food & Drink,Coffee Beans,5,19.99,5,94.95,Delivered
O001924,C0419,2023-12-26,Food & Drink,Protein Bar,2,2.99,0,5.98,Returned
O001925,C0419,2023-04-02,Food & Drink,Nuts Mix,5,12.99,5,61.7,Delivered
O001926,C0419,2023-11-03,Toys,LEGO Set,5,49.99,15,212.46,Delivered
O001927,C0419,2023-07-30,Toys,Puzzle,1,19.99,5,18.99,Delivered
O001928,C0419,2023-11-13,Books,Travel Guide,3,16.99,10,45.87,Delivered
O001929,C0420,2023-12-10,Home & Garden,Plant Pot,4,14.99,20,47.97,Delivered
O001930,C0420,2023-11-14,Toys,LEGO Set,1,49.99,20,39.99,Delivered
O001931,C0420,2023-10-26,Sports,Dumbbells,1,59.99,0,59.99,Delivered
O001932,C0420,2023-10-18,Toys,Art Kit,4,24.99,0,99.96,Delivered
O001933,C0420,2023-11-17,Clothing,Jeans,3,59.99,5,170.97,Delivered
O001934,C0420,2023-11-04,Home & Garden,Rug,3,129.99,10,350.97,Delivered
O001935,C0420,2023-10-21,Clothing,Jeans,2,59.99,0,119.98,Delivered
O001936,C0421,2023-12-29,Books,Novel,2,12.99,10,23.38,Delivered
O001937,C0422,2023-11-04,Toys,Board Game,3,34.99,0,104.97,Delivered
O001938,C0423,2022-07-13,Home & Garden,Plant Pot,4,14.99,0,59.96,Delivered
O001939,C0423,2022-11-13,Clothing,Jeans,5,59.99,20,239.96,Delivered
O001940,C0423,2023-05-12,Books,Novel,4,12.99,0,51.96,Delivered
O001941,C0424,2023-10-22,Clothing,Sneakers,4,79.99,15,271.97,Delivered
O001942,C0424,2023-08-28,Books,Travel Guide,2,16.99,5,32.28,Delivered
O001943,C0424,2023-10-18,Electronics,Laptop Stand,1,49.99,0,49.99,Delivered
O001944,C0424,2023-12-10,Home & Garden,Cushion,5,34.99,0,174.95,Delivered
O001945,C0424,2023-10-03,Clothing,T-Shirt,5,19.99,0,99.95,Delivered
O001946,C0424,2023-07-29,Sports,Water Bottle,5,19.99,20,79.96,Delivered
O001947,C0424,2023-07-12,Toys,Art Kit,3,24.99,0,74.97,Delivered
O001948,C0425,2023-05-25,Books,Cookbook,4,24.99,0,99.96,Delivered
O001949,C0426,2023-02-18,Electronics,Headphones,3,149.99,20,359.98,Delivered
O001950,C0426,2023-10-31,Books,Data Science Guide,3,44.99,0,134.97,Delivered
O001951,C0426,2022-11-11,Sports,Resistance Band,5,14.99,0,74.95,Delivered
O001952,C0426,2022-12-17,Clothing,Jacket,2,89.99,0,179.98,Delivered
O001953,C0426,2022-10-31,Electronics,Headphones,3,149.99,15,382.47,Delivered
O001954,C0426,2023-01-13,Electronics,Headphones,5,149.99,0,749.95,Delivered
O001955,C0427,2023-05-10,Sports,Dumbbells,3,59.99,0,179.97,Returned
O001956,C0428,2023-06-24,Food & Drink,Tea Collection,4,24.99,15,84.97,Delivered
O001957,C0428,2022-03-15,Beauty,Serum,1,54.99,15,46.74,Delivered
O001958,C0428,2022-01-21,Electronics,Mouse,2,39.99,20,63.98,Delivered
O001959,C0428,2022-09-10,Toys,Stuffed Animal,5,19.99,20,79.96,Delivered
O001960,C0428,2023-09-09,Home & Garden,Rug,4,129.99,15,441.97,Delivered
O001961,C0428,2023-04-26,Books,Novel,3,12.99,0,38.97,Delivered
O001962,C0428,2021-12-17,Toys,Board Game,2,34.99,0,69.98,Delivered
O001963,C0429,2023-06-08,Electronics,Mouse,2,39.99,0,79.98,Delivered
O001964,C0429,2023-02-27,Electronics,Webcam,4,79.99,5,303.96,Delivered
O001965,C0429,2023-02-01,Sports,Skipping Rope,3,9.99,0,29.97,Delivered
O001966,C0429,2023-03-10,Electronics,Mouse,5,39.99,0,199.95,Returned
O001967,C0430,2023-12-27,Food & Drink,Coffee Beans,4,19.99,0,79.96,Delivered
O001968,C0430,2023-12-21,Toys,Stuffed Animal,3,19.99,0,59.97,Delivered
O001969,C0430,2023-11-27,Books,Travel Guide,1,16.99,15,14.44,Returned
O001970,C0430,2023-12-05,Books,Cookbook,1,24.99,20,19.99,Returned
O001971,C0430,2023-12-17,Food & Drink,Coffee Beans,4,19.99,0,79.96,Delivered
O001972,C0431,2023-12-13,Clothing,Sneakers,3,79.99,10,215.97,Delivered
O001973,C0432,2023-08-07,Toys,Board Game,5,34.99,10,157.46,Delivered
O001974,C0433,2022-11-12,Electronics,Webcam,4,79.99,15,271.97,Delivered
O001975,C0433,2023-06-01,Books,Novel,3,12.99,0,38.97,Delivered
O001976,C0433,2023-11-26,Food & Drink,Olive Oil,1,16.99,0,16.99,Returned
O001977,C0434,2023-07-06,Food & Drink,Protein Bar,1,2.99,0,2.99,Delivered
O001978,C0434,2023-08-05,Toys,Stuffed Animal,5,19.99,10,89.95,Delivered
O001979,C0434,2023-10-26,Home & Garden,Plant Pot,1,14.99,0,14.99,Delivered
O001980,C0434,2023-09-10,Books,Travel Guide,1,16.99,0,16.99,Delivered
O001981,C0435,2022-12-03,Toys,Art Kit,2,24.99,5,47.48,Delivered
O001982,C0435,2023-02-28,Home & Garden,Candle Set,1,24.99,0,24.99,Delivered
O001983,C0435,2023-04-07,Home & Garden,Cushion,2,34.99,15,59.48,Delivered
O001984,C0435,2022-05-02,Sports,Resistance Band,5,14.99,15,63.71,Delivered
O001985,C0435,2023-07-06,Beauty,Perfume,3,79.99,15,203.97,Delivered
O001986,C0435,2023-10-31,Home & Garden,Plant Pot,2,14.99,5,28.48,Delivered
O001987,C0435,2022-12-11,Electronics,USB Hub,2,29.99,0,59.98,Returned
O001988,C0435,2022-04-02,Clothing,Jeans,3,59.99,20,143.98,Returned
O001989,C0436,2023-03-03,Electronics,USB Hub,5,29.99,0,149.95,Delivered
O001990,C0436,2022-07-18,Beauty,Serum,5,54.99,10,247.45,Delivered
O001991,C0436,2022-12-18,Toys,Stuffed Animal,2,19.99,0,39.98,Delivered
O001992,C0436,2022-10-23,Beauty,Shampoo,5,14.99,10,67.45,Delivered
O001993,C0436,2023-08-01,Beauty,Perfume,3,79.99,15,203.97,Delivered
O001994,C0436,2023-01-28,Sports,Skipping Rope,2,9.99,5,18.98,Delivered
O001995,C0437,2022-08-29,Beauty,Shampoo,4,14.99,0,59.96,Delivered
O001996,C0438,2023-08-28,Clothing,Jacket,1,89.99,10,80.99,Delivered
O001997,C0438,2023-09-16,Home & Garden,Rug,1,129.99,20,103.99,Delivered
O001998,C0438,2023-10-28,Beauty,Face Cream,5,39.99,0,199.95,Delivered
O001999,C0438,2023-08-15,Home & Garden,Lamp,4,69.99,5,265.96,Returned
O002000,C0438,2023-10-06,Home & Garden,Plant Pot,3,14.99,20,35.98,Delivered
O002001,C0439,2023-08-16,Food & Drink,Coffee Beans,4,19.99,5,75.96,Delivered
O002002,C0439,2023-06-23,Sports,Dumbbells,5,59.99,0,299.95,Returned
O002003,C0439,2023-12-17,Toys,Stuffed Animal,4,19.99,5,75.96,Delivered
O002004,C0439,2023-09-20,Sports,Dumbbells,3,59.99,0,179.97,Delivered
O002005,C0439,2023-03-15,Books,Novel,3,12.99,10,35.07,Delivered
O002006,C0439,2023-11-22,Books,Novel,2,12.99,5,24.68,Delivered
O002007,C0439,2023-10-17,Books,Novel,3,12.99,20,31.18,Returned
O002008,C0439,2023-05-27,Electronics,Laptop Stand,2,49.99,0,99.98,Delivered
O002009,C0439,2023-11-12,Clothing,T-Shirt,2,19.99,15,33.98,Delivered
O002010,C0439,2023-12-26,Food & Drink,Tea Collection,1,24.99,0,24.99,Returned
O002011,C0440,2022-08-24,Sports,Dumbbells,2,59.99,0,119.98,Delivered
O002012,C0441,2023-12-02,Beauty,Serum,5,54.99,20,219.96,Delivered
O002013,C0441,2023-11-26,Food & Drink,Tea Collection,1,24.99,15,21.24,Delivered
O002014,C0442,2022-09-28,Sports,Yoga Mat,1,39.99,15,33.99,Delivered
O002015,C0442,2022-09-06,Sports,Yoga Mat,4,39.99,0,159.96,Delivered
O002016,C0442,2022-09-09,Books,Python Cookbook,2,34.99,0,69.98,Delivered
O002017,C0442,2023-07-23,Home & Garden,Plant Pot,5,14.99,20,59.96,Delivered
O002018,C0442,2023-09-24,Beauty,Shampoo,5,14.99,0,74.95,Delivered
O002019,C0443,2023-09-30,Books,Travel Guide,2,16.99,20,27.18,Delivered
O002020,C0443,2023-09-03,Sports,Yoga Mat,5,39.99,5,189.95,Delivered
O002021,C0443,2022-09-15,Beauty,Serum,3,54.99,0,164.97,Delivered
O002022,C0443,2022-10-29,Sports,Yoga Mat,5,39.99,0,199.95,Delivered
O002023,C0443,2023-11-27,Sports,Yoga Mat,2,39.99,5,75.98,Delivered
O002024,C0444,2022-08-03,Beauty,Face Cream,2,39.99,0,79.98,Delivered
O002025,C0444,2023-04-25,Home & Garden,Lamp,1,69.99,5,66.49,Delivered
O002026,C0444,2022-03-25,Home & Garden,Cushion,5,34.99,5,166.2,Delivered
O002027,C0444,2023-01-10,Food & Drink,Nuts Mix,4,12.99,0,51.96,Delivered
O002028,C0444,2022-08-09,Beauty,Lip Balm,3,8.99,20,21.58,Delivered
O002029,C0444,2023-12-13,Home & Garden,Lamp,3,69.99,15,178.47,Delivered
O002030,C0444,2022-04-11,Beauty,Perfume,3,79.99,5,227.97,Delivered
O002031,C0444,2023-04-15,Electronics,Headphones,3,149.99,20,359.98,Delivered
O002032,C0445,2023-11-27,Sports,Dumbbells,1,59.99,5,56.99,Delivered
O002033,C0445,2023-11-18,Home & Garden,Plant Pot,3,14.99,0,44.97,Delivered
O002034,C0445,2023-11-12,Beauty,Face Cream,4,39.99,20,127.97,Delivered
O002035,C0445,2023-11-29,Beauty,Perfume,4,79.99,0,319.96,Delivered
O002036,C0445,2023-12-19,Beauty,Serum,3,54.99,0,164.97,Delivered
O002037,C0445,2023-12-07,Home & Garden,Rug,3,129.99,0,389.97,Delivered
O002038,C0445,2023-12-05,Food & Drink,Olive Oil,5,16.99,15,72.21,Delivered
O002039,C0446,2023-10-27,Toys,Board Game,2,34.99,5,66.48,Delivered
O002040,C0446,2023-04-23,Electronics,Laptop Stand,5,49.99,0,249.95,Delivered
O002041,C0446,2023-03-31,Clothing,Jeans,1,59.99,10,53.99,Delivered
O002042,C0447,2023-08-17,Toys,Stuffed Animal,2,19.99,10,35.98,Returned
O002043,C0447,2023-06-23,Electronics,Webcam,3,79.99,20,191.98,Delivered
O002044,C0447,2023-06-29,Home & Garden,Plant Pot,4,14.99,15,50.97,Delivered
O002045,C0447,2022-02-12,Toys,Puzzle,2,19.99,0,39.98,Delivered
O002046,C0447,2023-11-04,Sports,Yoga Mat,1,39.99,20,31.99,Delivered
O002047,C0447,2022-04-11,Books,Python Cookbook,1,34.99,20,27.99,Delivered
O002048,C0447,2022-11-23,Books,Data Science Guide,5,44.99,20,179.96,Delivered
O002049,C0447,2023-10-16,Sports,Yoga Mat,5,39.99,0,199.95,Delivered
O002050,C0447,2023-11-07,Clothing,Jacket,2,89.99,10,161.98,Delivered
O002051,C0448,2023-01-30,Books,Data Science Guide,3,44.99,15,114.72,Delivered
O002052,C0448,2022-11-10,Toys,Stuffed Animal,1,19.99,20,15.99,Delivered
O002053,C0448,2023-08-17,Sports,Water Bottle,3,19.99,15,50.97,Delivered
O002054,C0448,2022-11-15,Food & Drink,Coffee Beans,4,19.99,5,75.96,Delivered
O002055,C0449,2023-12-28,Food & Drink,Nuts Mix,3,12.99,20,31.18,Delivered
O002056,C0450,2023-11-10,Electronics,Headphones,5,149.99,20,599.96,Delivered
O002057,C0451,2023-04-06,Books,Novel,5,12.99,0,64.95,Delivered
O002058,C0452,2023-11-27,Home & Garden,Candle Set,4,24.99,5,94.96,Delivered
O002059,C0452,2022-09-27,Food & Drink,Tea Collection,3,24.99,15,63.72,Delivered
O002060,C0453,2023-09-24,Home & Garden,Lamp,3,69.99,15,178.47,Delivered
O002061,C0453,2023-05-28,Home & Garden,Candle Set,2,24.99,5,47.48,Returned
O002062,C0453,2023-07-26,Toys,Board Game,2,34.99,5,66.48,Delivered
O002063,C0453,2023-03-18,Books,Cookbook,1,24.99,0,24.99,Delivered
O002064,C0453,2023-11-14,Clothing,Sneakers,2,79.99,15,135.98,Delivered
O002065,C0453,2023-07-18,Home & Garden,Plant Pot,2,14.99,15,25.48,Delivered
O002066,C0453,2023-06-15,Toys,Board Game,2,34.99,0,69.98,Delivered
O002067,C0453,2023-09-14,Sports,Dumbbells,4,59.99,5,227.96,Delivered
O002068,C0453,2023-06-28,Sports,Water Bottle,4,19.99,0,79.96,Delivered
O002069,C0454,2023-12-01,Toys,Art Kit,1,24.99,0,24.99,Delivered
O002070,C0455,2023-07-25,Beauty,Perfume,2,79.99,0,159.98,Delivered
O002071,C0455,2023-10-02,Sports,Skipping Rope,2,9.99,0,19.98,Delivered
O002072,C0455,2022-09-15,Clothing,Jacket,4,89.99,0,359.96,Delivered
O002073,C0455,2023-01-07,Sports,Water Bottle,4,19.99,10,71.96,Delivered
O002074,C0455,2023-04-25,Sports,Yoga Mat,3,39.99,15,101.97,Delivered
O002075,C0456,2023-02-15,Clothing,Jeans,1,59.99,0,59.99,Delivered
O002076,C0456,2023-07-03,Beauty,Face Cream,3,39.99,0,119.97,Delivered
O002077,C0456,2023-11-06,Clothing,Sneakers,4,79.99,15,271.97,Delivered
O002078,C0456,2023-06-09,Sports,Water Bottle,2,19.99,10,35.98,Delivered
O002079,C0456,2022-01-30,Books,Cookbook,3,24.99,20,59.98,Returned
O002080,C0456,2022-08-04,Clothing,Jacket,4,89.99,5,341.96,Delivered
O002081,C0456,2023-04-07,Electronics,Mouse,4,39.99,10,143.96,Delivered
O002082,C0457,2023-08-06,Beauty,Lip Balm,1,8.99,0,8.99,Delivered
O002083,C0457,2023-07-14,Food & Drink,Olive Oil,2,16.99,20,27.18,Delivered
O002084,C0457,2022-11-05,Books,Cookbook,2,24.99,20,39.98,Delivered
O002085,C0457,2023-04-07,Electronics,USB Hub,2,29.99,5,56.98,Delivered
O002086,C0457,2022-11-04,Toys,LEGO Set,2,49.99,15,84.98,Delivered
O002087,C0457,2023-05-31,Home & Garden,Lamp,4,69.99,0,279.96,Delivered
O002088,C0457,2023-05-04,Food & Drink,Olive Oil,5,16.99,15,72.21,Delivered
O002089,C0457,2023-07-02,Electronics,USB Hub,3,29.99,0,89.97,Delivered
O002090,C0457,2022-03-29,Toys,Board Game,1,34.99,5,33.24,Delivered
O002091,C0457,2022-04-17,Beauty,Serum,2,54.99,20,87.98,Delivered
O002092,C0457,2021-09-03,Clothing,Jacket,2,89.99,5,170.98,Delivered
O002093,C0457,2023-09-09,Books,Travel Guide,4,16.99,15,57.77,Returned
O002094,C0457,2023-09-22,Books,Cookbook,4,24.99,0,99.96,Delivered
O002095,C0457,2021-08-05,Sports,Yoga Mat,4,39.99,15,135.97,Delivered
O002096,C0457,2023-09-29,Toys,Stuffed Animal,1,19.99,10,17.99,Delivered
O002097,C0458,2023-11-26,Toys,Puzzle,5,19.99,20,79.96,Delivered
O002098,C0458,2023-03-27,Clothing,Sneakers,1,79.99,0,79.99,Delivered
O002099,C0458,2023-04-17,Toys,Puzzle,3,19.99,0,59.97,Delivered
O002100,C0458,2023-07-15,Home & Garden,Rug,2,129.99,15,220.98,Delivered
O002101,C0458,2023-02-27,Beauty,Perfume,4,79.99,15,271.97,Delivered
O002102,C0458,2023-07-25,Beauty,Shampoo,2,14.99,20,23.98,Delivered
O002103,C0458,2023-02-16,Food & Drink,Nuts Mix,2,12.99,5,24.68,Delivered
O002104,C0458,2023-08-12,Food & Drink,Olive Oil,5,16.99,15,72.21,Delivered
O002105,C0458,2023-08-20,Food & Drink,Olive Oil,1,16.99,0,16.99,Delivered
O002106,C0459,2023-10-01,Electronics,Headphones,2,149.99,5,284.98,Returned
O002107,C0459,2023-09-29,Clothing,T-Shirt,4,19.99,20,63.97,Delivered
O002108,C0460,2023-08-18,Beauty,Perfume,2,79.99,5,151.98,Delivered
O002109,C0460,2023-03-17,Sports,Skipping Rope,4,9.99,0,39.96,Returned
O002110,C0460,2023-03-13,Sports,Yoga Mat,5,39.99,5,189.95,Delivered
O002111,C0460,2022-08-29,Electronics,Mouse,1,39.99,10,35.99,Delivered
O002112,C0460,2022-12-16,Electronics,Webcam,3,79.99,0,239.97,Delivered
O002113,C0460,2023-09-26,Beauty,Serum,5,54.99,5,261.2,Delivered
O002114,C0460,2023-09-18,Beauty,Serum,1,54.99,0,54.99,Delivered
O002115,C0461,2022-10-03,Beauty,Perfume,2,79.99,20,127.98,Delivered
O002116,C0461,2022-12-26,Beauty,Lip Balm,1,8.99,15,7.64,Delivered
O002117,C0461,2022-12-18,Electronics,Laptop Stand,1,49.99,10,44.99,Delivered
O002118,C0462,2023-07-11,Home & Garden,Plant Pot,4,14.99,15,50.97,Delivered
O002119,C0462,2023-09-19,Books,Cookbook,3,24.99,5,71.22,Delivered
O002120,C0462,2023-07-12,Toys,LEGO Set,2,49.99,10,89.98,Delivered
O002121,C0462,2023-09-23,Food & Drink,Tea Collection,3,24.99,0,74.97,Delivered
O002122,C0462,2023-09-18,Books,Cookbook,3,24.99,0,74.97,Delivered
O002123,C0462,2022-09-10,Toys,LEGO Set,4,49.99,5,189.96,Delivered
O002124,C0462,2023-04-03,Toys,Board Game,5,34.99,0,174.95,Delivered
O002125,C0462,2023-04-27,Food & Drink,Coffee Beans,1,19.99,0,19.99,Delivered
O002126,C0462,2023-11-05,Clothing,Sneakers,4,79.99,20,255.97,Delivered
O002127,C0463,2022-04-25,Electronics,Headphones,4,149.99,5,569.96,Delivered
O002128,C0463,2022-02-02,Toys,Puzzle,3,19.99,20,47.98,Delivered
O002129,C0463,2022-10-20,Beauty,Face Cream,5,39.99,0,199.95,Delivered
O002130,C0463,2021-11-09,Electronics,USB Hub,3,29.99,0,89.97,Delivered
O002131,C0463,2022-05-12,Electronics,Laptop Stand,3,49.99,15,127.47,Delivered
O002132,C0463,2022-04-11,Food & Drink,Tea Collection,2,24.99,0,49.98,Delivered
O002133,C0463,2023-10-21,Electronics,Webcam,5,79.99,0,399.95,Delivered
O002134,C0463,2023-12-12,Food & Drink,Tea Collection,1,24.99,0,24.99,Returned
O002135,C0463,2022-06-03,Food & Drink,Nuts Mix,1,12.99,0,12.99,Delivered
O002136,C0464,2023-12-27,Toys,LEGO Set,4,49.99,0,199.96,Delivered
O002137,C0465,2023-10-13,Sports,Yoga Mat,1,39.99,10,35.99,Delivered
O002138,C0465,2023-08-29,Home & Garden,Cushion,1,34.99,0,34.99,Delivered
O002139,C0465,2023-09-21,Home & Garden,Rug,4,129.99,10,467.96,Delivered
O002140,C0465,2023-11-27,Electronics,Laptop Stand,5,49.99,10,224.96,Delivered
O002141,C0465,2023-11-27,Electronics,Headphones,5,149.99,0,749.95,Delivered
O002142,C0465,2023-08-09,Books,Cookbook,2,24.99,0,49.98,Delivered
O002143,C0465,2023-12-01,Food & Drink,Tea Collection,5,24.99,5,118.7,Delivered
O002144,C0465,2023-10-12,Electronics,USB Hub,5,29.99,0,149.95,Delivered
O002145,C0466,2022-02-26,Electronics,Webcam,5,79.99,0,399.95,Delivered
O002146,C0467,2023-06-10,Home & Garden,Lamp,2,69.99,20,111.98,Delivered
O002147,C0467,2023-06-22,Electronics,USB Hub,3,29.99,0,89.97,Delivered
O002148,C0467,2023-07-25,Home & Garden,Candle Set,5,24.99,0,124.95,Delivered
O002149,C0468,2021-11-17,Electronics,Webcam,3,79.99,0,239.97,Delivered
O002150,C0468,2021-05-25,Books,Travel Guide,4,16.99,10,61.16,Delivered
O002151,C0468,2023-02-08,Electronics,Mouse,4,39.99,10,143.96,Delivered
O002152,C0468,2021-05-27,Toys,Stuffed Animal,4,19.99,10,71.96,Delivered
O002153,C0468,2022-10-10,Toys,Puzzle,2,19.99,0,39.98,Delivered
O002154,C0469,2023-12-06,Electronics,Headphones,4,149.99,15,509.97,Delivered
O002155,C0470,2023-04-09,Sports,Resistance Band,4,14.99,0,59.96,Delivered
O002156,C0471,2021-04-03,Food & Drink,Coffee Beans,4,19.99,5,75.96,Delivered
O002157,C0471,2023-05-19,Food & Drink,Coffee Beans,3,19.99,5,56.97,Delivered
O002158,C0471,2023-12-12,Food & Drink,Olive Oil,2,16.99,0,33.98,Delivered
O002159,C0471,2022-02-18,Food & Drink,Coffee Beans,5,19.99,0,99.95,Delivered
O002160,C0471,2022-12-23,Sports,Yoga Mat,1,39.99,10,35.99,Delivered
O002161,C0472,2023-05-05,Toys,LEGO Set,4,49.99,10,179.96,Delivered
O002162,C0472,2023-05-10,Clothing,Dress,5,49.99,0,249.95,Delivered
O002163,C0472,2023-06-24,Food & Drink,Tea Collection,1,24.99,10,22.49,Delivered
O002164,C0472,2023-08-09,Food & Drink,Protein Bar,4,2.99,20,9.57,Delivered
O002165,C0473,2023-07-20,Beauty,Perfume,3,79.99,10,215.97,Delivered
O002166,C0473,2023-10-19,Books,Data Science Guide,2,44.99,0,89.98,Delivered
O002167,C0474,2023-03-24,Beauty,Face Cream,2,39.99,5,75.98,Delivered
O002168,C0474,2023-04-14,Electronics,Mouse,3,39.99,20,95.98,Delivered
O002169,C0474,2022-02-02,Food & Drink,Coffee Beans,3,19.99,0,59.97,Delivered
O002170,C0474,2022-01-04,Electronics,Webcam,5,79.99,0,399.95,Delivered
O002171,C0474,2021-11-11,Books,Python Cookbook,3,34.99,0,104.97,Delivered
O002172,C0474,2022-05-31,Beauty,Lip Balm,4,8.99,15,30.57,Delivered
O002173,C0474,2021-08-31,Beauty,Shampoo,2,14.99,10,26.98,Delivered
O002174,C0474,2023-08-31,Toys,LEGO Set,1,49.99,5,47.49,Delivered
O002175,C0474,2023-02-25,Toys,Stuffed Animal,4,19.99,0,79.96,Delivered
O002176,C0474,2023-10-01,Beauty,Shampoo,5,14.99,0,74.95,Delivered
O002177,C0475,2023-08-03,Toys,LEGO Set,3,49.99,20,119.98,Delivered
O002178,C0475,2023-11-20,Clothing,Dress,1,49.99,0,49.99,Delivered
O002179,C0475,2023-10-27,Home & Garden,Candle Set,5,24.99,0,124.95,Delivered
O002180,C0475,2023-10-14,Books,Data Science Guide,2,44.99,15,76.48,Delivered
O002181,C0475,2023-07-16,Clothing,T-Shirt,1,19.99,0,19.99,Delivered
O002182,C0475,2023-09-26,Books,Data Science Guide,4,44.99,20,143.97,Delivered
O002183,C0475,2023-12-09,Sports,Dumbbells,2,59.99,0,119.98,Delivered
O002184,C0475,2023-09-30,Sports,Water Bottle,5,19.99,0,99.95,Delivered
O002185,C0475,2023-11-12,Electronics,Headphones,2,149.99,5,284.98,Delivered
O002186,C0476,2023-02-10,Food & Drink,Protein Bar,3,2.99,20,7.18,Delivered
O002187,C0476,2023-02-08,Home & Garden,Lamp,1,69.99,15,59.49,Delivered
O002188,C0476,2021-10-25,Toys,LEGO Set,3,49.99,0,149.97,Delivered
O002189,C0476,2023-07-23,Toys,Puzzle,4,19.99,10,71.96,Delivered
O002190,C0476,2023-06-27,Beauty,Lip Balm,4,8.99,10,32.36,Delivered
O002191,C0476,2023-05-23,Beauty,Serum,3,54.99,0,164.97,Delivered
O002192,C0476,2023-05-08,Clothing,Jeans,5,59.99,0,299.95,Delivered
O002193,C0476,2021-09-21,Home & Garden,Rug,1,129.99,15,110.49,Delivered
O002194,C0477,2023-12-06,Sports,Dumbbells,1,59.99,20,47.99,Delivered
O002195,C0478,2022-04-16,Beauty,Perfume,5,79.99,20,319.96,Delivered
O002196,C0479,2022-06-30,Clothing,Dress,4,49.99,20,159.97,Delivered
O002197,C0479,2022-10-23,Books,Python Cookbook,4,34.99,0,139.96,Delivered
O002198,C0479,2023-07-29,Home & Garden,Candle Set,4,24.99,10,89.96,Delivered
O002199,C0479,2023-02-21,Electronics,Mouse,2,39.99,0,79.98,Delivered
O002200,C0479,2023-02-26,Clothing,Jacket,4,89.99,20,287.97,Delivered
O002201,C0479,2022-02-27,Clothing,T-Shirt,3,19.99,20,47.98,Delivered
O002202,C0479,2023-03-28,Books,Cookbook,1,24.99,0,24.99,Delivered
O002203,C0479,2022-04-23,Food & Drink,Olive Oil,2,16.99,0,33.98,Delivered
O002204,C0480,2023-09-22,Books,Cookbook,3,24.99,20,59.98,Delivered
O002205,C0480,2022-08-16,Electronics,USB Hub,3,29.99,0,89.97,Delivered
O002206,C0480,2023-03-20,Toys,Stuffed Animal,5,19.99,15,84.96,Delivered
O002207,C0480,2022-10-14,Food & Drink,Protein Bar,5,2.99,10,13.46,Delivered
O002208,C0480,2023-10-23,Electronics,Mouse,4,39.99,0,159.96,Delivered
O002209,C0480,2022-07-18,Beauty,Shampoo,1,14.99,10,13.49,Returned
O002210,C0480,2023-11-01,Beauty,Perfume,4,79.99,0,319.96,Delivered
O002211,C0481,2023-07-20,Electronics,USB Hub,3,29.99,0,89.97,Delivered
O002212,C0481,2023-11-11,Home & Garden,Candle Set,4,24.99,0,99.96,Returned
O002213,C0481,2021-12-15,Home & Garden,Rug,1,129.99,15,110.49,Delivered
O002214,C0482,2021-08-09,Home & Garden,Plant Pot,5,14.99,0,74.95,Delivered
O002215,C0482,2023-08-30,Sports,Resistance Band,4,14.99,0,59.96,Delivered
O002216,C0482,2021-04-05,Home & Garden,Lamp,1,69.99,0,69.99,Delivered
O002217,C0483,2023-05-16,Electronics,Mouse,1,39.99,10,35.99,Delivered
O002218,C0484,2021-08-02,Food & Drink,Olive Oil,3,16.99,10,45.87,Delivered
O002219,C0484,2022-07-02,Toys,Puzzle,2,19.99,10,35.98,Delivered
O002220,C0484,2023-05-31,Electronics,Headphones,1,149.99,5,142.49,Delivered
O002221,C0484,2021-08-28,Clothing,Sneakers,1,79.99,5,75.99,Delivered
O002222,C0484,2021-11-26,Clothing,Jeans,3,59.99,5,170.97,Delivered
O002223,C0484,2021-07-14,Food & Drink,Coffee Beans,3,19.99,5,56.97,Delivered
O002224,C0484,2022-08-16,Electronics,Webcam,1,79.99,10,71.99,Delivered
O002225,C0484,2022-09-09,Toys,Puzzle,4,19.99,5,75.96,Delivered
O002226,C0484,2022-12-23,Clothing,T-Shirt,2,19.99,10,35.98,Delivered
O002227,C0484,2021-08-20,Beauty,Face Cream,2,39.99,0,79.98,Delivered
O002228,C0484,2021-07-24,Food & Drink,Nuts Mix,3,12.99,20,31.18,Delivered
O002229,C0485,2023-04-22,Clothing,Jacket,3,89.99,0,269.97,Delivered
O002230,C0486,2023-10-18,Books,Novel,4,12.99,0,51.96,Delivered
O002231,C0486,2023-12-09,Sports,Resistance Band,2,14.99,0,29.98,Delivered
O002232,C0486,2023-11-21,Clothing,T-Shirt,5,19.99,10,89.95,Returned
O002233,C0486,2023-10-13,Toys,Puzzle,2,19.99,20,31.98,Delivered
O002234,C0486,2023-12-26,Beauty,Face Cream,3,39.99,0,119.97,Delivered
O002235,C0486,2023-12-05,Sports,Yoga Mat,2,39.99,0,79.98,Delivered
O002236,C0486,2023-11-24,Home & Garden,Candle Set,1,24.99,0,24.99,Delivered
O002237,C0486,2023-11-12,Toys,LEGO Set,1,49.99,20,39.99,Delivered
O002238,C0486,2023-10-20,Sports,Yoga Mat,4,39.99,10,143.96,Delivered
O002239,C0487,2022-09-02,Home & Garden,Lamp,2,69.99,0,139.98,Delivered
O002240,C0488,2023-01-17,Clothing,Sneakers,1,79.99,0,79.99,Delivered
O002241,C0488,2023-12-17,Food & Drink,Olive Oil,3,16.99,5,48.42,Delivered
O002242,C0488,2023-06-14,Beauty,Lip Balm,3,8.99,10,24.27,Delivered
O002243,C0488,2023-06-26,Food & Drink,Coffee Beans,2,19.99,20,31.98,Delivered
O002244,C0488,2023-07-22,Sports,Resistance Band,2,14.99,15,25.48,Delivered
O002245,C0488,2023-06-19,Sports,Resistance Band,2,14.99,5,28.48,Delivered
O002246,C0488,2023-08-26,Toys,Stuffed Animal,2,19.99,15,33.98,Delivered
O002247,C0488,2023-12-30,Beauty,Shampoo,1,14.99,20,11.99,Delivered
O002248,C0489,2023-09-08,Food & Drink,Coffee Beans,3,19.99,10,53.97,Delivered
O002249,C0490,2023-03-21,Food & Drink,Olive Oil,2,16.99,0,33.98,Delivered
O002250,C0491,2023-11-15,Food & Drink,Nuts Mix,1,12.99,0,12.99,Delivered
O002251,C0491,2023-11-02,Toys,Art Kit,5,24.99,20,99.96,Delivered
O002252,C0491,2023-12-14,Electronics,USB Hub,5,29.99,0,149.95,Delivered
O002253,C0491,2023-11-30,Electronics,Headphones,1,149.99,0,149.99,Delivered
O002254,C0491,2023-11-06,Sports,Yoga Mat,3,39.99,0,119.97,Delivered
O002255,C0491,2023-10-21,Clothing,T-Shirt,4,19.99,5,75.96,Delivered
O002256,C0491,2023-10-14,Food & Drink,Protein Bar,5,2.99,0,14.95,Delivered
O002257,C0491,2023-12-23,Home & Garden,Cushion,4,34.99,10,125.96,Delivered
O002258,C0491,2023-11-23,Electronics,Mouse,1,39.99,5,37.99,Delivered
O002259,C0492,2023-09-02,Clothing,Dress,1,49.99,20,39.99,Delivered
O002260,C0492,2023-05-01,Sports,Skipping Rope,4,9.99,10,35.96,Delivered
O002261,C0492,2023-03-24,Home & Garden,Rug,2,129.99,15,220.98,Delivered
O002262,C0492,2023-04-13,Clothing,Dress,4,49.99,20,159.97,Delivered
O002263,C0493,2023-04-10,Beauty,Perfume,2,79.99,20,127.98,Delivered
O002264,C0493,2023-01-05,Clothing,Sneakers,5,79.99,10,359.95,Delivered
O002265,C0493,2023-08-30,Beauty,Face Cream,3,39.99,5,113.97,Delivered
O002266,C0493,2022-09-04,Electronics,Headphones,4,149.99,15,509.97,Delivered
O002267,C0493,2023-06-23,Clothing,Dress,3,49.99,5,142.47,Delivered
O002268,C0493,2021-08-23,Home & Garden,Cushion,1,34.99,0,34.99,Delivered
O002269,C0494,2023-01-19,Home & Garden,Candle Set,2,24.99,5,47.48,Delivered
O002270,C0494,2023-10-26,Toys,Stuffed Animal,1,19.99,0,19.99,Delivered
O002271,C0494,2023-09-15,Beauty,Face Cream,1,39.99,20,31.99,Delivered
O002272,C0495,2023-12-02,Food & Drink,Nuts Mix,3,12.99,0,38.97,Delivered
O002273,C0495,2023-12-18,Electronics,Laptop Stand,4,49.99,5,189.96,Delivered
O002274,C0495,2023-12-22,Books,Data Science Guide,1,44.99,20,35.99,Delivered
O002275,C0495,2023-12-17,Sports,Water Bottle,2,19.99,0,39.98,Delivered
O002276,C0495,2023-12-09,Toys,Puzzle,4,19.99,0,79.96,Delivered
O002277,C0495,2023-12-09,Food & Drink,Nuts Mix,5,12.99,0,64.95,Delivered
O002278,C0495,2023-12-02,Electronics,USB Hub,2,29.99,15,50.98,Delivered
O002279,C0495,2023-12-26,Home & Garden,Plant Pot,5,14.99,0,74.95,Returned
O002280,C0495,2023-12-26,Beauty,Shampoo,3,14.99,0,44.97,Delivered
O002281,C0496,2023-04-07,Books,Data Science Guide,3,44.99,15,114.72,Delivered
O002282,C0496,2023-05-01,Clothing,T-Shirt,2,19.99,0,39.98,Delivered
O002283,C0496,2023-07-11,Food & Drink,Coffee Beans,1,19.99,0,19.99,Delivered
O002284,C0496,2023-03-31,Clothing,T-Shirt,1,19.99,15,16.99,Delivered
O002285,C0496,2022-11-15,Sports,Dumbbells,2,59.99,10,107.98,Delivered
O002286,C0496,2023-07-09,Electronics,Mouse,2,39.99,15,67.98,Delivered
O002287,C0496,2023-12-16,Electronics,Mouse,4,39.99,5,151.96,Delivered
O002288,C0496,2023-09-02,Beauty,Lip Balm,2,8.99,20,14.38,Delivered
O002289,C0496,2023-01-06,Sports,Dumbbells,3,59.99,10,161.97,Delivered
O002290,C0497,2023-03-23,Home & Garden,Lamp,2,69.99,0,139.98,Delivered
O002291,C0497,2023-07-28,Toys,LEGO Set,5,49.99,15,212.46,Delivered
O002292,C0497,2023-09-02,Home & Garden,Candle Set,2,24.99,10,44.98,Delivered
O002293,C0497,2023-04-11,Electronics,Headphones,5,149.99,5,712.45,Delivered
O002294,C0497,2023-05-10,Clothing,Sneakers,4,79.99,5,303.96,Delivered
O002295,C0498,2023-07-16,Beauty,Lip Balm,3,8.99,10,24.27,Delivered
O002296,C0499,2022-09-05,Clothing,T-Shirt,5,19.99,5,94.95,Delivered
O002297,C0499,2022-10-10,Beauty,Serum,1,54.99,15,46.74,Delivered
O002298,C0499,2022-04-09,Home & Garden,Candle Set,2,24.99,0,49.98,Delivered
O002299,C0499,2023-10-09,Clothing,T-Shirt,5,19.99,15,84.96,Delivered
O002300,C0499,2023-09-14,Food & Drink,Nuts Mix,3,12.99,15,33.12,Delivered
O002301,C0499,2022-05-25,Clothing,Jacket,2,89.99,0,179.98,Delivered
O002302,C0499,2022-06-18,Electronics,Mouse,1,39.99,0,39.99,Delivered
O002303,C0499,2022-07-02,Books,Python Cookbook,1,34.99,10,31.49,Delivered
O002304,C0499,2023-05-17,Food & Drink,Tea Collection,5,24.99,0,124.95,Delivered
O002305,C0500,2023-07-09,Home & Garden,Cushion,3,34.99,0,104.97,Delivered
O002306,C0500,2023-09-04,Sports,Yoga Mat,5,39.99,5,189.95,Delivered
O002307,C0500,2023-07-01,Food & Drink,Olive Oil,3,16.99,5,48.42,Delivered
O002308,C0500,2023-02-05,Toys,Puzzle,2,19.99,0,39.98,Delivered
O002309,C0500,2023-07-11,Food & Drink,Coffee Beans,2,19.99,20,31.98,Delivered
O002310,C0500,2022-11-03,Clothing,Jeans,3,59.99,0,179.97,Delivered
O002311,C0500,2022-12-22,Books,Python Cookbook,2,34.99,0,69.98,Delivered
O002312,C0501,2021-04-23,Food & Drink,Olive Oil,2,16.99,5,32.28,Delivered
O002313,C0501,2021-10-07,Home & Garden,Lamp,4,69.99,0,279.96,Delivered
O002314,C0501,2023-03-03,Clothing,Jeans,3,59.99,20,143.98,Delivered
O002315,C0501,2021-09-27,Toys,LEGO Set,5,49.99,0,249.95,Delivered
O002316,C0501,2022-03-03,Food & Drink,Protein Bar,5,2.99,0,14.95,Delivered
O002317,C0502,2021-08-23,Books,Python Cookbook,5,34.99,0,174.95,Delivered
O002318,C0503,2023-09-21,Sports,Yoga Mat,1,39.99,0,39.99,Delivered
O002319,C0503,2023-10-04,Books,Travel Guide,4,16.99,15,57.77,Delivered
O002320,C0503,2023-08-14,Books,Travel Guide,5,16.99,10,76.45,Delivered
O002321,C0503,2023-06-14,Beauty,Perfume,4,79.99,5,303.96,Delivered
O002322,C0503,2023-05-06,Beauty,Shampoo,2,14.99,0,29.98,Delivered
O002323,C0503,2023-06-24,Electronics,USB Hub,5,29.99,15,127.46,Delivered
O002324,C0503,2023-05-15,Clothing,Jacket,5,89.99,0,449.95,Delivered
O002325,C0504,2023-05-28,Home & Garden,Plant Pot,3,14.99,20,35.98,Delivered
O002326,C0504,2023-08-18,Beauty,Perfume,3,79.99,20,191.98,Delivered
O002327,C0504,2023-09-12,Home & Garden,Lamp,5,69.99,0,349.95,Delivered
O002328,C0504,2023-10-25,Home & Garden,Plant Pot,5,14.99,15,63.71,Delivered
O002329,C0504,2023-04-02,Toys,Board Game,4,34.99,5,132.96,Delivered
O002330,C0504,2023-04-07,Clothing,T-Shirt,2,19.99,15,33.98,Delivered
O002331,C0505,2022-09-22,Electronics,USB Hub,4,29.99,15,101.97,Delivered
O002332,C0505,2023-09-22,Clothing,T-Shirt,3,19.99,10,53.97,Delivered
O002333,C0505,2022-08-06,Books,Travel Guide,1,16.99,0,16.99,Delivered
O002334,C0505,2023-05-13,Toys,Board Game,1,34.99,10,31.49,Delivered
O002335,C0505,2022-10-31,Sports,Yoga Mat,3,39.99,0,119.97,Delivered
O002336,C0506,2022-03-03,Electronics,Headphones,5,149.99,0,749.95,Delivered
O002337,C0506,2022-12-26,Clothing,Jeans,4,59.99,5,227.96,Delivered
O002338,C0506,2023-10-20,Home & Garden,Cushion,5,34.99,10,157.46,Delivered
O002339,C0506,2022-08-26,Sports,Resistance Band,3,14.99,5,42.72,Delivered
O002340,C0507,2023-07-20,Home & Garden,Candle Set,4,24.99,20,79.97,Delivered
O002341,C0508,2023-09-18,Home & Garden,Plant Pot,1,14.99,0,14.99,Delivered
O002342,C0508,2023-06-08,Clothing,T-Shirt,4,19.99,5,75.96,Delivered
O002343,C0508,2023-08-17,Home & Garden,Cushion,3,34.99,5,99.72,Delivered
O002344,C0508,2023-09-18,Food & Drink,Protein Bar,3,2.99,15,7.62,Delivered
O002345,C0509,2023-12-11,Beauty,Serum,3,54.99,15,140.22,Delivered
O002346,C0510,2023-01-25,Home & Garden,Cushion,2,34.99,15,59.48,Delivered
O002347,C0511,2023-11-18,Home & Garden,Lamp,2,69.99,15,118.98,Delivered
O002348,C0511,2022-03-07,Electronics,Headphones,3,149.99,15,382.47,Returned
O002349,C0511,2022-08-09,Electronics,Webcam,4,79.99,15,271.97,Delivered
O002350,C0511,2022-03-02,Books,Cookbook,5,24.99,0,124.95,Delivered
O002351,C0511,2023-02-03,Toys,Stuffed Animal,2,19.99,10,35.98,Returned
O002352,C0511,2023-07-13,Toys,Board Game,5,34.99,0,174.95,Delivered
O002353,C0511,2022-07-11,Toys,Art Kit,1,24.99,15,21.24,Delivered
O002354,C0512,2023-11-13,Clothing,Jacket,2,89.99,0,179.98,Delivered
O002355,C0512,2023-11-03,Sports,Yoga Mat,3,39.99,0,119.97,Delivered
O002356,C0512,2023-09-08,Toys,Puzzle,2,19.99,0,39.98,Delivered
O002357,C0512,2023-09-18,Books,Travel Guide,1,16.99,10,15.29,Delivered
O002358,C0512,2023-10-22,Toys,Puzzle,4,19.99,0,79.96,Delivered
O002359,C0512,2023-12-22,Electronics,Headphones,2,149.99,10,269.98,Delivered
O002360,C0512,2023-12-29,Food & Drink,Olive Oil,2,16.99,10,30.58,Delivered
O002361,C0512,2023-11-05,Toys,Art Kit,4,24.99,0,99.96,Delivered
O002362,C0512,2023-12-10,Sports,Dumbbells,3,59.99,0,179.97,Delivered
O002363,C0513,2023-06-11,Electronics,Webcam,5,79.99,10,359.95,Delivered
O002364,C0513,2023-12-12,Clothing,Jeans,2,59.99,0,119.98,Delivered
O002365,C0513,2023-06-30,Sports,Yoga Mat,2,39.99,5,75.98,Delivered
O002366,C0513,2023-10-06,Electronics,Laptop Stand,3,49.99,5,142.47,Delivered
O002367,C0513,2023-06-04,Electronics,Laptop Stand,3,49.99,20,119.98,Delivered
O002368,C0514,2022-01-01,Books,Cookbook,1,24.99,10,22.49,Delivered
O002369,C0515,2023-11-26,Books,Novel,1,12.99,0,12.99,Delivered
O002370,C0516,2023-06-27,Toys,LEGO Set,1,49.99,15,42.49,Returned
O002371,C0516,2023-02-04,Books,Novel,2,12.99,0,25.98,Delivered
O002372,C0516,2023-03-11,Toys,Board Game,4,34.99,10,125.96,Delivered
O002373,C0516,2023-06-08,Beauty,Serum,4,54.99,15,186.97,Delivered
O002374,C0516,2023-01-23,Toys,Puzzle,4,19.99,0,79.96,Returned
O002375,C0516,2023-01-30,Clothing,Jeans,3,59.99,0,179.97,Delivered
O002376,C0516,2022-09-19,Electronics,Headphones,5,149.99,20,599.96,Returned
O002377,C0517,2022-07-14,Electronics,Webcam,2,79.99,0,159.98,Delivered
O002378,C0517,2023-03-23,Sports,Water Bottle,1,19.99,15,16.99,Delivered
O002379,C0517,2022-11-21,Sports,Dumbbells,1,59.99,0,59.99,Delivered
O002380,C0517,2022-11-28,Electronics,Mouse,2,39.99,15,67.98,Delivered
O002381,C0517,2022-07-16,Electronics,Webcam,1,79.99,0,79.99,Delivered
O002382,C0517,2022-08-27,Toys,Art Kit,3,24.99,15,63.72,Delivered
O002383,C0518,2023-12-02,Electronics,Laptop Stand,4,49.99,15,169.97,Delivered
O002384,C0518,2023-10-28,Electronics,Mouse,5,39.99,0,199.95,Delivered
O002385,C0518,2023-03-22,Toys,Board Game,3,34.99,0,104.97,Delivered
O002386,C0518,2022-04-16,Electronics,Laptop Stand,1,49.99,0,49.99,Returned
O002387,C0518,2022-10-01,Beauty,Serum,5,54.99,0,274.95,Delivered
O002388,C0518,2022-04-02,Home & Garden,Rug,2,129.99,0,259.98,Returned
O002389,C0518,2022-07-16,Books,Travel Guide,4,16.99,20,54.37,Delivered
O002390,C0518,2022-06-02,Clothing,T-Shirt,3,19.99,10,53.97,Delivered
O002391,C0518,2022-04-05,Sports,Water Bottle,3,19.99,0,59.97,Delivered
O002392,C0518,2022-01-21,Beauty,Face Cream,4,39.99,0,159.96,Delivered
O002393,C0518,2022-07-22,Clothing,Jacket,1,89.99,0,89.99,Delivered
O002394,C0518,2022-07-21,Toys,Stuffed Animal,4,19.99,0,79.96,Delivered
O002395,C0518,2022-05-02,Clothing,Sneakers,5,79.99,15,339.96,Delivered
O002396,C0519,2023-12-29,Beauty,Perfume,3,79.99,10,215.97,Delivered
O002397,C0519,2022-08-24,Beauty,Perfume,2,79.99,0,159.98,Delivered
O002398,C0519,2023-04-12,Electronics,USB Hub,2,29.99,0,59.98,Delivered
O002399,C0519,2022-08-18,Electronics,Mouse,4,39.99,15,135.97,Delivered
O002400,C0519,2023-10-30,Electronics,Mouse,3,39.99,5,113.97,Delivered
O002401,C0520,2022-11-24,Toys,LEGO Set,2,49.99,15,84.98,Delivered
O002402,C0520,2023-07-10,Sports,Resistance Band,4,14.99,0,59.96,Delivered
O002403,C0520,2023-01-23,Home & Garden,Plant Pot,3,14.99,15,38.22,Delivered
O002404,C0520,2023-05-22,Clothing,Dress,5,49.99,10,224.96,Delivered
O002405,C0520,2022-09-25,Electronics,Laptop Stand,2,49.99,15,84.98,Delivered
O002406,C0521,2023-11-22,Toys,Puzzle,4,19.99,10,71.96,Delivered
O002407,C0521,2023-07-13,Beauty,Lip Balm,2,8.99,0,17.98,Delivered
O002408,C0521,2022-02-08,Toys,Art Kit,3,24.99,5,71.22,Delivered
O002409,C0521,2023-08-19,Home & Garden,Cushion,4,34.99,5,132.96,Delivered
O002410,C0522,2023-07-28,Beauty,Serum,1,54.99,0,54.99,Delivered
O002411,C0523,2023-09-09,Home & Garden,Candle Set,3,24.99,15,63.72,Delivered
O002412,C0523,2023-12-21,Electronics,Headphones,3,149.99,0,449.97,Delivered
O002413,C0523,2023-10-13,Clothing,Sneakers,1,79.99,20,63.99,Delivered
O002414,C0523,2023-11-25,Beauty,Face Cream,5,39.99,15,169.96,Delivered
O002415,C0524,2023-07-14,Electronics,Webcam,2,79.99,20,127.98,Delivered
O002416,C0524,2023-09-02,Sports,Skipping Rope,2,9.99,20,15.98,Delivered
O002417,C0524,2023-12-08,Home & Garden,Plant Pot,4,14.99,15,50.97,Delivered
O002418,C0524,2023-06-05,Electronics,Laptop Stand,4,49.99,10,179.96,Delivered
O002419,C0525,2023-11-21,Books,Cookbook,1,24.99,10,22.49,Delivered
O002420,C0525,2023-09-28,Food & Drink,Coffee Beans,1,19.99,0,19.99,Delivered
O002421,C0525,2023-09-26,Books,Cookbook,4,24.99,0,99.96,Returned
O002422,C0525,2023-12-02,Toys,Board Game,4,34.99,0,139.96,Delivered
O002423,C0525,2023-09-28,Home & Garden,Rug,3,129.99,5,370.47,Delivered
O002424,C0525,2023-10-03,Toys,Stuffed Animal,3,19.99,10,53.97,Delivered
O002425,C0526,2023-08-19,Toys,Board Game,5,34.99,20,139.96,Delivered
O002426,C0526,2023-08-19,Electronics,Webcam,5,79.99,20,319.96,Delivered
O002427,C0526,2022-12-09,Clothing,Jacket,2,89.99,20,143.98,Delivered
O002428,C0526,2022-06-16,Clothing,Dress,1,49.99,20,39.99,Delivered
O002429,C0526,2022-10-06,Books,Travel Guide,5,16.99,0,84.95,Delivered
O002430,C0526,2022-07-25,Home & Garden,Lamp,5,69.99,20,279.96,Delivered
O002431,C0526,2021-09-23,Electronics,Webcam,3,79.99,0,239.97,Delivered
O002432,C0526,2023-11-11,Toys,Puzzle,4,19.99,0,79.96,Delivered
O002433,C0526,2023-08-23,Electronics,Mouse,1,39.99,20,31.99,Delivered
O002434,C0526,2023-10-04,Food & Drink,Nuts Mix,1,12.99,0,12.99,Returned
O002435,C0526,2022-10-17,Sports,Water Bottle,5,19.99,0,99.95,Returned
O002436,C0526,2022-12-31,Sports,Dumbbells,5,59.99,15,254.96,Delivered
O002437,C0527,2023-08-24,Sports,Skipping Rope,3,9.99,0,29.97,Delivered
O002438,C0527,2023-09-09,Clothing,Sneakers,3,79.99,10,215.97,Delivered
O002439,C0527,2023-12-10,Electronics,USB Hub,2,29.99,5,56.98,Delivered
O002440,C0528,2023-02-01,Sports,Water Bottle,5,19.99,0,99.95,Delivered
O002441,C0528,2023-09-20,Books,Python Cookbook,4,34.99,5,132.96,Delivered
O002442,C0528,2023-06-11,Clothing,Jeans,3,59.99,0,179.97,Delivered
O002443,C0528,2023-09-05,Sports,Water Bottle,1,19.99,0,19.99,Delivered
O002444,C0528,2023-04-08,Toys,Art Kit,3,24.99,15,63.72,Delivered
O002445,C0528,2022-08-29,Food & Drink,Olive Oil,5,16.99,20,67.96,Delivered
O002446,C0529,2022-12-02,Clothing,Jeans,3,59.99,10,161.97,Delivered
O002447,C0530,2023-12-01,Books,Cookbook,1,24.99,0,24.99,Delivered
O002448,C0530,2023-12-26,Toys,Puzzle,3,19.99,5,56.97,Delivered
O002449,C0530,2023-09-08,Home & Garden,Rug,5,129.99,0,649.95,Delivered
O002450,C0531,2023-10-15,Beauty,Serum,1,54.99,0,54.99,Delivered
O002451,C0532,2023-01-06,Beauty,Face Cream,3,39.99,5,113.97,Delivered
O002452,C0532,2023-12-14,Electronics,Mouse,5,39.99,20,159.96,Delivered
O002453,C0532,2023-04-27,Electronics,Mouse,2,39.99,15,67.98,Delivered
O002454,C0532,2022-11-30,Books,Data Science Guide,3,44.99,0,134.97,Delivered
O002455,C0533,2022-08-29,Toys,LEGO Set,5,49.99,0,249.95,Delivered
O002456,C0533,2023-11-22,Toys,Stuffed Animal,3,19.99,15,50.97,Delivered
O002457,C0533,2022-01-21,Beauty,Perfume,4,79.99,20,255.97,Delivered
O002458,C0533,2022-03-01,Beauty,Lip Balm,2,8.99,0,17.98,Delivered
O002459,C0534,2022-07-14,Food & Drink,Protein Bar,1,2.99,0,2.99,Delivered
O002460,C0534,2023-05-26,Beauty,Face Cream,5,39.99,20,159.96,Delivered
O002461,C0534,2022-10-02,Clothing,T-Shirt,2,19.99,10,35.98,Delivered
O002462,C0534,2023-05-12,Home & Garden,Lamp,1,69.99,10,62.99,Delivered
O002463,C0534,2023-12-03,Toys,Stuffed Animal,3,19.99,10,53.97,Delivered
O002464,C0534,2023-04-28,Electronics,Webcam,4,79.99,0,319.96,Delivered
O002465,C0535,2023-09-07,Toys,Puzzle,1,19.99,5,18.99,Returned
O002466,C0536,2022-12-22,Clothing,Dress,2,49.99,20,79.98,Delivered
O002467,C0536,2023-11-04,Clothing,Sneakers,3,79.99,15,203.97,Delivered
O002468,C0537,2023-11-13,Food & Drink,Nuts Mix,3,12.99,0,38.97,Delivered
O002469,C0537,2023-04-04,Books,Python Cookbook,1,34.99,10,31.49,Delivered
O002470,C0537,2023-05-18,Clothing,Jacket,3,89.99,0,269.97,Delivered
O002471,C0537,2023-06-23,Electronics,Laptop Stand,2,49.99,20,79.98,Delivered
O002472,C0537,2023-07-05,Food & Drink,Coffee Beans,1,19.99,0,19.99,Delivered
O002473,C0537,2023-10-11,Books,Novel,3,12.99,10,35.07,Delivered
O002474,C0537,2023-09-28,Books,Python Cookbook,5,34.99,20,139.96,Delivered
O002475,C0537,2023-09-14,Food & Drink,Protein Bar,1,2.99,15,2.54,Delivered
O002476,C0537,2023-11-19,Sports,Skipping Rope,2,9.99,20,15.98,Delivered
O002477,C0537,2023-04-15,Home & Garden,Cushion,1,34.99,0,34.99,Delivered
O002478,C0537,2023-11-27,Electronics,Laptop Stand,4,49.99,0,199.96,Delivered
O002479,C0537,2023-07-08,Electronics,Laptop Stand,1,49.99,5,47.49,Delivered
O002480,C0538,2023-05-07,Electronics,Webcam,4,79.99,10,287.96,Delivered
O002481,C0538,2023-10-23,Toys,Board Game,1,34.99,0,34.99,Delivered
O002482,C0538,2021-06-19,Food & Drink,Olive Oil,2,16.99,5,32.28,Delivered
O002483,C0538,2021-05-03,Toys,Art Kit,1,24.99,10,22.49,Delivered
O002484,C0538,2021-04-13,Food & Drink,Coffee Beans,4,19.99,10,71.96,Delivered
O002485,C0538,2022-11-11,Clothing,Jacket,3,89.99,5,256.47,Delivered
O002486,C0539,2023-03-09,Clothing,Dress,3,49.99,10,134.97,Delivered
O002487,C0539,2022-09-17,Sports,Dumbbells,3,59.99,0,179.97,Delivered
O002488,C0540,2022-04-15,Clothing,Jacket,4,89.99,0,359.96,Delivered
O002489,C0540,2022-04-05,Electronics,Laptop Stand,2,49.99,0,99.98,Delivered
O002490,C0540,2023-03-11,Home & Garden,Plant Pot,5,14.99,20,59.96,Delivered
O002491,C0540,2022-11-25,Clothing,T-Shirt,4,19.99,0,79.96,Delivered
O002492,C0540,2023-07-06,Clothing,Jeans,3,59.99,0,179.97,Returned
O002493,C0540,2022-05-12,Food & Drink,Protein Bar,2,2.99,0,5.98,Delivered
O002494,C0540,2022-04-29,Home & Garden,Cushion,1,34.99,0,34.99,Delivered
O002495,C0540,2022-05-02,Toys,Puzzle,3,19.99,10,53.97,Delivered
O002496,C0540,2022-06-15,Toys,Art Kit,2,24.99,5,47.48,Delivered
O002497,C0541,2023-06-23,Home & Garden,Candle Set,1,24.99,20,19.99,Delivered
O002498,C0541,2023-02-28,Clothing,Jeans,1,59.99,5,56.99,Delivered
O002499,C0541,2023-08-31,Beauty,Shampoo,3,14.99,0,44.97,Delivered
O002500,C0541,2023-03-30,Clothing,Jacket,2,89.99,0,179.98,Delivered
O002501,C0541,2023-10-24,Sports,Skipping Rope,4,9.99,0,39.96,Delivered
O002502,C0541,2023-07-24,Clothing,Dress,1,49.99,15,42.49,Delivered
O002503,C0542,2022-09-13,Electronics,USB Hub,5,29.99,0,149.95,Delivered
O002504,C0543,2022-12-05,Beauty,Shampoo,5,14.99,20,59.96,Delivered
O002505,C0543,2022-02-07,Food & Drink,Tea Collection,4,24.99,0,99.96,Delivered
O002506,C0543,2022-05-05,Beauty,Serum,3,54.99,0,164.97,Delivered
O002507,C0543,2022-03-08,Toys,Board Game,5,34.99,0,174.95,Delivered
O002508,C0543,2022-05-28,Home & Garden,Plant Pot,1,14.99,0,14.99,Delivered
O002509,C0544,2023-11-17,Food & Drink,Nuts Mix,4,12.99,10,46.76,Delivered
O002510,C0544,2023-10-05,Toys,Board Game,5,34.99,10,157.46,Delivered
O002511,C0544,2023-10-01,Clothing,Dress,3,49.99,5,142.47,Delivered
O002512,C0544,2023-12-09,Books,Cookbook,4,24.99,15,84.97,Delivered
O002513,C0544,2023-11-18,Beauty,Perfume,1,79.99,10,71.99,Delivered
O002514,C0544,2023-11-01,Books,Data Science Guide,2,44.99,5,85.48,Delivered
O002515,C0544,2023-09-26,Food & Drink,Olive Oil,2,16.99,20,27.18,Delivered
O002516,C0545,2022-07-02,Beauty,Shampoo,3,14.99,0,44.97,Delivered
O002517,C0545,2023-10-03,Toys,Art Kit,1,24.99,15,21.24,Delivered
O002518,C0545,2023-02-10,Beauty,Shampoo,3,14.99,0,44.97,Delivered
O002519,C0545,2023-08-06,Beauty,Serum,2,54.99,0,109.98,Delivered
O002520,C0546,2023-11-09,Toys,LEGO Set,5,49.99,20,199.96,Delivered
O002521,C0546,2023-04-17,Home & Garden,Candle Set,4,24.99,20,79.97,Delivered
O002522,C0546,2022-08-03,Toys,LEGO Set,4,49.99,5,189.96,Delivered
O002523,C0546,2023-11-21,Toys,Board Game,2,34.99,0,69.98,Delivered
O002524,C0546,2022-07-12,Beauty,Shampoo,1,14.99,15,12.74,Delivered
O002525,C0546,2022-06-01,Clothing,Sneakers,5,79.99,10,359.95,Delivered
O002526,C0547,2022-04-12,Food & Drink,Coffee Beans,1,19.99,0,19.99,Delivered
O002527,C0547,2022-11-24,Food & Drink,Tea Collection,2,24.99,0,49.98,Delivered
O002528,C0547,2023-09-02,Food & Drink,Coffee Beans,3,19.99,0,59.97,Delivered
O002529,C0547,2023-06-16,Sports,Resistance Band,2,14.99,0,29.98,Delivered
O002530,C0547,2021-05-17,Sports,Dumbbells,2,59.99,20,95.98,Delivered
O002531,C0548,2022-08-23,Books,Data Science Guide,5,44.99,0,224.95,Delivered
O002532,C0548,2023-04-07,Home & Garden,Cushion,4,34.99,0,139.96,Delivered
O002533,C0548,2022-02-26,Electronics,Mouse,4,39.99,20,127.97,Delivered
O002534,C0548,2023-06-27,Electronics,USB Hub,5,29.99,15,127.46,Delivered
O002535,C0548,2022-10-20,Electronics,Laptop Stand,4,49.99,15,169.97,Delivered
O002536,C0548,2022-01-19,Home & Garden,Cushion,1,34.99,5,33.24,Delivered
O002537,C0549,2023-05-16,Sports,Yoga Mat,5,39.99,15,169.96,Delivered
O002538,C0549,2023-10-19,Clothing,Jeans,3,59.99,15,152.97,Delivered
O002539,C0549,2023-08-30,Food & Drink,Tea Collection,4,24.99,15,84.97,Delivered
O002540,C0549,2023-10-12,Home & Garden,Plant Pot,2,14.99,0,29.98,Delivered
O002541,C0550,2023-01-04,Beauty,Perfume,1,79.99,10,71.99,Delivered
O002542,C0551,2023-05-28,Books,Novel,3,12.99,0,38.97,Delivered
O002543,C0552,2023-12-14,Sports,Skipping Rope,1,9.99,15,8.49,Delivered
O002544,C0552,2023-12-28,Home & Garden,Rug,2,129.99,0,259.98,Delivered
O002545,C0553,2023-12-12,Clothing,T-Shirt,5,19.99,0,99.95,Delivered
O002546,C0553,2022-05-28,Clothing,Sneakers,5,79.99,0,399.95,Delivered
O002547,C0553,2022-09-21,Beauty,Face Cream,4,39.99,0,159.96,Delivered
O002548,C0553,2022-06-30,Clothing,Jeans,4,59.99,0,239.96,Delivered
O002549,C0553,2022-05-31,Books,Data Science Guide,4,44.99,0,179.96,Delivered
O002550,C0553,2023-08-07,Clothing,Jeans,2,59.99,20,95.98,Delivered
O002551,C0553,2022-06-08,Books,Cookbook,3,24.99,15,63.72,Delivered
O002552,C0553,2022-08-18,Electronics,Mouse,2,39.99,0,79.98,Delivered
O002553,C0554,2023-09-19,Food & Drink,Protein Bar,2,2.99,0,5.98,Delivered
O002554,C0554,2023-05-29,Beauty,Lip Balm,4,8.99,0,35.96,Delivered
O002555,C0554,2023-12-28,Books,Travel Guide,5,16.99,0,84.95,Delivered
O002556,C0554,2023-09-05,Clothing,Jacket,2,89.99,15,152.98,Delivered
O002557,C0555,2023-09-18,Sports,Water Bottle,5,19.99,0,99.95,Delivered
O002558,C0555,2023-11-24,Electronics,Headphones,2,149.99,20,239.98,Delivered
O002559,C0555,2023-06-21,Clothing,Jeans,1,59.99,0,59.99,Delivered
O002560,C0555,2023-04-21,Toys,Puzzle,3,19.99,0,59.97,Delivered
O002561,C0556,2023-11-15,Food & Drink,Protein Bar,5,2.99,20,11.96,Delivered
O002562,C0556,2023-12-15,Electronics,Headphones,4,149.99,0,599.96,Returned
O002563,C0556,2023-10-17,Books,Novel,4,12.99,0,51.96,Delivered
O002564,C0556,2023-11-06,Food & Drink,Olive Oil,4,16.99,0,67.96,Delivered
O002565,C0556,2023-10-27,Beauty,Lip Balm,2,8.99,0,17.98,Delivered
O002566,C0556,2023-12-31,Books,Python Cookbook,4,34.99,0,139.96,Delivered
O002567,C0556,2023-10-06,Toys,Board Game,1,34.99,0,34.99,Delivered
O002568,C0556,2023-10-09,Food & Drink,Nuts Mix,4,12.99,0,51.96,Delivered
O002569,C0556,2023-10-04,Home & Garden,Cushion,2,34.99,15,59.48,Delivered
O002570,C0556,2023-10-31,Toys,Puzzle,4,19.99,5,75.96,Delivered
O002571,C0556,2023-10-26,Home & Garden,Lamp,5,69.99,0,349.95,Delivered
O002572,C0556,2023-10-09,Clothing,T-Shirt,1,19.99,0,19.99,Delivered
O002573,C0556,2023-10-26,Books,Cookbook,3,24.99,20,59.98,Delivered
O002574,C0556,2023-10-22,Books,Novel,3,12.99,5,37.02,Delivered
O002575,C0557,2023-01-01,Home & Garden,Plant Pot,1,14.99,10,13.49,Delivered
O002576,C0558,2023-07-14,Books,Novel,5,12.99,15,55.21,Delivered
O002577,C0558,2021-08-22,Food & Drink,Tea Collection,3,24.99,0,74.97,Delivered
O002578,C0558,2023-09-01,Home & Garden,Plant Pot,4,14.99,0,59.96,Delivered
O002579,C0558,2023-09-12,Home & Garden,Lamp,2,69.99,10,125.98,Delivered
O002580,C0558,2021-09-11,Food & Drink,Olive Oil,1,16.99,0,16.99,Returned
O002581,C0558,2023-04-05,Sports,Yoga Mat,5,39.99,5,189.95,Delivered
O002582,C0558,2022-01-16,Toys,LEGO Set,2,49.99,5,94.98,Delivered
O002583,C0559,2023-03-15,Home & Garden,Plant Pot,1,14.99,0,14.99,Delivered
O002584,C0559,2022-12-02,Electronics,Laptop Stand,1,49.99,5,47.49,Returned
O002585,C0559,2022-06-28,Clothing,Jacket,4,89.99,0,359.96,Delivered
O002586,C0559,2023-06-04,Clothing,T-Shirt,3,19.99,20,47.98,Delivered
O002587,C0559,2023-02-01,Sports,Yoga Mat,2,39.99,5,75.98,Delivered
O002588,C0559,2023-05-31,Books,Travel Guide,5,16.99,0,84.95,Delivered
O002589,C0559,2022-09-29,Clothing,T-Shirt,1,19.99,0,19.99,Delivered
O002590,C0560,2022-12-15,Beauty,Serum,1,54.99,0,54.99,Returned
O002591,C0560,2023-04-05,Food & Drink,Protein Bar,5,2.99,15,12.71,Delivered
O002592,C0560,2023-12-20,Sports,Dumbbells,2,59.99,15,101.98,Delivered
O002593,C0560,2022-12-28,Books,Data Science Guide,3,44.99,0,134.97,Delivered
O002594,C0560,2023-07-03,Electronics,Headphones,2,149.99,15,254.98,Delivered
O002595,C0561,2023-11-07,Home & Garden,Candle Set,5,24.99,0,124.95,Delivered
O002596,C0562,2023-03-26,Clothing,Jeans,3,59.99,0,179.97,Delivered
O002597,C0562,2023-05-30,Clothing,Jacket,2,89.99,15,152.98,Delivered
O002598,C0562,2023-08-25,Sports,Skipping Rope,5,9.99,20,39.96,Delivered
O002599,C0562,2021-03-21,Clothing,Jacket,2,89.99,10,161.98,Delivered
O002600,C0562,2021-12-22,Clothing,T-Shirt,2,19.99,15,33.98,Delivered
O002601,C0562,2023-06-05,Toys,Stuffed Animal,3,19.99,0,59.97,Delivered
O002602,C0562,2023-04-06,Toys,Stuffed Animal,2,19.99,5,37.98,Delivered
O002603,C0562,2021-12-13,Toys,Stuffed Animal,5,19.99,0,99.95,Delivered
O002604,C0562,2022-04-29,Clothing,Jacket,5,89.99,5,427.45,Delivered
O002605,C0562,2023-05-30,Beauty,Serum,4,54.99,0,219.96,Returned
O002606,C0562,2022-12-28,Home & Garden,Plant Pot,5,14.99,20,59.96,Delivered
O002607,C0562,2022-07-06,Sports,Dumbbells,5,59.99,0,299.95,Delivered
O002608,C0563,2022-10-02,Books,Novel,3,12.99,20,31.18,Delivered
O002609,C0563,2023-12-31,Books,Novel,5,12.99,15,55.21,Delivered
O002610,C0563,2022-06-08,Home & Garden,Candle Set,1,24.99,0,24.99,Delivered
O002611,C0563,2022-09-19,Sports,Skipping Rope,5,9.99,10,44.96,Delivered
O002612,C0563,2023-12-04,Toys,Puzzle,2,19.99,10,35.98,Delivered
O002613,C0563,2023-03-31,Toys,Puzzle,4,19.99,0,79.96,Delivered
O002614,C0563,2022-02-04,Food & Drink,Nuts Mix,4,12.99,5,49.36,Delivered
O002615,C0563,2022-02-23,Clothing,T-Shirt,1,19.99,0,19.99,Delivered
O002616,C0563,2022-07-07,Toys,Art Kit,5,24.99,5,118.7,Delivered
O002617,C0563,2023-03-20,Sports,Resistance Band,4,14.99,15,50.97,Delivered
O002618,C0563,2023-01-23,Home & Garden,Rug,5,129.99,0,649.95,Delivered
O002619,C0564,2021-08-03,Beauty,Lip Balm,2,8.99,10,16.18,Delivered
O002620,C0564,2023-10-15,Clothing,T-Shirt,2,19.99,0,39.98,Delivered
O002621,C0564,2023-01-22,Home & Garden,Rug,4,129.99,20,415.97,Delivered
O002622,C0564,2021-08-31,Food & Drink,Nuts Mix,4,12.99,15,44.17,Delivered
O002623,C0565,2022-05-03,Food & Drink,Nuts Mix,1,12.99,0,12.99,Delivered
O002624,C0565,2023-06-09,Books,Python Cookbook,5,34.99,0,174.95,Delivered
O002625,C0565,2022-12-06,Home & Garden,Rug,1,129.99,20,103.99,Delivered
O002626,C0565,2022-12-04,Beauty,Perfume,3,79.99,10,215.97,Delivered
O002627,C0565,2022-05-01,Food & Drink,Nuts Mix,5,12.99,10,58.46,Delivered
O002628,C0565,2022-03-04,Electronics,USB Hub,4,29.99,15,101.97,Delivered
O002629,C0566,2023-06-19,Toys,Art Kit,4,24.99,10,89.96,Delivered
O002630,C0567,2023-05-01,Toys,Board Game,2,34.99,5,66.48,Delivered
O002631,C0567,2023-01-29,Electronics,USB Hub,1,29.99,0,29.99,Delivered
O002632,C0567,2023-12-18,Home & Garden,Candle Set,5,24.99,0,124.95,Delivered
O002633,C0567,2022-11-15,Sports,Water Bottle,2,19.99,0,39.98,Delivered
O002634,C0567,2023-12-14,Toys,Stuffed Animal,2,19.99,5,37.98,Delivered
O002635,C0567,2023-06-22,Electronics,Laptop Stand,3,49.99,0,149.97,Delivered
O002636,C0567,2023-12-14,Toys,Stuffed Animal,5,19.99,5,94.95,Delivered
O002637,C0568,2023-10-12,Food & Drink,Olive Oil,5,16.99,0,84.95,Delivered
O002638,C0568,2023-07-25,Books,Data Science Guide,4,44.99,15,152.97,Delivered
O002639,C0568,2023-12-01,Food & Drink,Coffee Beans,5,19.99,0,99.95,Delivered
O002640,C0568,2023-08-13,Sports,Resistance Band,3,14.99,5,42.72,Delivered
O002641,C0568,2023-12-08,Toys,Board Game,5,34.99,20,139.96,Delivered
O002642,C0568,2023-11-27,Food & Drink,Olive Oil,2,16.99,0,33.98,Delivered
O002643,C0568,2023-08-27,Food & Drink,Tea Collection,4,24.99,10,89.96,Delivered
O002644,C0568,2023-10-02,Home & Garden,Plant Pot,1,14.99,0,14.99,Delivered
O002645,C0569,2023-08-26,Food & Drink,Tea Collection,4,24.99,10,89.96,Delivered
O002646,C0569,2023-09-20,Sports,Yoga Mat,3,39.99,5,113.97,Delivered
O002647,C0569,2023-03-15,Sports,Resistance Band,1,14.99,0,14.99,Delivered
O002648,C0569,2023-01-05,Beauty,Perfume,4,79.99,10,287.96,Delivered
O002649,C0569,2023-12-08,Sports,Yoga Mat,1,39.99,15,33.99,Delivered
O002650,C0569,2022-11-05,Food & Drink,Nuts Mix,3,12.99,5,37.02,Delivered
O002651,C0569,2023-11-18,Clothing,Dress,3,49.99,5,142.47,Delivered
O002652,C0569,2023-08-18,Electronics,USB Hub,2,29.99,0,59.98,Delivered
O002653,C0570,2023-03-25,Food & Drink,Coffee Beans,3,19.99,15,50.97,Delivered
O002654,C0570,2023-10-01,Books,Novel,5,12.99,15,55.21,Delivered
O002655,C0570,2023-03-16,Electronics,USB Hub,2,29.99,5,56.98,Delivered
O002656,C0570,2023-10-14,Beauty,Shampoo,5,14.99,0,74.95,Delivered
O002657,C0571,2023-12-07,Sports,Skipping Rope,2,9.99,10,17.98,Delivered
O002658,C0571,2023-09-10,Sports,Skipping Rope,5,9.99,15,42.46,Delivered
O002659,C0571,2023-09-03,Food & Drink,Coffee Beans,2,19.99,0,39.98,Delivered
O002660,C0571,2023-11-25,Beauty,Serum,1,54.99,0,54.99,Delivered
O002661,C0571,2023-12-28,Toys,Stuffed Animal,2,19.99,0,39.98,Delivered
O002662,C0571,2023-08-23,Clothing,Jeans,2,59.99,0,119.98,Delivered
O002663,C0572,2022-06-02,Food & Drink,Nuts Mix,4,12.99,0,51.96,Returned
O002664,C0572,2022-11-06,Sports,Dumbbells,2,59.99,10,107.98,Delivered
O002665,C0572,2022-05-21,Home & Garden,Cushion,4,34.99,5,132.96,Delivered
O002666,C0572,2022-06-29,Sports,Skipping Rope,3,9.99,0,29.97,Delivered
O002667,C0572,2021-05-06,Beauty,Shampoo,4,14.99,20,47.97,Returned
O002668,C0572,2022-04-08,Food & Drink,Protein Bar,2,2.99,0,5.98,Delivered
O002669,C0572,2022-04-25,Books,Cookbook,3,24.99,0,74.97,Returned
O002670,C0572,2021-12-05,Food & Drink,Coffee Beans,3,19.99,0,59.97,Delivered
O002671,C0573,2023-12-20,Clothing,Jacket,3,89.99,5,256.47,Delivered
O002672,C0574,2022-06-14,Sports,Water Bottle,5,19.99,20,79.96,Delivered
O002673,C0574,2022-10-27,Beauty,Face Cream,5,39.99,0,199.95,Delivered
O002674,C0574,2023-01-15,Sports,Resistance Band,3,14.99,20,35.98,Delivered
O002675,C0575,2021-08-10,Toys,LEGO Set,4,49.99,10,179.96,Delivered
O002676,C0576,2023-08-04,Books,Travel Guide,4,16.99,0,67.96,Delivered
O002677,C0577,2023-12-24,Food & Drink,Protein Bar,3,2.99,0,8.97,Returned
O002678,C0578,2023-11-14,Home & Garden,Plant Pot,3,14.99,15,38.22,Delivered
O002679,C0578,2023-08-27,Sports,Water Bottle,2,19.99,10,35.98,Delivered
O002680,C0578,2023-10-28,Sports,Dumbbells,5,59.99,10,269.95,Delivered
O002681,C0578,2023-08-26,Home & Garden,Candle Set,5,24.99,0,124.95,Delivered
O002682,C0578,2023-09-30,Beauty,Face Cream,3,39.99,0,119.97,Delivered
O002683,C0578,2023-11-24,Books,Travel Guide,4,16.99,0,67.96,Delivered
O002684,C0578,2023-12-02,Beauty,Face Cream,4,39.99,20,127.97,Delivered
O002685,C0578,2023-08-18,Toys,Board Game,2,34.99,0,69.98,Delivered
O002686,C0579,2023-01-26,Sports,Yoga Mat,5,39.99,0,199.95,Delivered
O002687,C0579,2022-09-11,Toys,Art Kit,2,24.99,0,49.98,Returned
O002688,C0579,2023-10-21,Electronics,Headphones,2,149.99,0,299.98,Delivered
O002689,C0579,2022-06-27,Electronics,Mouse,3,39.99,15,101.97,Delivered
O002690,C0579,2022-07-09,Beauty,Shampoo,3,14.99,10,40.47,Delivered
O002691,C0579,2023-07-22,Books,Travel Guide,4,16.99,20,54.37,Delivered
O002692,C0579,2022-12-11,Electronics,Laptop Stand,4,49.99,0,199.96,Delivered
O002693,C0579,2023-12-14,Electronics,Headphones,2,149.99,20,239.98,Delivered
O002694,C0580,2023-03-23,Sports,Resistance Band,3,14.99,15,38.22,Delivered
O002695,C0580,2023-09-16,Toys,LEGO Set,2,49.99,0,99.98,Delivered
O002696,C0580,2023-04-15,Sports,Water Bottle,1,19.99,5,18.99,Delivered
O002697,C0580,2021-11-17,Food & Drink,Coffee Beans,1,19.99,0,19.99,Delivered
O002698,C0580,2022-01-28,Home & Garden,Candle Set,3,24.99,5,71.22,Delivered
O002699,C0580,2023-03-29,Home & Garden,Candle Set,5,24.99,0,124.95,Delivered
O002700,C0581,2023-11-26,Clothing,Jeans,3,59.99,0,179.97,Delivered
O002701,C0581,2022-07-21,Home & Garden,Lamp,5,69.99,0,349.95,Delivered
O002702,C0581,2023-04-11,Food & Drink,Olive Oil,3,16.99,20,40.78,Delivered
O002703,C0581,2021-06-21,Books,Python Cookbook,5,34.99,0,174.95,Delivered
O002704,C0582,2023-02-17,Clothing,T-Shirt,5,19.99,0,99.95,Delivered
O002705,C0582,2022-08-01,Toys,Puzzle,3,19.99,0,59.97,Delivered
O002706,C0582,2022-10-09,Home & Garden,Plant Pot,3,14.99,0,44.97,Delivered
O002707,C0582,2023-11-22,Beauty,Face Cream,2,39.99,10,71.98,Delivered
O002708,C0582,2023-06-13,Beauty,Lip Balm,2,8.99,0,17.98,Delivered
O002709,C0583,2023-12-30,Electronics,Webcam,2,79.99,5,151.98,Delivered
O002710,C0584,2023-11-02,Sports,Skipping Rope,2,9.99,0,19.98,Delivered
O002711,C0584,2023-02-01,Sports,Yoga Mat,4,39.99,0,159.96,Delivered
O002712,C0584,2022-08-25,Toys,Stuffed Animal,4,19.99,0,79.96,Delivered
O002713,C0584,2023-01-24,Beauty,Shampoo,1,14.99,0,14.99,Delivered
O002714,C0584,2022-10-11,Sports,Skipping Rope,1,9.99,0,9.99,Delivered
O002715,C0584,2023-10-22,Home & Garden,Plant Pot,4,14.99,5,56.96,Delivered
O002716,C0584,2023-04-12,Clothing,T-Shirt,3,19.99,0,59.97,Delivered
O002717,C0584,2022-11-26,Toys,Stuffed Animal,4,19.99,0,79.96,Delivered
O002718,C0584,2023-01-28,Electronics,USB Hub,1,29.99,0,29.99,Delivered
O002719,C0584,2022-09-24,Home & Garden,Lamp,4,69.99,15,237.97,Delivered
O002720,C0584,2023-10-23,Books,Travel Guide,1,16.99,20,13.59,Delivered
O002721,C0584,2023-01-02,Food & Drink,Olive Oil,3,16.99,0,50.97,Delivered
O002722,C0585,2023-06-09,Home & Garden,Cushion,2,34.99,15,59.48,Delivered
O002723,C0585,2023-11-06,Clothing,Jacket,2,89.99,0,179.98,Delivered
O002724,C0585,2023-01-01,Books,Python Cookbook,4,34.99,5,132.96,Delivered
O002725,C0585,2023-05-10,Food & Drink,Protein Bar,1,2.99,15,2.54,Delivered
O002726,C0585,2023-05-18,Toys,Stuffed Animal,4,19.99,10,71.96,Delivered
O002727,C0585,2023-08-26,Books,Novel,5,12.99,0,64.95,Delivered
O002728,C0585,2023-10-11,Clothing,T-Shirt,3,19.99,0,59.97,Delivered
O002729,C0585,2023-08-02,Clothing,Jacket,1,89.99,5,85.49,Delivered
O002730,C0586,2023-03-11,Food & Drink,Tea Collection,2,24.99,10,44.98,Delivered
O002731,C0586,2023-07-18,Beauty,Perfume,4,79.99,5,303.96,Delivered
O002732,C0586,2021-10-29,Beauty,Perfume,4,79.99,5,303.96,Delivered
O002733,C0586,2021-05-12,Toys,Stuffed Animal,3,19.99,0,59.97,Delivered
O002734,C0586,2023-11-17,Home & Garden,Lamp,5,69.99,20,279.96,Delivered
O002735,C0586,2021-08-21,Sports,Yoga Mat,1,39.99,0,39.99,Delivered
O002736,C0586,2021-04-03,Food & Drink,Tea Collection,4,24.99,0,99.96,Delivered
O002737,C0587,2021-06-06,Books,Python Cookbook,5,34.99,0,174.95,Delivered
O002738,C0588,2023-10-10,Electronics,Headphones,3,149.99,0,449.97,Delivered
O002739,C0588,2023-12-04,Toys,LEGO Set,4,49.99,15,169.97,Delivered
O002740,C0588,2023-10-05,Beauty,Lip Balm,4,8.99,5,34.16,Delivered
O002741,C0588,2023-12-08,Books,Python Cookbook,5,34.99,10,157.46,Delivered
O002742,C0588,2023-12-30,Home & Garden,Cushion,3,34.99,15,89.22,Delivered
O002743,C0588,2023-11-24,Sports,Water Bottle,4,19.99,5,75.96,Delivered
O002744,C0588,2023-10-19,Home & Garden,Cushion,4,34.99,5,132.96,Delivered
O002745,C0588,2023-12-22,Toys,Board Game,2,34.99,20,55.98,Delivered
O002746,C0589,2023-11-29,Home & Garden,Plant Pot,3,14.99,0,44.97,Delivered
O002747,C0589,2023-11-19,Home & Garden,Candle Set,4,24.99,10,89.96,Delivered
O002748,C0589,2023-12-09,Sports,Water Bottle,3,19.99,20,47.98,Delivered
O002749,C0589,2023-12-16,Books,Python Cookbook,1,34.99,0,34.99,Delivered
O002750,C0590,2022-10-13,Books,Python Cookbook,2,34.99,5,66.48,Delivered
O002751,C0590,2022-08-20,Sports,Dumbbells,3,59.99,0,179.97,Delivered
O002752,C0590,2022-11-06,Food & Drink,Coffee Beans,5,19.99,5,94.95,Delivered
O002753,C0590,2022-07-02,Home & Garden,Lamp,2,69.99,0,139.98,Delivered
O002754,C0590,2023-08-15,Books,Cookbook,2,24.99,0,49.98,Delivered
O002755,C0591,2023-01-16,Electronics,Mouse,2,39.99,0,79.98,Delivered
O002756,C0591,2023-10-03,Electronics,Headphones,2,149.99,20,239.98,Delivered
O002757,C0591,2022-10-08,Clothing,Jeans,4,59.99,20,191.97,Delivered
O002758,C0591,2023-11-30,Clothing,Sneakers,2,79.99,15,135.98,Delivered
O002759,C0591,2022-10-16,Beauty,Lip Balm,3,8.99,20,21.58,Delivered
O002760,C0591,2023-11-11,Home & Garden,Rug,1,129.99,10,116.99,Delivered
O002761,C0591,2023-08-19,Books,Novel,4,12.99,0,51.96,Delivered
O002762,C0591,2023-01-17,Home & Garden,Lamp,2,69.99,10,125.98,Delivered
O002763,C0591,2023-06-19,Food & Drink,Olive Oil,4,16.99,10,61.16,Delivered
O002764,C0591,2023-06-03,Electronics,USB Hub,2,29.99,20,47.98,Delivered
O002765,C0591,2023-12-20,Beauty,Serum,5,54.99,20,219.96,Delivered
O002766,C0592,2022-11-02,Home & Garden,Cushion,1,34.99,0,34.99,Delivered
O002767,C0592,2022-05-15,Toys,Art Kit,3,24.99,10,67.47,Delivered
O002768,C0592,2022-12-22,Sports,Yoga Mat,3,39.99,10,107.97,Delivered
O002769,C0592,2021-09-05,Books,Novel,4,12.99,10,46.76,Delivered
O002770,C0593,2023-09-23,Toys,Puzzle,1,19.99,20,15.99,Delivered
O002771,C0593,2023-09-26,Toys,Stuffed Animal,3,19.99,0,59.97,Returned
O002772,C0593,2023-12-12,Toys,Art Kit,3,24.99,15,63.72,Returned
O002773,C0594,2023-07-02,Sports,Resistance Band,1,14.99,0,14.99,Delivered
O002774,C0594,2023-07-19,Sports,Yoga Mat,5,39.99,10,179.96,Returned
O002775,C0594,2022-12-17,Books,Travel Guide,2,16.99,0,33.98,Delivered
O002776,C0595,2022-10-27,Toys,Board Game,5,34.99,0,174.95,Delivered
O002777,C0595,2023-07-25,Food & Drink,Olive Oil,4,16.99,0,67.96,Delivered
O002778,C0595,2023-07-17,Toys,Art Kit,5,24.99,10,112.45,Delivered
O002779,C0595,2023-07-21,Beauty,Perfume,1,79.99,0,79.99,Delivered
O002780,C0595,2022-11-09,Home & Garden,Lamp,1,69.99,0,69.99,Delivered
O002781,C0595,2023-06-26,Electronics,Laptop Stand,1,49.99,15,42.49,Delivered
O002782,C0595,2023-05-13,Books,Python Cookbook,5,34.99,0,174.95,Delivered
O002783,C0595,2023-04-04,Beauty,Serum,2,54.99,0,109.98,Delivered
O002784,C0595,2023-01-10,Home & Garden,Candle Set,1,24.99,0,24.99,Delivered
O002785,C0596,2023-03-30,Beauty,Serum,4,54.99,0,219.96,Delivered
O002786,C0597,2023-07-12,Beauty,Perfume,1,79.99,20,63.99,Delivered
O002787,C0598,2023-09-23,Sports,Dumbbells,3,59.99,5,170.97,Delivered
O002788,C0598,2023-06-13,Beauty,Shampoo,3,14.99,20,35.98,Delivered
O002789,C0598,2023-10-01,Electronics,Laptop Stand,5,49.99,5,237.45,Delivered
O002790,C0598,2022-12-23,Toys,Puzzle,4,19.99,0,79.96,Delivered
O002791,C0598,2023-08-07,Food & Drink,Olive Oil,4,16.99,0,67.96,Delivered
O002792,C0598,2022-08-01,Electronics,Mouse,1,39.99,5,37.99,Delivered
O002793,C0598,2023-07-09,Beauty,Face Cream,1,39.99,10,35.99,Delivered
O002794,C0598,2023-12-27,Toys,LEGO Set,2,49.99,0,99.98,Returned
O002795,C0598,2023-12-07,Home & Garden,Rug,1,129.99,20,103.99,Delivered
O002796,C0598,2023-12-09,Food & Drink,Nuts Mix,1,12.99,0,12.99,Delivered
O002797,C0598,2023-03-05,Food & Drink,Olive Oil,5,16.99,20,67.96,Delivered
O002798,C0599,2022-05-30,Beauty,Serum,5,54.99,0,274.95,Delivered
O002799,C0599,2022-10-29,Home & Garden,Rug,3,129.99,5,370.47,Delivered
O002800,C0599,2022-03-31,Food & Drink,Coffee Beans,2,19.99,10,35.98,Delivered
O002801,C0599,2023-03-16,Books,Travel Guide,2,16.99,0,33.98,Delivered
O002802,C0599,2023-06-18,Home & Garden,Rug,1,129.99,5,123.49,Delivered
O002803,C0599,2022-03-16,Home & Garden,Cushion,1,34.99,0,34.99,Delivered
O002804,C0599,2022-11-12,Sports,Dumbbells,4,59.99,5,227.96,Delivered
O002805,C0599,2023-10-21,Sports,Water Bottle,4,19.99,10,71.96,Delivered
O002806,C0599,2023-12-11,Clothing,Dress,1,49.99,0,49.99,Delivered
O002807,C0599,2023-03-30,Food & Drink,Tea Collection,1,24.99,15,21.24,Delivered
O002808,C0600,2023-03-27,Food & Drink,Tea Collection,2,24.99,20,39.98,Delivered
O002809,C0600,2022-12-30,Books,Novel,3,12.99,0,38.97,Delivered
O002810,C0600,2021-03-14,Home & Garden,Plant Pot,5,14.99,10,67.45,Delivered
O002811,C0600,2022-08-21,Clothing,Sneakers,3,79.99,15,203.97,Delivered
O002812,C0600,2023-10-01,Books,Python Cookbook,1,34.99,0,34.99,Delivered
O002813,C0600,2021-09-25,Beauty,Face Cream,5,39.99,20,159.96,Delivered
O002814,C0600,2023-04-20,Books,Travel Guide,2,16.99,10,30.58,Delivered
O002815,C0601,2023-03-16,Clothing,Dress,4,49.99,20,159.97,Delivered
O002816,C0602,2023-07-29,Beauty,Shampoo,3,14.99,10,40.47,Delivered
O002817,C0602,2023-09-11,Home & Garden,Rug,4,129.99,0,519.96,Delivered
O002818,C0602,2023-09-15,Clothing,Dress,2,49.99,5,94.98,Delivered
O002819,C0602,2023-12-27,Toys,Stuffed Animal,4,19.99,0,79.96,Delivered
O002820,C0603,2021-12-21,Food & Drink,Protein Bar,3,2.99,0,8.97,Delivered
O002821,C0603,2021-06-30,Sports,Yoga Mat,5,39.99,0,199.95,Delivered
O002822,C0604,2023-08-04,Toys,LEGO Set,4,49.99,5,189.96,Delivered
O002823,C0604,2023-12-19,Sports,Dumbbells,1,59.99,0,59.99,Delivered
O002824,C0605,2023-10-02,Toys,Stuffed Animal,2,19.99,0,39.98,Delivered
O002825,C0605,2023-12-15,Electronics,Headphones,5,149.99,15,637.46,Delivered
O002826,C0605,2022-08-14,Toys,Puzzle,5,19.99,0,99.95,Delivered
O002827,C0606,2023-01-17,Toys,Stuffed Animal,3,19.99,0,59.97,Delivered
O002828,C0606,2023-07-09,Sports,Resistance Band,4,14.99,0,59.96,Delivered
O002829,C0606,2023-08-31,Clothing,Jeans,3,59.99,15,152.97,Delivered
O002830,C0606,2023-10-19,Electronics,Mouse,4,39.99,0,159.96,Delivered
O002831,C0607,2022-09-21,Sports,Yoga Mat,1,39.99,0,39.99,Delivered
O002832,C0607,2022-11-04,Food & Drink,Tea Collection,5,24.99,0,124.95,Delivered
O002833,C0607,2023-03-03,Sports,Yoga Mat,4,39.99,10,143.96,Delivered
O002834,C0607,2023-03-30,Books,Cookbook,5,24.99,10,112.45,Delivered
O002835,C0607,2023-09-12,Home & Garden,Cushion,3,34.99,0,104.97,Delivered
O002836,C0607,2023-07-16,Electronics,Webcam,3,79.99,20,191.98,Delivered
O002837,C0607,2023-07-08,Food & Drink,Coffee Beans,3,19.99,0,59.97,Delivered
O002838,C0607,2023-05-03,Beauty,Face Cream,5,39.99,0,199.95,Delivered
O002839,C0608,2023-01-24,Beauty,Perfume,2,79.99,10,143.98,Delivered
O002840,C0608,2022-09-14,Home & Garden,Rug,1,129.99,0,129.99,Delivered
O002841,C0608,2023-01-14,Sports,Resistance Band,3,14.99,20,35.98,Delivered
O002842,C0608,2023-01-01,Sports,Yoga Mat,3,39.99,0,119.97,Delivered
O002843,C0609,2022-01-19,Sports,Dumbbells,4,59.99,0,239.96,Delivered
O002844,C0609,2022-09-24,Electronics,Headphones,2,149.99,5,284.98,Delivered
O002845,C0609,2022-01-01,Books,Python Cookbook,1,34.99,0,34.99,Delivered
O002846,C0609,2022-02-06,Toys,Stuffed Animal,3,19.99,20,47.98,Delivered
O002847,C0609,2022-02-18,Electronics,Webcam,2,79.99,0,159.98,Delivered
O002848,C0610,2022-10-30,Electronics,Mouse,1,39.99,5,37.99,Returned
O002849,C0610,2022-11-14,Food & Drink,Nuts Mix,4,12.99,0,51.96,Returned
O002850,C0610,2023-11-15,Clothing,Dress,3,49.99,15,127.47,Delivered
O002851,C0611,2023-01-07,Clothing,Jeans,1,59.99,0,59.99,Delivered
O002852,C0611,2023-07-20,Beauty,Serum,1,54.99,0,54.99,Delivered
O002853,C0611,2023-07-06,Sports,Water Bottle,3,19.99,10,53.97,Delivered
O002854,C0611,2023-03-12,Books,Novel,2,12.99,0,25.98,Delivered
O002855,C0611,2023-03-15,Books,Travel Guide,5,16.99,10,76.45,Delivered
O002856,C0612,2023-09-20,Books,Data Science Guide,4,44.99,5,170.96,Delivered
O002857,C0612,2023-11-10,Home & Garden,Lamp,3,69.99,15,178.47,Delivered
O002858,C0612,2023-10-16,Toys,Art Kit,1,24.99,15,21.24,Delivered
O002859,C0612,2023-10-10,Books,Novel,3,12.99,15,33.12,Delivered
O002860,C0613,2023-04-26,Books,Novel,4,12.99,20,41.57,Delivered
O002861,C0614,2022-11-21,Clothing,Dress,1,49.99,10,44.99,Delivered
O002862,C0614,2023-02-12,Electronics,Laptop Stand,2,49.99,20,79.98,Delivered
O002863,C0614,2022-10-12,Clothing,Jeans,2,59.99,20,95.98,Delivered
O002864,C0614,2023-02-10,Beauty,Shampoo,3,14.99,5,42.72,Delivered
O002865,C0614,2022-06-20,Toys,LEGO Set,4,49.99,0,199.96,Delivered
O002866,C0614,2022-06-03,Home & Garden,Plant Pot,3,14.99,5,42.72,Delivered
O002867,C0614,2023-08-25,Beauty,Perfume,5,79.99,0,399.95,Delivered
O002868,C0614,2022-07-02,Beauty,Perfume,5,79.99,20,319.96,Delivered
O002869,C0614,2022-01-17,Food & Drink,Nuts Mix,5,12.99,5,61.7,Delivered
O002870,C0614,2023-03-20,Food & Drink,Protein Bar,5,2.99,0,14.95,Delivered
O002871,C0614,2022-05-02,Clothing,Dress,1,49.99,0,49.99,Delivered
O002872,C0615,2022-04-26,Beauty,Serum,5,54.99,15,233.71,Delivered
O002873,C0615,2021-12-03,Clothing,Sneakers,4,79.99,20,255.97,Delivered
O002874,C0615,2021-09-22,Clothing,Sneakers,3,79.99,5,227.97,Delivered
O002875,C0615,2022-10-23,Food & Drink,Tea Collection,2,24.99,0,49.98,Returned
O002876,C0615,2021-12-15,Clothing,Dress,1,49.99,20,39.99,Returned
O002877,C0615,2023-05-08,Food & Drink,Nuts Mix,3,12.99,20,31.18,Delivered
O002878,C0615,2023-02-01,Sports,Skipping Rope,3,9.99,0,29.97,Delivered
O002879,C0615,2023-04-11,Home & Garden,Plant Pot,5,14.99,0,74.95,Delivered
O002880,C0615,2023-11-13,Clothing,Jeans,3,59.99,10,161.97,Delivered
O002881,C0615,2023-10-31,Home & Garden,Cushion,3,34.99,0,104.97,Delivered
O002882,C0615,2021-06-11,Sports,Dumbbells,2,59.99,10,107.98,Delivered
O002883,C0615,2023-06-08,Home & Garden,Rug,1,129.99,20,103.99,Delivered
O002884,C0616,2023-11-28,Electronics,Headphones,4,149.99,5,569.96,Returned
O002885,C0616,2023-08-22,Sports,Yoga Mat,3,39.99,0,119.97,Delivered
O002886,C0616,2023-07-02,Clothing,Jeans,2,59.99,0,119.98,Delivered
O002887,C0616,2023-07-29,Food & Drink,Olive Oil,4,16.99,10,61.16,Delivered
O002888,C0616,2023-12-11,Toys,Puzzle,3,19.99,0,59.97,Delivered
O002889,C0616,2023-08-04,Toys,Puzzle,3,19.99,0,59.97,Delivered
O002890,C0616,2022-03-21,Books,Novel,5,12.99,0,64.95,Delivered
O002891,C0616,2022-10-11,Home & Garden,Plant Pot,4,14.99,0,59.96,Delivered
O002892,C0617,2023-10-31,Home & Garden,Lamp,4,69.99,0,279.96,Delivered
O002893,C0617,2023-10-22,Home & Garden,Lamp,5,69.99,5,332.45,Delivered
O002894,C0617,2023-10-10,Food & Drink,Tea Collection,3,24.99,10,67.47,Delivered
O002895,C0618,2023-10-18,Clothing,T-Shirt,4,19.99,10,71.96,Delivered
O002896,C0619,2023-03-08,Clothing,Jeans,5,59.99,0,299.95,Delivered
O002897,C0619,2023-06-16,Toys,Puzzle,1,19.99,0,19.99,Delivered
O002898,C0619,2023-04-02,Toys,Puzzle,2,19.99,5,37.98,Delivered
O002899,C0619,2023-10-04,Clothing,Dress,1,49.99,20,39.99,Delivered
O002900,C0619,2022-11-10,Sports,Resistance Band,3,14.99,0,44.97,Delivered
O002901,C0619,2023-10-17,Beauty,Perfume,5,79.99,10,359.95,Delivered
O002902,C0620,2023-04-17,Books,Novel,1,12.99,15,11.04,Delivered
O002903,C0620,2021-11-18,Electronics,USB Hub,5,29.99,0,149.95,Delivered
O002904,C0620,2021-08-08,Sports,Dumbbells,1,59.99,0,59.99,Delivered
O002905,C0620,2021-10-03,Clothing,Jeans,4,59.99,0,239.96,Delivered
O002906,C0620,2023-03-03,Sports,Dumbbells,4,59.99,0,239.96,Delivered
O002907,C0621,2022-03-28,Food & Drink,Coffee Beans,5,19.99,20,79.96,Delivered
O002908,C0621,2023-04-02,Home & Garden,Plant Pot,5,14.99,0,74.95,Delivered
O002909,C0621,2021-08-26,Electronics,Headphones,4,149.99,10,539.96,Delivered
O002910,C0621,2022-10-24,Books,Python Cookbook,4,34.99,10,125.96,Delivered
O002911,C0622,2022-12-26,Home & Garden,Cushion,1,34.99,0,34.99,Delivered
O002912,C0622,2023-09-19,Food & Drink,Tea Collection,5,24.99,0,124.95,Delivered
O002913,C0622,2023-02-04,Food & Drink,Tea Collection,1,24.99,0,24.99,Delivered
O002914,C0622,2023-03-04,Books,Data Science Guide,2,44.99,0,89.98,Delivered
O002915,C0622,2022-12-02,Food & Drink,Nuts Mix,5,12.99,0,64.95,Returned
O002916,C0622,2022-12-17,Home & Garden,Cushion,4,34.99,15,118.97,Delivered
O002917,C0622,2023-05-16,Books,Travel Guide,3,16.99,20,40.78,Delivered
O002918,C0622,2023-05-31,Clothing,Dress,4,49.99,10,179.96,Delivered
O002919,C0623,2022-08-04,Sports,Water Bottle,3,19.99,10,53.97,Delivered
O002920,C0623,2022-06-22,Toys,Art Kit,1,24.99,0,24.99,Returned
O002921,C0623,2022-10-29,Books,Travel Guide,5,16.99,0,84.95,Delivered
O002922,C0623,2022-01-31,Electronics,USB Hub,2,29.99,0,59.98,Delivered
O002923,C0623,2023-08-25,Clothing,Jeans,1,59.99,5,56.99,Delivered
O002924,C0624,2021-05-16,Food & Drink,Olive Oil,3,16.99,5,48.42,Delivered
O002925,C0625,2023-09-16,Toys,Art Kit,3,24.99,0,74.97,Delivered
O002926,C0625,2023-12-08,Beauty,Face Cream,3,39.99,0,119.97,Delivered
O002927,C0625,2023-05-24,Sports,Dumbbells,3,59.99,10,161.97,Delivered
O002928,C0625,2023-08-27,Electronics,USB Hub,4,29.99,0,119.96,Delivered
O002929,C0625,2023-12-19,Food & Drink,Protein Bar,5,2.99,20,11.96,Delivered
O002930,C0625,2023-03-03,Beauty,Serum,2,54.99,5,104.48,Delivered
O002931,C0626,2023-12-12,Books,Cookbook,4,24.99,20,79.97,Delivered
O002932,C0626,2023-10-22,Clothing,Sneakers,1,79.99,15,67.99,Delivered
O002933,C0626,2023-11-07,Food & Drink,Olive Oil,1,16.99,15,14.44,Delivered
O002934,C0626,2023-11-24,Home & Garden,Cushion,1,34.99,0,34.99,Delivered
O002935,C0626,2023-11-15,Sports,Resistance Band,1,14.99,0,14.99,Delivered
O002936,C0626,2023-11-02,Beauty,Shampoo,5,14.99,20,59.96,Delivered
O002937,C0626,2023-11-28,Electronics,Webcam,1,79.99,20,63.99,Delivered
O002938,C0627,2022-07-01,Food & Drink,Coffee Beans,3,19.99,0,59.97,Delivered
O002939,C0627,2023-11-07,Home & Garden,Lamp,1,69.99,10,62.99,Delivered
O002940,C0628,2023-11-05,Beauty,Serum,1,54.99,15,46.74,Delivered
O002941,C0628,2023-08-18,Home & Garden,Rug,5,129.99,15,552.46,Delivered
O002942,C0628,2023-12-09,Sports,Resistance Band,5,14.99,0,74.95,Delivered
O002943,C0628,2022-06-28,Toys,Board Game,5,34.99,0,174.95,Delivered
O002944,C0628,2023-07-01,Home & Garden,Candle Set,5,24.99,0,124.95,Delivered
O002945,C0628,2021-03-28,Clothing,Jeans,3,59.99,0,179.97,Delivered
O002946,C0628,2021-10-20,Books,Python Cookbook,1,34.99,0,34.99,Delivered
O002947,C0629,2023-07-16,Beauty,Face Cream,2,39.99,20,63.98,Delivered
O002948,C0629,2022-09-01,Books,Cookbook,2,24.99,10,44.98,Delivered
O002949,C0629,2023-06-09,Electronics,Webcam,2,79.99,5,151.98,Delivered
O002950,C0629,2022-07-12,Home & Garden,Plant Pot,5,14.99,15,63.71,Delivered
O002951,C0629,2023-06-13,Home & Garden,Cushion,4,34.99,10,125.96,Delivered
O002952,C0629,2023-06-28,Electronics,USB Hub,2,29.99,0,59.98,Delivered
O002953,C0629,2022-12-09,Electronics,Webcam,4,79.99,20,255.97,Delivered
O002954,C0629,2023-07-28,Beauty,Lip Balm,4,8.99,0,35.96,Delivered
O002955,C0629,2023-03-18,Beauty,Lip Balm,5,8.99,10,40.46,Delivered
O002956,C0629,2023-09-03,Sports,Dumbbells,1,59.99,15,50.99,Delivered
O002957,C0629,2023-01-09,Beauty,Lip Balm,4,8.99,0,35.96,Delivered
O002958,C0630,2023-10-07,Home & Garden,Plant Pot,1,14.99,10,13.49,Delivered
O002959,C0630,2022-03-16,Sports,Water Bottle,4,19.99,0,79.96,Delivered
O002960,C0630,2023-06-12,Food & Drink,Tea Collection,1,24.99,0,24.99,Delivered
O002961,C0630,2021-07-16,Toys,Stuffed Animal,3,19.99,0,59.97,Delivered
O002962,C0630,2022-08-02,Books,Novel,2,12.99,20,20.78,Delivered
O002963,C0630,2023-03-13,Clothing,Sneakers,1,79.99,20,63.99,Delivered
O002964,C0630,2023-03-11,Home & Garden,Cushion,2,34.99,5,66.48,Delivered
O002965,C0631,2023-11-25,Clothing,Jeans,5,59.99,10,269.95,Delivered
O002966,C0631,2023-12-12,Books,Travel Guide,4,16.99,20,54.37,Delivered
O002967,C0631,2023-05-04,Food & Drink,Protein Bar,5,2.99,0,14.95,Delivered
O002968,C0632,2023-08-06,Books,Novel,5,12.99,5,61.7,Returned
O002969,C0633,2023-07-17,Sports,Dumbbells,4,59.99,5,227.96,Delivered
O002970,C0633,2021-09-10,Books,Data Science Guide,5,44.99,15,191.21,Delivered
O002971,C0633,2022-04-25,Books,Python Cookbook,5,34.99,10,157.46,Delivered
O002972,C0633,2023-12-01,Sports,Dumbbells,2,59.99,0,119.98,Delivered
O002973,C0633,2021-10-17,Sports,Dumbbells,3,59.99,10,161.97,Delivered
O002974,C0633,2022-09-18,Food & Drink,Coffee Beans,3,19.99,20,47.98,Delivered
O002975,C0634,2023-01-09,Toys,Stuffed Animal,5,19.99,15,84.96,Delivered
O002976,C0634,2023-12-28,Beauty,Face Cream,5,39.99,5,189.95,Delivered
O002977,C0634,2022-12-15,Clothing,Sneakers,1,79.99,15,67.99,Returned
O002978,C0634,2023-01-02,Food & Drink,Nuts Mix,2,12.99,15,22.08,Delivered
O002979,C0634,2023-10-08,Food & Drink,Tea Collection,3,24.99,5,71.22,Delivered
O002980,C0634,2023-07-26,Food & Drink,Coffee Beans,4,19.99,10,71.96,Delivered
O002981,C0635,2022-03-13,Books,Travel Guide,2,16.99,0,33.98,Delivered
O002982,C0636,2023-10-16,Books,Cookbook,3,24.99,0,74.97,Delivered
O002983,C0636,2023-12-11,Food & Drink,Protein Bar,3,2.99,20,7.18,Delivered
O002984,C0636,2023-12-10,Books,Data Science Guide,4,44.99,10,161.96,Delivered
O002985,C0636,2023-11-23,Sports,Water Bottle,2,19.99,15,33.98,Delivered
O002986,C0637,2023-09-11,Clothing,Dress,4,49.99,5,189.96,Delivered
O002987,C0637,2023-03-15,Electronics,Webcam,1,79.99,0,79.99,Delivered
O002988,C0637,2022-12-15,Clothing,T-Shirt,3,19.99,0,59.97,Delivered
O002989,C0637,2023-11-09,Food & Drink,Olive Oil,5,16.99,10,76.45,Delivered
O002990,C0637,2023-10-03,Clothing,Jacket,5,89.99,0,449.95,Delivered
O002991,C0637,2023-04-18,Sports,Water Bottle,1,19.99,0,19.99,Delivered
O002992,C0638,2022-12-06,Books,Cookbook,5,24.99,0,124.95,Delivered
O002993,C0639,2023-10-29,Beauty,Perfume,3,79.99,5,227.97,Delivered
O002994,C0639,2023-01-13,Toys,LEGO Set,5,49.99,15,212.46,Delivered
O002995,C0639,2023-11-18,Home & Garden,Candle Set,1,24.99,0,24.99,Delivered
O002996,C0639,2023-03-24,Electronics,USB Hub,5,29.99,20,119.96,Delivered
O002997,C0639,2023-07-22,Books,Cookbook,4,24.99,0,99.96,Delivered
O002998,C0639,2023-04-15,Books,Cookbook,4,24.99,10,89.96,Delivered
O002999,C0639,2023-08-15,Electronics,Webcam,4,79.99,0,319.96,Delivered
O003000,C0639,2023-10-06,Beauty,Face Cream,3,39.99,0,119.97,Delivered
O003001,C0639,2023-06-07,Electronics,Mouse,1,39.99,5,37.99,Delivered
O003002,C0639,2023-06-21,Toys,LEGO Set,1,49.99,20,39.99,Delivered
O003003,C0640,2022-09-19,Toys,LEGO Set,1,49.99,5,47.49,Delivered
O003004,C0640,2022-09-29,Books,Novel,2,12.99,0,25.98,Delivered
O003005,C0640,2023-07-11,Books,Python Cookbook,2,34.99,5,66.48,Delivered
O003006,C0640,2023-01-14,Sports,Dumbbells,4,59.99,10,215.96,Delivered
O003007,C0640,2022-07-12,Food & Drink,Coffee Beans,2,19.99,15,33.98,Delivered
O003008,C0640,2022-02-13,Clothing,T-Shirt,1,19.99,10,17.99,Delivered
O003009,C0641,2023-07-24,Electronics,Webcam,5,79.99,10,359.95,Delivered
O003010,C0641,2023-07-27,Books,Python Cookbook,3,34.99,15,89.22,Delivered
O003011,C0641,2023-03-27,Home & Garden,Lamp,3,69.99,0,209.97,Delivered
O003012,C0641,2023-05-18,Books,Novel,4,12.99,10,46.76,Delivered
O003013,C0641,2022-10-17,Electronics,Mouse,2,39.99,0,79.98,Delivered
O003014,C0642,2023-06-23,Clothing,T-Shirt,3,19.99,10,53.97,Delivered
O003015,C0643,2023-07-02,Electronics,Mouse,1,39.99,0,39.99,Delivered
O003016,C0643,2023-07-12,Clothing,T-Shirt,4,19.99,0,79.96,Delivered
O003017,C0643,2023-08-16,Electronics,USB Hub,3,29.99,20,71.98,Delivered
O003018,C0644,2023-11-15,Beauty,Perfume,1,79.99,5,75.99,Delivered
O003019,C0644,2023-12-05,Sports,Yoga Mat,4,39.99,0,159.96,Delivered
O003020,C0644,2023-09-18,Electronics,Headphones,4,149.99,20,479.97,Delivered
O003021,C0644,2023-10-15,Beauty,Lip Balm,3,8.99,0,26.97,Delivered
O003022,C0645,2022-11-10,Food & Drink,Olive Oil,1,16.99,15,14.44,Delivered
O003023,C0646,2023-10-08,Toys,Board Game,3,34.99,15,89.22,Delivered
O003024,C0646,2023-09-18,Toys,Stuffed Animal,5,19.99,0,99.95,Returned
O003025,C0646,2023-07-21,Sports,Dumbbells,1,59.99,20,47.99,Delivered
O003026,C0646,2023-05-20,Sports,Yoga Mat,5,39.99,0,199.95,Delivered
O003027,C0646,2023-05-23,Electronics,Mouse,4,39.99,10,143.96,Delivered
O003028,C0646,2023-09-18,Toys,Stuffed Animal,2,19.99,5,37.98,Delivered
O003029,C0647,2023-12-18,Home & Garden,Lamp,5,69.99,0,349.95,Delivered
O003030,C0648,2023-07-10,Food & Drink,Nuts Mix,5,12.99,20,51.96,Returned
O003031,C0649,2023-12-05,Food & Drink,Olive Oil,2,16.99,20,27.18,Delivered
O003032,C0649,2023-12-10,Beauty,Perfume,1,79.99,15,67.99,Delivered
O003033,C0649,2023-10-06,Home & Garden,Rug,3,129.99,0,389.97,Delivered
O003034,C0649,2023-08-21,Clothing,T-Shirt,1,19.99,0,19.99,Delivered
O003035,C0649,2023-08-19,Electronics,Headphones,5,149.99,5,712.45,Delivered
O003036,C0649,2023-06-24,Books,Python Cookbook,2,34.99,10,62.98,Delivered
O003037,C0649,2023-09-20,Toys,LEGO Set,5,49.99,10,224.96,Delivered
O003038,C0649,2023-11-10,Books,Python Cookbook,2,34.99,15,59.48,Delivered
O003039,C0649,2023-09-15,Books,Data Science Guide,4,44.99,20,143.97,Delivered
O003040,C0650,2022-01-19,Toys,LEGO Set,2,49.99,20,79.98,Delivered
O003041,C0650,2021-11-23,Books,Travel Guide,2,16.99,5,32.28,Returned
O003042,C0650,2021-12-06,Toys,Board Game,3,34.99,15,89.22,Delivered
O003043,C0650,2021-09-19,Home & Garden,Cushion,5,34.99,10,157.46,Delivered
O003044,C0650,2022-07-24,Beauty,Serum,3,54.99,0,164.97,Delivered
O003045,C0650,2022-08-23,Home & Garden,Cushion,1,34.99,0,34.99,Delivered
O003046,C0650,2023-12-12,Electronics,Headphones,3,149.99,10,404.97,Delivered
O003047,C0650,2023-10-24,Sports,Skipping Rope,3,9.99,0,29.97,Delivered
O003048,C0650,2023-04-05,Beauty,Perfume,1,79.99,0,79.99,Delivered
O003049,C0650,2022-05-01,Sports,Dumbbells,2,59.99,20,95.98,Delivered
O003050,C0651,2023-06-14,Books,Cookbook,2,24.99,10,44.98,Delivered
O003051,C0651,2023-12-16,Sports,Dumbbells,3,59.99,0,179.97,Delivered
O003052,C0651,2023-10-26,Books,Data Science Guide,3,44.99,20,107.98,Delivered
O003053,C0651,2023-04-24,Electronics,Laptop Stand,5,49.99,0,249.95,Delivered
O003054,C0652,2022-04-24,Home & Garden,Plant Pot,3,14.99,15,38.22,Delivered
O003055,C0653,2022-12-06,Electronics,Mouse,3,39.99,0,119.97,Delivered
O003056,C0653,2023-10-31,Home & Garden,Plant Pot,3,14.99,0,44.97,Delivered
O003057,C0654,2022-08-17,Beauty,Serum,4,54.99,15,186.97,Delivered
O003058,C0654,2022-12-14,Books,Travel Guide,5,16.99,15,72.21,Returned
O003059,C0654,2022-09-10,Food & Drink,Nuts Mix,1,12.99,5,12.34,Delivered
O003060,C0655,2023-01-20,Toys,Puzzle,4,19.99,0,79.96,Delivered
O003061,C0656,2023-04-09,Toys,Board Game,4,34.99,0,139.96,Delivered
O003062,C0656,2023-06-22,Food & Drink,Coffee Beans,2,19.99,0,39.98,Delivered
O003063,C0656,2022-11-23,Food & Drink,Protein Bar,5,2.99,20,11.96,Delivered
O003064,C0656,2023-09-12,Clothing,Jeans,5,59.99,0,299.95,Delivered
O003065,C0656,2022-07-05,Books,Python Cookbook,2,34.99,15,59.48,Delivered
O003066,C0656,2023-04-01,Sports,Skipping Rope,1,9.99,20,7.99,Delivered
O003067,C0656,2022-03-01,Food & Drink,Protein Bar,3,2.99,15,7.62,Delivered
O003068,C0656,2022-10-28,Electronics,USB Hub,3,29.99,0,89.97,Delivered
O003069,C0656,2022-03-02,Sports,Water Bottle,2,19.99,0,39.98,Delivered
O003070,C0656,2023-12-24,Toys,Puzzle,5,19.99,15,84.96,Delivered
O003071,C0656,2023-02-02,Food & Drink,Nuts Mix,2,12.99,0,25.98,Returned
O003072,C0657,2023-10-19,Toys,Board Game,3,34.99,0,104.97,Delivered
O003073,C0657,2023-12-03,Home & Garden,Cushion,1,34.99,5,33.24,Delivered
O003074,C0657,2023-03-24,Sports,Water Bottle,4,19.99,0,79.96,Delivered
O003075,C0657,2022-03-01,Food & Drink,Olive Oil,1,16.99,20,13.59,Delivered
O003076,C0657,2023-10-07,Sports,Water Bottle,4,19.99,0,79.96,Delivered
O003077,C0657,2023-11-23,Beauty,Lip Balm,4,8.99,5,34.16,Delivered
O003078,C0657,2022-11-08,Food & Drink,Olive Oil,1,16.99,0,16.99,Delivered
O003079,C0657,2023-02-19,Home & Garden,Plant Pot,4,14.99,10,53.96,Delivered
O003080,C0657,2022-07-12,Sports,Dumbbells,1,59.99,0,59.99,Delivered
O003081,C0658,2023-01-07,Toys,Puzzle,2,19.99,5,37.98,Delivered
O003082,C0658,2022-07-22,Clothing,Jacket,1,89.99,15,76.49,Delivered
O003083,C0658,2022-11-24,Clothing,Dress,1,49.99,0,49.99,Delivered
O003084,C0658,2023-10-08,Electronics,Headphones,3,149.99,0,449.97,Delivered
O003085,C0658,2023-11-08,Food & Drink,Tea Collection,1,24.99,10,22.49,Delivered
O003086,C0658,2023-11-26,Sports,Skipping Rope,1,9.99,15,8.49,Delivered
O003087,C0659,2023-11-02,Clothing,T-Shirt,5,19.99,0,99.95,Delivered
O003088,C0659,2023-09-26,Electronics,Mouse,3,39.99,0,119.97,Delivered
O003089,C0660,2023-02-11,Books,Python Cookbook,2,34.99,10,62.98,Delivered
O003090,C0661,2023-11-16,Books,Cookbook,3,24.99,0,74.97,Returned
O003091,C0661,2023-08-16,Beauty,Shampoo,5,14.99,20,59.96,Delivered
O003092,C0661,2022-08-08,Electronics,USB Hub,5,29.99,10,134.95,Delivered
O003093,C0661,2023-01-30,Toys,Puzzle,1,19.99,5,18.99,Delivered
O003094,C0661,2023-05-13,Sports,Resistance Band,4,14.99,5,56.96,Delivered
O003095,C0661,2023-08-26,Books,Python Cookbook,5,34.99,0,174.95,Delivered
O003096,C0661,2022-11-24,Home & Garden,Rug,1,129.99,5,123.49,Delivered
O003097,C0662,2023-03-15,Electronics,Webcam,1,79.99,20,63.99,Delivered
O003098,C0662,2021-03-17,Books,Novel,1,12.99,5,12.34,Delivered
O003099,C0663,2023-08-14,Home & Garden,Rug,3,129.99,0,389.97,Delivered
O003100,C0663,2023-10-27,Home & Garden,Lamp,2,69.99,10,125.98,Delivered
O003101,C0663,2023-03-27,Home & Garden,Candle Set,5,24.99,15,106.21,Delivered
O003102,C0663,2023-07-08,Home & Garden,Rug,3,129.99,20,311.98,Delivered
O003103,C0663,2023-04-13,Sports,Dumbbells,1,59.99,5,56.99,Delivered
O003104,C0663,2023-06-27,Sports,Skipping Rope,4,9.99,15,33.97,Delivered
O003105,C0663,2023-10-30,Sports,Resistance Band,3,14.99,0,44.97,Delivered
O003106,C0663,2023-12-22,Home & Garden,Rug,4,129.99,0,519.96,Delivered
O003107,C0664,2022-04-10,Home & Garden,Lamp,4,69.99,0,279.96,Delivered
O003108,C0664,2021-08-13,Home & Garden,Plant Pot,1,14.99,15,12.74,Delivered
O003109,C0664,2021-06-27,Beauty,Face Cream,4,39.99,0,159.96,Delivered
O003110,C0664,2023-01-07,Books,Python Cookbook,5,34.99,10,157.46,Delivered
O003111,C0664,2023-12-18,Electronics,USB Hub,2,29.99,10,53.98,Delivered
O003112,C0664,2022-09-30,Clothing,T-Shirt,5,19.99,0,99.95,Delivered
O003113,C0664,2023-08-05,Clothing,Sneakers,3,79.99,0,239.97,Delivered
O003114,C0665,2023-07-19,Sports,Resistance Band,3,14.99,0,44.97,Delivered
O003115,C0666,2023-08-17,Sports,Water Bottle,1,19.99,5,18.99,Delivered
O003116,C0666,2023-03-21,Home & Garden,Plant Pot,4,14.99,5,56.96,Delivered
O003117,C0666,2023-12-19,Food & Drink,Tea Collection,1,24.99,0,24.99,Delivered
O003118,C0667,2023-11-03,Home & Garden,Plant Pot,2,14.99,0,29.98,Delivered
O003119,C0668,2023-10-06,Toys,Puzzle,5,19.99,20,79.96,Delivered
O003120,C0669,2022-09-02,Toys,LEGO Set,5,49.99,0,249.95,Delivered
O003121,C0670,2023-10-27,Sports,Resistance Band,4,14.99,0,59.96,Delivered
O003122,C0670,2023-05-28,Clothing,Jacket,4,89.99,15,305.97,Returned
O003123,C0670,2023-05-24,Toys,Board Game,4,34.99,20,111.97,Delivered
O003124,C0670,2023-03-28,Clothing,Jacket,4,89.99,0,359.96,Delivered
O003125,C0670,2023-08-15,Home & Garden,Cushion,3,34.99,0,104.97,Delivered
O003126,C0670,2023-11-08,Books,Travel Guide,1,16.99,0,16.99,Delivered
O003127,C0671,2022-04-20,Beauty,Face Cream,2,39.99,0,79.98,Delivered
O003128,C0671,2023-12-01,Sports,Resistance Band,5,14.99,5,71.2,Delivered
O003129,C0672,2022-11-20,Beauty,Shampoo,5,14.99,0,74.95,Delivered
O003130,C0672,2023-11-27,Home & Garden,Rug,3,129.99,0,389.97,Delivered
O003131,C0672,2022-06-06,Home & Garden,Cushion,3,34.99,0,104.97,Delivered
O003132,C0672,2023-08-08,Home & Garden,Rug,3,129.99,0,389.97,Delivered
O003133,C0673,2022-08-18,Food & Drink,Coffee Beans,3,19.99,5,56.97,Delivered
O003134,C0674,2022-08-02,Home & Garden,Cushion,2,34.99,20,55.98,Delivered
O003135,C0674,2022-12-28,Home & Garden,Lamp,1,69.99,20,55.99,Delivered
O003136,C0674,2021-11-29,Clothing,Jeans,2,59.99,0,119.98,Delivered
O003137,C0674,2022-11-05,Sports,Resistance Band,1,14.99,5,14.24,Delivered
O003138,C0674,2022-07-04,Beauty,Perfume,1,79.99,5,75.99,Delivered
O003139,C0674,2023-12-21,Beauty,Serum,1,54.99,0,54.99,Delivered
O003140,C0675,2023-06-26,Sports,Yoga Mat,5,39.99,0,199.95,Delivered
O003141,C0675,2022-06-03,Electronics,Mouse,4,39.99,0,159.96,Delivered
O003142,C0675,2021-11-16,Toys,Art Kit,5,24.99,5,118.7,Delivered
O003143,C0675,2022-11-19,Clothing,Dress,5,49.99,5,237.45,Delivered
O003144,C0675,2022-01-29,Beauty,Shampoo,1,14.99,10,13.49,Delivered
O003145,C0676,2023-12-08,Clothing,Jacket,4,89.99,0,359.96,Delivered
O003146,C0676,2022-08-08,Electronics,USB Hub,2,29.99,15,50.98,Delivered
O003147,C0676,2023-04-12,Clothing,Jacket,5,89.99,0,449.95,Returned
O003148,C0676,2021-09-08,Home & Garden,Lamp,1,69.99,0,69.99,Delivered
O003149,C0676,2022-06-13,Food & Drink,Olive Oil,5,16.99,5,80.7,Delivered
O003150,C0676,2023-12-14,Books,Data Science Guide,5,44.99,0,224.95,Delivered
O003151,C0676,2023-07-16,Sports,Resistance Band,1,14.99,0,14.99,Delivered
O003152,C0676,2022-12-30,Electronics,Mouse,2,39.99,20,63.98,Delivered
O003153,C0676,2022-09-13,Electronics,Mouse,1,39.99,0,39.99,Delivered
O003154,C0676,2023-01-09,Toys,LEGO Set,2,49.99,10,89.98,Delivered
O003155,C0676,2022-05-22,Books,Python Cookbook,3,34.99,20,83.98,Delivered
O003156,C0677,2023-06-25,Clothing,Dress,2,49.99,15,84.98,Delivered
O003157,C0678,2023-06-19,Books,Novel,4,12.99,10,46.76,Delivered
O003158,C0678,2023-12-11,Beauty,Shampoo,1,14.99,15,12.74,Returned
O003159,C0678,2023-07-07,Sports,Resistance Band,4,14.99,0,59.96,Delivered
O003160,C0678,2023-04-07,Beauty,Perfume,2,79.99,10,143.98,Delivered
O003161,C0678,2023-05-18,Books,Cookbook,1,24.99,0,24.99,Delivered
O003162,C0678,2023-11-21,Toys,Art Kit,5,24.99,20,99.96,Delivered
O003163,C0678,2023-07-29,Food & Drink,Nuts Mix,4,12.99,15,44.17,Delivered
O003164,C0678,2023-11-07,Clothing,Sneakers,1,79.99,5,75.99,Delivered
O003165,C0679,2022-08-24,Beauty,Perfume,1,79.99,0,79.99,Delivered
O003166,C0679,2022-05-18,Beauty,Serum,1,54.99,0,54.99,Delivered
O003167,C0679,2022-11-10,Food & Drink,Tea Collection,5,24.99,20,99.96,Delivered
O003168,C0679,2022-10-08,Food & Drink,Coffee Beans,5,19.99,15,84.96,Delivered
O003169,C0679,2022-07-05,Books,Python Cookbook,1,34.99,5,33.24,Delivered
O003170,C0679,2022-10-03,Sports,Water Bottle,4,19.99,15,67.97,Delivered
O003171,C0679,2022-05-27,Beauty,Face Cream,1,39.99,20,31.99,Delivered
O003172,C0679,2023-10-10,Toys,Puzzle,4,19.99,10,71.96,Delivered
O003173,C0680,2022-05-24,Beauty,Lip Balm,1,8.99,10,8.09,Delivered
O003174,C0681,2023-12-06,Sports,Yoga Mat,1,39.99,15,33.99,Delivered
O003175,C0681,2023-11-27,Home & Garden,Cushion,3,34.99,20,83.98,Delivered
O003176,C0681,2023-10-18,Food & Drink,Protein Bar,1,2.99,0,2.99,Delivered
O003177,C0681,2023-10-23,Home & Garden,Candle Set,2,24.99,10,44.98,Delivered
O003178,C0681,2023-12-02,Sports,Resistance Band,5,14.99,10,67.45,Delivered
O003179,C0682,2023-12-15,Clothing,T-Shirt,5,19.99,5,94.95,Delivered
O003180,C0682,2023-09-10,Sports,Skipping Rope,3,9.99,15,25.47,Delivered
O003181,C0682,2023-05-03,Electronics,Laptop Stand,5,49.99,0,249.95,Delivered
O003182,C0682,2023-12-10,Toys,Stuffed Animal,3,19.99,15,50.97,Delivered
O003183,C0682,2023-09-15,Electronics,Headphones,4,149.99,0,599.96,Delivered
O003184,C0682,2023-09-27,Sports,Resistance Band,5,14.99,0,74.95,Delivered
O003185,C0682,2023-09-23,Books,Travel Guide,3,16.99,20,40.78,Delivered
O003186,C0682,2023-08-03,Beauty,Lip Balm,3,8.99,5,25.62,Delivered
O003187,C0682,2023-10-21,Food & Drink,Nuts Mix,5,12.99,0,64.95,Delivered
O003188,C0683,2022-09-01,Electronics,Laptop Stand,5,49.99,10,224.96,Delivered
O003189,C0683,2022-07-20,Electronics,Mouse,4,39.99,10,143.96,Delivered
O003190,C0683,2023-02-22,Sports,Water Bottle,2,19.99,10,35.98,Delivered
O003191,C0683,2022-06-30,Beauty,Perfume,1,79.99,0,79.99,Delivered
O003192,C0683,2023-05-30,Books,Python Cookbook,4,34.99,0,139.96,Delivered
O003193,C0683,2022-08-12,Home & Garden,Cushion,1,34.99,20,27.99,Delivered
O003194,C0683,2023-02-23,Toys,Puzzle,2,19.99,10,35.98,Delivered
O003195,C0684,2023-08-20,Electronics,Laptop Stand,5,49.99,0,249.95,Delivered
O003196,C0684,2023-07-09,Sports,Water Bottle,1,19.99,0,19.99,Delivered
O003197,C0684,2023-09-24,Sports,Dumbbells,5,59.99,5,284.95,Delivered
O003198,C0684,2023-07-26,Electronics,Mouse,5,39.99,10,179.96,Delivered
O003199,C0684,2023-08-24,Home & Garden,Lamp,2,69.99,15,118.98,Delivered
O003200,C0684,2023-10-11,Sports,Water Bottle,3,19.99,15,50.97,Delivered
O003201,C0685,2023-11-19,Sports,Skipping Rope,2,9.99,0,19.98,Delivered
O003202,C0685,2023-02-04,Electronics,Webcam,1,79.99,20,63.99,Delivered
O003203,C0685,2022-11-08,Food & Drink,Protein Bar,2,2.99,20,4.78,Delivered
O003204,C0685,2023-06-03,Clothing,Dress,1,49.99,5,47.49,Delivered
O003205,C0685,2023-03-10,Food & Drink,Olive Oil,1,16.99,10,15.29,Delivered
O003206,C0685,2023-08-27,Toys,Art Kit,3,24.99,0,74.97,Delivered
O003207,C0685,2023-08-01,Beauty,Lip Balm,4,8.99,0,35.96,Delivered
O003208,C0685,2023-11-02,Clothing,T-Shirt,3,19.99,10,53.97,Delivered
O003209,C0686,2023-12-04,Toys,LEGO Set,1,49.99,15,42.49,Delivered
O003210,C0686,2023-09-01,Sports,Resistance Band,1,14.99,0,14.99,Delivered
O003211,C0686,2023-11-04,Sports,Resistance Band,5,14.99,10,67.45,Delivered
O003212,C0686,2023-12-30,Beauty,Shampoo,3,14.99,10,40.47,Delivered
O003213,C0686,2023-06-09,Clothing,Sneakers,4,79.99,0,319.96,Delivered
O003214,C0686,2023-12-23,Home & Garden,Candle Set,4,24.99,0,99.96,Delivered
O003215,C0686,2023-06-11,Home & Garden,Cushion,3,34.99,15,89.22,Delivered
O003216,C0687,2023-08-06,Electronics,Headphones,1,149.99,15,127.49,Delivered
O003217,C0687,2023-08-14,Sports,Dumbbells,2,59.99,0,119.98,Delivered
O003218,C0687,2023-08-10,Clothing,Jacket,1,89.99,0,89.99,Delivered
O003219,C0687,2023-12-01,Food & Drink,Protein Bar,5,2.99,10,13.46,Delivered
O003220,C0687,2023-09-29,Books,Novel,4,12.99,20,41.57,Delivered
O003221,C0687,2023-03-16,Books,Novel,2,12.99,0,25.98,Delivered
O003222,C0687,2023-03-28,Food & Drink,Tea Collection,1,24.99,0,24.99,Delivered
O003223,C0688,2023-05-16,Toys,Stuffed Animal,2,19.99,5,37.98,Delivered
O003224,C0688,2021-07-09,Beauty,Serum,1,54.99,10,49.49,Delivered
O003225,C0688,2021-10-25,Beauty,Perfume,5,79.99,20,319.96,Returned
O003226,C0688,2021-04-26,Toys,Art Kit,1,24.99,20,19.99,Delivered
O003227,C0689,2022-10-15,Toys,Board Game,1,34.99,0,34.99,Delivered
O003228,C0689,2023-08-03,Home & Garden,Rug,2,129.99,20,207.98,Delivered
O003229,C0689,2022-07-03,Books,Python Cookbook,1,34.99,15,29.74,Delivered
O003230,C0689,2022-02-26,Home & Garden,Lamp,4,69.99,0,279.96,Delivered
O003231,C0689,2023-01-16,Electronics,Headphones,5,149.99,0,749.95,Delivered
O003232,C0689,2023-12-02,Electronics,USB Hub,1,29.99,10,26.99,Delivered
O003233,C0689,2023-08-22,Books,Data Science Guide,4,44.99,5,170.96,Delivered
O003234,C0690,2023-05-31,Food & Drink,Nuts Mix,3,12.99,0,38.97,Delivered
O003235,C0690,2023-10-10,Books,Python Cookbook,1,34.99,5,33.24,Delivered
O003236,C0690,2023-11-19,Beauty,Shampoo,3,14.99,15,38.22,Delivered
O003237,C0690,2023-02-18,Home & Garden,Candle Set,3,24.99,15,63.72,Delivered
O003238,C0690,2023-09-04,Clothing,Dress,2,49.99,0,99.98,Returned
O003239,C0691,2021-05-18,Electronics,Webcam,5,79.99,20,319.96,Delivered
O003240,C0692,2022-12-08,Food & Drink,Tea Collection,2,24.99,5,47.48,Delivered
O003241,C0692,2022-06-15,Electronics,USB Hub,3,29.99,0,89.97,Delivered
O003242,C0692,2023-12-12,Beauty,Lip Balm,4,8.99,10,32.36,Returned
O003243,C0692,2023-05-21,Electronics,Mouse,4,39.99,5,151.96,Delivered
O003244,C0692,2023-08-27,Sports,Yoga Mat,4,39.99,0,159.96,Delivered
O003245,C0692,2021-11-27,Clothing,Jeans,4,59.99,10,215.96,Delivered
O003246,C0693,2022-10-08,Toys,Board Game,1,34.99,15,29.74,Delivered
O003247,C0693,2022-09-20,Beauty,Face Cream,1,39.99,15,33.99,Delivered
O003248,C0693,2022-12-19,Books,Travel Guide,1,16.99,0,16.99,Delivered
O003249,C0693,2023-06-13,Clothing,Jeans,1,59.99,0,59.99,Delivered
O003250,C0693,2022-11-05,Books,Cookbook,3,24.99,0,74.97,Delivered
O003251,C0693,2022-12-26,Electronics,Mouse,4,39.99,20,127.97,Delivered
O003252,C0693,2022-04-09,Home & Garden,Lamp,5,69.99,20,279.96,Delivered
O003253,C0693,2023-08-09,Electronics,USB Hub,4,29.99,0,119.96,Returned
O003254,C0693,2023-07-19,Home & Garden,Candle Set,1,24.99,0,24.99,Returned
O003255,C0694,2022-08-24,Food & Drink,Coffee Beans,4,19.99,0,79.96,Delivered
O003256,C0694,2022-01-19,Clothing,Sneakers,1,79.99,0,79.99,Delivered
O003257,C0694,2022-03-12,Clothing,T-Shirt,5,19.99,15,84.96,Delivered
O003258,C0694,2022-06-26,Electronics,Headphones,2,149.99,0,299.98,Delivered
O003259,C0694,2022-06-08,Food & Drink,Coffee Beans,5,19.99,10,89.95,Delivered
O003260,C0694,2022-02-11,Food & Drink,Olive Oil,5,16.99,15,72.21,Delivered
O003261,C0694,2022-07-19,Toys,Stuffed Animal,4,19.99,10,71.96,Delivered
O003262,C0694,2022-06-22,Electronics,Mouse,4,39.99,0,159.96,Delivered
O003263,C0695,2023-08-01,Electronics,Mouse,5,39.99,0,199.95,Delivered
O003264,C0696,2023-02-13,Electronics,Laptop Stand,2,49.99,10,89.98,Delivered
O003265,C0696,2023-11-26,Food & Drink,Olive Oil,2,16.99,0,33.98,Delivered
O003266,C0696,2022-11-08,Home & Garden,Plant Pot,1,14.99,20,11.99,Delivered
O003267,C0696,2023-12-01,Toys,Stuffed Animal,2,19.99,5,37.98,Delivered
O003268,C0696,2023-07-26,Beauty,Face Cream,4,39.99,0,159.96,Delivered
O003269,C0696,2023-12-29,Clothing,T-Shirt,1,19.99,0,19.99,Delivered
O003270,C0696,2022-06-14,Food & Drink,Nuts Mix,5,12.99,0,64.95,Delivered
O003271,C0697,2023-11-26,Clothing,Jeans,2,59.99,0,119.98,Delivered
O003272,C0697,2023-10-27,Sports,Yoga Mat,4,39.99,0,159.96,Delivered
O003273,C0697,2022-11-13,Home & Garden,Candle Set,4,24.99,20,79.97,Delivered
O003274,C0698,2023-03-22,Home & Garden,Lamp,2,69.99,0,139.98,Delivered
O003275,C0699,2022-09-08,Toys,Puzzle,5,19.99,15,84.96,Delivered
O003276,C0699,2022-01-29,Beauty,Shampoo,3,14.99,15,38.22,Returned
O003277,C0699,2021-07-07,Beauty,Serum,1,54.99,5,52.24,Delivered
O003278,C0699,2023-12-28,Sports,Yoga Mat,3,39.99,0,119.97,Delivered
O003279,C0699,2023-10-15,Food & Drink,Olive Oil,2,16.99,0,33.98,Delivered
O003280,C0699,2021-12-20,Sports,Dumbbells,2,59.99,0,119.98,Delivered
O003281,C0699,2022-02-24,Books,Travel Guide,5,16.99,20,67.96,Delivered
O003282,C0700,2022-08-25,Electronics,Headphones,1,149.99,5,142.49,Delivered
O003283,C0700,2023-01-22,Books,Travel Guide,1,16.99,0,16.99,Delivered
O003284,C0700,2022-03-31,Food & Drink,Coffee Beans,2,19.99,0,39.98,Delivered
O003285,C0700,2022-08-10,Beauty,Serum,2,54.99,0,109.98,Delivered
O003286,C0700,2023-10-17,Toys,Board Game,4,34.99,10,125.96,Delivered
O003287,C0700,2023-04-21,Sports,Skipping Rope,3,9.99,0,29.97,Delivered
O003288,C0701,2022-10-13,Clothing,Jeans,1,59.99,15,50.99,Delivered
O003289,C0701,2023-10-18,Food & Drink,Coffee Beans,5,19.99,20,79.96,Delivered
O003290,C0701,2023-08-27,Electronics,Webcam,1,79.99,5,75.99,Delivered
O003291,C0701,2023-06-06,Food & Drink,Nuts Mix,5,12.99,0,64.95,Delivered
O003292,C0701,2022-10-24,Books,Cookbook,5,24.99,5,118.7,Delivered
O003293,C0701,2023-12-09,Clothing,Jacket,1,89.99,15,76.49,Delivered
O003294,C0701,2022-09-08,Beauty,Shampoo,3,14.99,0,44.97,Delivered
O003295,C0701,2022-07-03,Food & Drink,Coffee Beans,5,19.99,0,99.95,Delivered
O003296,C0701,2022-06-15,Books,Novel,3,12.99,15,33.12,Delivered
O003297,C0701,2023-11-20,Beauty,Lip Balm,4,8.99,15,30.57,Returned
O003298,C0702,2021-06-20,Books,Data Science Guide,5,44.99,0,224.95,Delivered
O003299,C0702,2021-06-19,Sports,Dumbbells,4,59.99,0,239.96,Delivered
O003300,C0702,2023-04-14,Sports,Skipping Rope,5,9.99,20,39.96,Delivered
O003301,C0702,2022-12-02,Sports,Skipping Rope,5,9.99,0,49.95,Delivered
O003302,C0702,2021-08-16,Sports,Skipping Rope,2,9.99,0,19.98,Delivered
O003303,C0703,2022-12-25,Books,Travel Guide,5,16.99,5,80.7,Delivered
O003304,C0703,2023-08-25,Beauty,Perfume,1,79.99,0,79.99,Delivered
O003305,C0703,2022-06-17,Sports,Dumbbells,2,59.99,15,101.98,Delivered
O003306,C0703,2023-02-20,Sports,Dumbbells,3,59.99,0,179.97,Delivered
O003307,C0703,2022-06-15,Toys,Stuffed Animal,2,19.99,0,39.98,Delivered
O003308,C0703,2023-01-30,Sports,Dumbbells,2,59.99,0,119.98,Returned
O003309,C0703,2022-08-30,Sports,Resistance Band,2,14.99,15,25.48,Delivered
O003310,C0703,2022-08-21,Books,Python Cookbook,1,34.99,0,34.99,Delivered
O003311,C0704,2023-10-21,Home & Garden,Rug,5,129.99,0,649.95,Delivered
O003312,C0704,2023-09-02,Home & Garden,Rug,5,129.99,10,584.96,Delivered
O003313,C0704,2023-11-22,Clothing,T-Shirt,2,19.99,0,39.98,Delivered
O003314,C0704,2023-09-13,Beauty,Perfume,4,79.99,0,319.96,Delivered
O003315,C0704,2023-11-29,Clothing,Jeans,5,59.99,10,269.95,Delivered
O003316,C0704,2023-05-08,Clothing,Dress,5,49.99,10,224.96,Delivered
O003317,C0704,2023-07-02,Toys,Art Kit,1,24.99,20,19.99,Delivered
O003318,C0705,2023-01-02,Electronics,Headphones,2,149.99,5,284.98,Delivered
O003319,C0705,2023-10-18,Books,Cookbook,4,24.99,15,84.97,Delivered
O003320,C0705,2023-09-20,Clothing,T-Shirt,2,19.99,15,33.98,Delivered
O003321,C0705,2023-12-23,Electronics,USB Hub,1,29.99,20,23.99,Returned
O003322,C0705,2023-02-21,Home & Garden,Cushion,3,34.99,15,89.22,Delivered
O003323,C0705,2023-06-09,Books,Cookbook,1,24.99,5,23.74,Delivered
O003324,C0705,2023-02-06,Beauty,Shampoo,2,14.99,10,26.98,Delivered
O003325,C0705,2023-07-10,Home & Garden,Plant Pot,5,14.99,5,71.2,Delivered
O003326,C0705,2023-09-17,Clothing,Dress,2,49.99,0,99.98,Delivered
O003327,C0705,2023-04-24,Sports,Resistance Band,5,14.99,0,74.95,Delivered
O003328,C0705,2023-09-04,Food & Drink,Coffee Beans,2,19.99,0,39.98,Delivered
O003329,C0706,2022-11-01,Books,Novel,4,12.99,0,51.96,Delivered
O003330,C0706,2022-04-10,Electronics,USB Hub,3,29.99,20,71.98,Delivered
O003331,C0706,2022-07-24,Home & Garden,Plant Pot,4,14.99,5,56.96,Delivered
O003332,C0706,2023-08-27,Home & Garden,Rug,1,129.99,0,129.99,Delivered
O003333,C0706,2023-01-27,Toys,Board Game,1,34.99,0,34.99,Delivered
O003334,C0706,2022-12-31,Electronics,Headphones,5,149.99,15,637.46,Delivered
O003335,C0706,2022-09-06,Books,Novel,5,12.99,10,58.46,Delivered
O003336,C0706,2022-05-30,Sports,Water Bottle,3,19.99,0,59.97,Delivered
O003337,C0706,2023-12-03,Home & Garden,Lamp,4,69.99,0,279.96,Delivered
O003338,C0707,2023-10-11,Sports,Dumbbells,1,59.99,5,56.99,Delivered
O003339,C0707,2023-12-31,Toys,Stuffed Animal,2,19.99,5,37.98,Delivered
O003340,C0707,2023-10-14,Toys,Stuffed Animal,3,19.99,15,50.97,Delivered
O003341,C0707,2023-12-12,Books,Cookbook,2,24.99,10,44.98,Delivered
O003342,C0707,2023-12-23,Food & Drink,Coffee Beans,3,19.99,5,56.97,Delivered
O003343,C0707,2023-10-14,Home & Garden,Cushion,1,34.99,20,27.99,Delivered
O003344,C0707,2023-11-25,Food & Drink,Tea Collection,1,24.99,10,22.49,Delivered
O003345,C0707,2023-10-21,Beauty,Face Cream,4,39.99,0,159.96,Delivered
O003346,C0708,2023-09-18,Food & Drink,Protein Bar,1,2.99,0,2.99,Delivered
O003347,C0708,2022-12-26,Food & Drink,Olive Oil,5,16.99,10,76.45,Delivered
O003348,C0708,2023-05-18,Books,Travel Guide,4,16.99,0,67.96,Delivered
O003349,C0708,2023-12-09,Home & Garden,Rug,5,129.99,10,584.96,Delivered
O003350,C0708,2023-07-12,Toys,Puzzle,3,19.99,0,59.97,Delivered
O003351,C0708,2023-12-25,Electronics,Headphones,2,149.99,10,269.98,Delivered
O003352,C0709,2023-06-21,Electronics,Mouse,1,39.99,0,39.99,Delivered
O003353,C0709,2021-11-15,Food & Drink,Olive Oil,3,16.99,0,50.97,Delivered
O003354,C0709,2023-11-27,Clothing,Jeans,4,59.99,10,215.96,Delivered
O003355,C0709,2022-05-02,Books,Data Science Guide,1,44.99,10,40.49,Delivered
O003356,C0709,2023-06-12,Toys,Board Game,3,34.99,15,89.22,Delivered
O003357,C0709,2023-11-02,Beauty,Serum,3,54.99,10,148.47,Delivered
O003358,C0709,2022-01-11,Sports,Dumbbells,5,59.99,20,239.96,Delivered
O003359,C0710,2022-07-18,Sports,Dumbbells,3,59.99,10,161.97,Delivered
O003360,C0710,2023-09-04,Clothing,Sneakers,4,79.99,0,319.96,Delivered
O003361,C0711,2023-04-10,Beauty,Perfume,3,79.99,15,203.97,Delivered
O003362,C0712,2023-10-28,Sports,Resistance Band,2,14.99,5,28.48,Delivered
O003363,C0712,2023-07-16,Beauty,Face Cream,1,39.99,0,39.99,Delivered
O003364,C0712,2023-04-05,Clothing,Jacket,5,89.99,0,449.95,Delivered
O003365,C0712,2023-04-14,Sports,Water Bottle,2,19.99,10,35.98,Delivered
O003366,C0712,2023-09-19,Food & Drink,Protein Bar,4,2.99,0,11.96,Delivered
O003367,C0713,2023-11-18,Clothing,Jacket,4,89.99,10,323.96,Returned
O003368,C0714,2023-10-20,Electronics,Laptop Stand,5,49.99,10,224.96,Delivered
O003369,C0714,2023-10-28,Clothing,Jacket,4,89.99,0,359.96,Delivered
O003370,C0714,2023-09-27,Toys,LEGO Set,1,49.99,0,49.99,Delivered
O003371,C0714,2023-11-15,Sports,Dumbbells,3,59.99,10,161.97,Delivered
O003372,C0714,2023-09-21,Home & Garden,Lamp,4,69.99,0,279.96,Delivered
O003373,C0714,2023-08-17,Sports,Skipping Rope,5,9.99,5,47.45,Delivered
O003374,C0714,2023-09-15,Toys,Art Kit,5,24.99,15,106.21,Delivered
O003375,C0714,2023-10-07,Books,Data Science Guide,2,44.99,10,80.98,Delivered
O003376,C0715,2023-11-15,Toys,LEGO Set,1,49.99,15,42.49,Delivered
O003377,C0715,2023-04-29,Clothing,Jeans,2,59.99,10,107.98,Delivered
O003378,C0715,2023-04-04,Home & Garden,Plant Pot,3,14.99,5,42.72,Delivered
O003379,C0715,2023-10-12,Beauty,Lip Balm,1,8.99,20,7.19,Delivered
O003380,C0716,2023-12-23,Beauty,Lip Balm,3,8.99,20,21.58,Delivered
O003381,C0716,2023-12-13,Electronics,USB Hub,4,29.99,15,101.97,Delivered
O003382,C0716,2023-12-14,Electronics,Headphones,2,149.99,20,239.98,Delivered
O003383,C0717,2023-09-19,Books,Novel,4,12.99,15,44.17,Delivered
O003384,C0718,2023-06-08,Sports,Skipping Rope,2,9.99,0,19.98,Delivered
O003385,C0718,2023-08-08,Beauty,Face Cream,1,39.99,5,37.99,Delivered
O003386,C0718,2023-05-16,Beauty,Perfume,2,79.99,0,159.98,Delivered
O003387,C0718,2023-09-12,Food & Drink,Tea Collection,1,24.99,5,23.74,Delivered
O003388,C0718,2023-03-24,Beauty,Face Cream,4,39.99,0,159.96,Delivered
O003389,C0718,2023-05-15,Clothing,T-Shirt,4,19.99,20,63.97,Delivered
O003390,C0718,2023-08-04,Toys,Art Kit,2,24.99,0,49.98,Delivered
O003391,C0718,2023-12-14,Beauty,Perfume,2,79.99,0,159.98,Delivered
O003392,C0719,2023-10-20,Toys,Puzzle,5,19.99,20,79.96,Delivered
O003393,C0719,2023-09-24,Electronics,Mouse,1,39.99,15,33.99,Delivered
O003394,C0719,2023-11-25,Electronics,Laptop Stand,4,49.99,15,169.97,Delivered
O003395,C0719,2023-11-06,Sports,Yoga Mat,3,39.99,0,119.97,Delivered
O003396,C0720,2023-01-25,Beauty,Face Cream,2,39.99,0,79.98,Delivered
O003397,C0720,2022-12-09,Toys,LEGO Set,4,49.99,15,169.97,Delivered
O003398,C0720,2022-08-25,Sports,Dumbbells,5,59.99,0,299.95,Delivered
O003399,C0720,2023-02-08,Food & Drink,Nuts Mix,5,12.99,5,61.7,Delivered
O003400,C0720,2022-07-19,Clothing,Jeans,4,59.99,0,239.96,Delivered
O003401,C0720,2022-05-03,Home & Garden,Lamp,2,69.99,5,132.98,Delivered
O003402,C0720,2022-10-28,Sports,Yoga Mat,5,39.99,5,189.95,Delivered
O003403,C0720,2022-05-11,Beauty,Lip Balm,4,8.99,5,34.16,Delivered
O003404,C0720,2023-11-29,Books,Data Science Guide,1,44.99,0,44.99,Delivered
O003405,C0721,2023-07-13,Books,Data Science Guide,2,44.99,5,85.48,Returned
O003406,C0721,2023-01-16,Beauty,Shampoo,1,14.99,10,13.49,Delivered
O003407,C0721,2022-03-29,Beauty,Lip Balm,2,8.99,5,17.08,Delivered
O003408,C0721,2023-10-17,Sports,Yoga Mat,3,39.99,0,119.97,Delivered
O003409,C0722,2023-10-07,Sports,Water Bottle,5,19.99,0,99.95,Delivered
O003410,C0722,2023-02-12,Electronics,Webcam,5,79.99,10,359.95,Delivered
O003411,C0722,2023-07-20,Beauty,Perfume,3,79.99,0,239.97,Delivered
O003412,C0722,2023-02-27,Electronics,Mouse,2,39.99,0,79.98,Delivered
O003413,C0722,2023-11-03,Books,Data Science Guide,1,44.99,0,44.99,Returned
O003414,C0722,2023-12-14,Electronics,Laptop Stand,3,49.99,0,149.97,Delivered
O003415,C0723,2021-07-09,Sports,Resistance Band,3,14.99,0,44.97,Delivered
O003416,C0724,2023-12-24,Beauty,Serum,3,54.99,0,164.97,Delivered
O003417,C0724,2023-11-14,Books,Cookbook,4,24.99,5,94.96,Delivered
O003418,C0724,2022-10-22,Electronics,Mouse,2,39.99,10,71.98,Delivered
O003419,C0724,2023-05-12,Clothing,Jacket,1,89.99,0,89.99,Delivered
O003420,C0724,2023-10-20,Clothing,T-Shirt,5,19.99,0,99.95,Delivered
O003421,C0724,2023-04-17,Toys,Board Game,3,34.99,20,83.98,Delivered
O003422,C0724,2023-01-22,Clothing,Jacket,1,89.99,10,80.99,Returned
O003423,C0724,2023-09-16,Beauty,Perfume,2,79.99,0,159.98,Delivered
O003424,C0724,2023-01-13,Clothing,Sneakers,2,79.99,10,143.98,Delivered
O003425,C0724,2022-10-10,Books,Data Science Guide,5,44.99,0,224.95,Delivered
O003426,C0725,2023-11-26,Food & Drink,Nuts Mix,2,12.99,10,23.38,Delivered
O003427,C0725,2023-12-16,Clothing,Jacket,2,89.99,20,143.98,Delivered
O003428,C0725,2023-11-04,Clothing,Jacket,2,89.99,0,179.98,Delivered
O003429,C0725,2023-10-22,Clothing,Sneakers,5,79.99,0,399.95,Delivered
O003430,C0725,2023-11-21,Clothing,T-Shirt,3,19.99,20,47.98,Delivered
O003431,C0725,2023-11-20,Toys,Art Kit,3,24.99,10,67.47,Delivered
O003432,C0725,2023-10-05,Books,Novel,1,12.99,0,12.99,Delivered
O003433,C0725,2023-12-06,Toys,Stuffed Animal,1,19.99,0,19.99,Delivered
O003434,C0725,2023-10-22,Beauty,Shampoo,3,14.99,0,44.97,Delivered
O003435,C0725,2023-12-24,Sports,Dumbbells,5,59.99,10,269.95,Delivered
O003436,C0726,2022-10-18,Food & Drink,Olive Oil,3,16.99,0,50.97,Delivered
O003437,C0726,2022-07-20,Food & Drink,Coffee Beans,3,19.99,10,53.97,Delivered
O003438,C0726,2023-08-27,Home & Garden,Candle Set,5,24.99,0,124.95,Delivered
O003439,C0726,2023-07-02,Electronics,Laptop Stand,3,49.99,0,149.97,Delivered
O003440,C0726,2023-01-28,Food & Drink,Olive Oil,2,16.99,20,27.18,Delivered
O003441,C0726,2022-11-20,Food & Drink,Olive Oil,3,16.99,5,48.42,Returned
O003442,C0726,2023-04-10,Books,Data Science Guide,5,44.99,0,224.95,Delivered
O003443,C0726,2023-02-12,Food & Drink,Nuts Mix,3,12.99,0,38.97,Delivered
O003444,C0726,2023-07-19,Sports,Dumbbells,3,59.99,20,143.98,Delivered
O003445,C0726,2022-08-15,Electronics,Mouse,4,39.99,10,143.96,Delivered
O003446,C0726,2022-06-16,Food & Drink,Olive Oil,2,16.99,15,28.88,Delivered
O003447,C0727,2022-04-06,Electronics,Mouse,3,39.99,10,107.97,Delivered
O003448,C0727,2022-09-29,Sports,Yoga Mat,4,39.99,0,159.96,Delivered
O003449,C0727,2022-11-04,Clothing,Jeans,4,59.99,15,203.97,Delivered
O003450,C0727,2022-10-23,Toys,Puzzle,5,19.99,10,89.95,Delivered
O003451,C0728,2023-11-15,Clothing,Dress,5,49.99,0,249.95,Delivered
O003452,C0728,2023-09-02,Toys,LEGO Set,3,49.99,10,134.97,Returned
O003453,C0729,2023-01-15,Toys,Art Kit,4,24.99,0,99.96,Delivered
O003454,C0729,2022-09-26,Beauty,Shampoo,4,14.99,0,59.96,Returned
O003455,C0729,2023-02-26,Clothing,Sneakers,2,79.99,0,159.98,Delivered
O003456,C0729,2022-11-02,Clothing,Jacket,4,89.99,0,359.96,Returned
O003457,C0729,2022-09-13,Home & Garden,Rug,1,129.99,0,129.99,Delivered
O003458,C0729,2023-02-28,Books,Data Science Guide,3,44.99,5,128.22,Delivered
O003459,C0729,2023-08-20,Home & Garden,Candle Set,5,24.99,0,124.95,Delivered
O003460,C0729,2023-01-04,Toys,Stuffed Animal,5,19.99,10,89.95,Returned
O003461,C0730,2021-08-06,Food & Drink,Olive Oil,2,16.99,20,27.18,Delivered
O003462,C0730,2021-10-26,Toys,Stuffed Animal,3,19.99,0,59.97,Delivered
O003463,C0730,2023-07-29,Sports,Dumbbells,3,59.99,0,179.97,Delivered
O003464,C0730,2023-11-29,Electronics,Laptop Stand,2,49.99,20,79.98,Delivered
O003465,C0730,2023-06-05,Electronics,Mouse,5,39.99,5,189.95,Delivered
O003466,C0731,2023-08-28,Toys,Puzzle,2,19.99,5,37.98,Delivered
O003467,C0732,2023-05-20,Home & Garden,Rug,5,129.99,15,552.46,Delivered
O003468,C0732,2023-12-27,Electronics,Headphones,5,149.99,0,749.95,Delivered
O003469,C0732,2023-12-07,Sports,Skipping Rope,5,9.99,15,42.46,Returned
O003470,C0732,2023-12-17,Sports,Yoga Mat,2,39.99,0,79.98,Delivered
O003471,C0732,2023-02-14,Beauty,Lip Balm,5,8.99,0,44.95,Delivered
O003472,C0732,2023-07-02,Electronics,Laptop Stand,2,49.99,5,94.98,Delivered
O003473,C0733,2023-11-15,Food & Drink,Nuts Mix,2,12.99,0,25.98,Delivered
O003474,C0733,2023-12-09,Clothing,Jeans,1,59.99,20,47.99,Delivered
O003475,C0733,2023-11-24,Electronics,Webcam,1,79.99,0,79.99,Delivered
O003476,C0733,2023-11-19,Books,Cookbook,5,24.99,5,118.7,Delivered
O003477,C0733,2023-12-17,Sports,Yoga Mat,4,39.99,0,159.96,Delivered
O003478,C0733,2023-12-06,Beauty,Perfume,2,79.99,15,135.98,Delivered
O003479,C0734,2023-07-25,Books,Travel Guide,2,16.99,0,33.98,Delivered
O003480,C0734,2023-07-21,Home & Garden,Plant Pot,1,14.99,0,14.99,Delivered
O003481,C0734,2023-04-07,Food & Drink,Tea Collection,2,24.99,15,42.48,Delivered
O003482,C0735,2023-09-14,Clothing,Sneakers,2,79.99,0,159.98,Delivered
O003483,C0735,2023-11-09,Home & Garden,Plant Pot,2,14.99,15,25.48,Delivered
O003484,C0735,2023-09-26,Beauty,Face Cream,5,39.99,15,169.96,Delivered
O003485,C0735,2023-12-22,Food & Drink,Coffee Beans,4,19.99,20,63.97,Delivered
O003486,C0735,2023-11-23,Home & Garden,Plant Pot,2,14.99,0,29.98,Delivered
O003487,C0735,2023-11-16,Clothing,T-Shirt,2,19.99,5,37.98,Delivered
O003488,C0735,2023-11-15,Electronics,Webcam,4,79.99,0,319.96,Delivered
O003489,C0735,2023-10-10,Home & Garden,Rug,3,129.99,20,311.98,Delivered
O003490,C0736,2023-09-22,Toys,LEGO Set,4,49.99,15,169.97,Delivered
O003491,C0736,2023-01-03,Clothing,Dress,5,49.99,15,212.46,Delivered
O003492,C0736,2022-07-08,Clothing,Jacket,5,89.99,15,382.46,Delivered
O003493,C0737,2023-11-25,Clothing,Dress,2,49.99,20,79.98,Delivered
O003494,C0737,2022-09-08,Sports,Water Bottle,2,19.99,20,31.98,Delivered
O003495,C0737,2022-09-28,Toys,Stuffed Animal,2,19.99,0,39.98,Delivered
O003496,C0737,2023-07-06,Sports,Skipping Rope,4,9.99,0,39.96,Delivered
O003497,C0737,2023-04-08,Clothing,Jacket,2,89.99,5,170.98,Delivered
O003498,C0737,2023-06-24,Clothing,Jeans,4,59.99,0,239.96,Delivered
O003499,C0737,2023-02-09,Toys,Art Kit,4,24.99,0,99.96,Delivered
O003500,C0738,2023-09-18,Sports,Yoga Mat,3,39.99,15,101.97,Delivered
O003501,C0738,2023-08-30,Beauty,Serum,2,54.99,20,87.98,Delivered
O003502,C0738,2023-10-08,Food & Drink,Tea Collection,3,24.99,15,63.72,Delivered
O003503,C0738,2023-09-30,Home & Garden,Rug,1,129.99,15,110.49,Delivered
O003504,C0738,2023-11-24,Home & Garden,Candle Set,3,24.99,15,63.72,Delivered
O003505,C0738,2023-10-22,Home & Garden,Rug,4,129.99,15,441.97,Delivered
O003506,C0738,2023-07-17,Beauty,Face Cream,4,39.99,20,127.97,Delivered
O003507,C0739,2022-01-28,Toys,Board Game,1,34.99,15,29.74,Delivered
O003508,C0739,2023-05-31,Beauty,Face Cream,1,39.99,15,33.99,Delivered
O003509,C0739,2023-05-30,Beauty,Serum,4,54.99,20,175.97,Delivered
O003510,C0739,2022-05-30,Books,Cookbook,1,24.99,5,23.74,Delivered
O003511,C0739,2023-02-25,Sports,Resistance Band,3,14.99,0,44.97,Delivered
O003512,C0740,2023-08-27,Food & Drink,Olive Oil,1,16.99,15,14.44,Delivered
O003513,C0740,2021-07-17,Food & Drink,Nuts Mix,1,12.99,0,12.99,Delivered
O003514,C0740,2023-03-27,Toys,Art Kit,5,24.99,0,124.95,Delivered
O003515,C0740,2022-10-14,Clothing,Jeans,1,59.99,0,59.99,Delivered
O003516,C0741,2023-10-08,Electronics,Mouse,3,39.99,10,107.97,Delivered
O003517,C0741,2023-11-21,Electronics,Webcam,5,79.99,15,339.96,Delivered
O003518,C0741,2023-10-12,Food & Drink,Tea Collection,4,24.99,0,99.96,Delivered
O003519,C0742,2022-07-24,Food & Drink,Nuts Mix,2,12.99,0,25.98,Returned
O003520,C0742,2023-12-27,Beauty,Face Cream,3,39.99,5,113.97,Delivered
O003521,C0742,2023-10-04,Electronics,Laptop Stand,2,49.99,10,89.98,Delivered
O003522,C0743,2023-10-04,Sports,Resistance Band,1,14.99,20,11.99,Delivered
O003523,C0743,2023-07-24,Toys,Art Kit,2,24.99,20,39.98,Delivered
O003524,C0743,2023-09-07,Home & Garden,Candle Set,2,24.99,5,47.48,Delivered
O003525,C0743,2023-12-31,Beauty,Shampoo,4,14.99,20,47.97,Delivered
O003526,C0743,2022-11-28,Clothing,Jacket,4,89.99,0,359.96,Delivered
O003527,C0743,2023-12-15,Beauty,Lip Balm,2,8.99,20,14.38,Delivered
O003528,C0743,2022-10-12,Home & Garden,Candle Set,3,24.99,10,67.47,Delivered
O003529,C0743,2022-07-27,Beauty,Shampoo,3,14.99,5,42.72,Delivered
O003530,C0743,2022-08-26,Books,Data Science Guide,4,44.99,10,161.96,Delivered
O003531,C0743,2023-11-15,Toys,Puzzle,1,19.99,0,19.99,Delivered
O003532,C0744,2022-10-19,Electronics,Laptop Stand,4,49.99,15,169.97,Delivered
O003533,C0744,2023-12-13,Books,Python Cookbook,2,34.99,20,55.98,Delivered
O003534,C0744,2023-12-26,Food & Drink,Tea Collection,2,24.99,0,49.98,Delivered
O003535,C0744,2023-11-22,Beauty,Perfume,5,79.99,0,399.95,Delivered
O003536,C0744,2022-10-11,Clothing,T-Shirt,1,19.99,20,15.99,Delivered
O003537,C0744,2023-01-21,Food & Drink,Protein Bar,5,2.99,5,14.2,Delivered
O003538,C0744,2022-11-20,Clothing,Jeans,1,59.99,0,59.99,Delivered
O003539,C0744,2023-11-28,Food & Drink,Coffee Beans,2,19.99,5,37.98,Delivered
O003540,C0745,2023-09-04,Clothing,Sneakers,4,79.99,5,303.96,Delivered
O003541,C0745,2023-08-27,Beauty,Lip Balm,5,8.99,5,42.7,Delivered
O003542,C0745,2023-06-22,Books,Data Science Guide,4,44.99,0,179.96,Delivered
O003543,C0745,2023-10-07,Sports,Resistance Band,2,14.99,0,29.98,Delivered
O003544,C0745,2023-06-25,Sports,Resistance Band,4,14.99,0,59.96,Delivered
O003545,C0745,2023-08-24,Food & Drink,Protein Bar,2,2.99,20,4.78,Returned
O003546,C0745,2023-06-29,Clothing,T-Shirt,3,19.99,0,59.97,Delivered
O003547,C0745,2023-06-12,Clothing,Dress,4,49.99,15,169.97,Delivered
O003548,C0745,2023-12-25,Food & Drink,Protein Bar,3,2.99,20,7.18,Delivered
O003549,C0745,2023-04-02,Beauty,Shampoo,4,14.99,0,59.96,Delivered
O003550,C0745,2023-12-31,Books,Python Cookbook,5,34.99,0,174.95,Delivered
O003551,C0746,2023-01-13,Food & Drink,Coffee Beans,1,19.99,0,19.99,Delivered
O003552,C0746,2023-04-18,Clothing,Sneakers,1,79.99,5,75.99,Delivered
O003553,C0746,2023-09-06,Books,Travel Guide,3,16.99,5,48.42,Delivered
O003554,C0746,2023-03-29,Home & Garden,Cushion,1,34.99,0,34.99,Delivered
O003555,C0746,2023-10-11,Electronics,Webcam,4,79.99,10,287.96,Delivered
O003556,C0746,2023-01-10,Food & Drink,Tea Collection,4,24.99,5,94.96,Delivered
O003557,C0746,2023-11-13,Toys,Art Kit,1,24.99,10,22.49,Delivered
O003558,C0746,2023-03-03,Clothing,Sneakers,3,79.99,0,239.97,Delivered
O003559,C0747,2022-07-16,Beauty,Shampoo,1,14.99,15,12.74,Delivered
O003560,C0747,2023-11-15,Books,Travel Guide,1,16.99,5,16.14,Delivered
O003561,C0747,2023-02-14,Toys,Puzzle,3,19.99,15,50.97,Delivered
O003562,C0747,2023-01-07,Clothing,T-Shirt,3,19.99,5,56.97,Delivered
O003563,C0747,2022-12-01,Books,Travel Guide,3,16.99,20,40.78,Returned
O003564,C0747,2022-05-01,Electronics,Webcam,4,79.99,10,287.96,Delivered
O003565,C0748,2022-12-04,Clothing,T-Shirt,4,19.99,0,79.96,Delivered
O003566,C0748,2022-04-03,Clothing,Jacket,3,89.99,0,269.97,Delivered
O003567,C0748,2022-08-01,Sports,Water Bottle,2,19.99,20,31.98,Delivered
O003568,C0748,2023-04-07,Food & Drink,Tea Collection,4,24.99,0,99.96,Delivered
O003569,C0748,2022-05-22,Home & Garden,Plant Pot,4,14.99,0,59.96,Delivered
O003570,C0748,2022-04-02,Food & Drink,Nuts Mix,5,12.99,0,64.95,Delivered
O003571,C0749,2023-09-19,Sports,Dumbbells,5,59.99,5,284.95,Delivered
O003572,C0749,2022-11-21,Electronics,USB Hub,5,29.99,20,119.96,Delivered
O003573,C0749,2023-12-01,Electronics,Webcam,2,79.99,10,143.98,Delivered
O003574,C0749,2023-06-13,Toys,Art Kit,2,24.99,0,49.98,Delivered
O003575,C0749,2023-07-14,Books,Novel,3,12.99,15,33.12,Delivered
O003576,C0749,2023-04-14,Food & Drink,Coffee Beans,3,19.99,15,50.97,Delivered
O003577,C0749,2023-12-06,Home & Garden,Rug,2,129.99,15,220.98,Delivered
O003578,C0749,2023-07-24,Clothing,Sneakers,3,79.99,0,239.97,Delivered
O003579,C0750,2023-12-18,Clothing,Jeans,3,59.99,20,143.98,Delivered
O003580,C0750,2023-08-19,Books,Cookbook,2,24.99,10,44.98,Delivered
O003581,C0751,2023-07-04,Books,Python Cookbook,4,34.99,15,118.97,Delivered
O003582,C0751,2023-06-14,Toys,LEGO Set,2,49.99,20,79.98,Delivered
O003583,C0751,2023-12-22,Home & Garden,Plant Pot,2,14.99,0,29.98,Delivered
O003584,C0751,2023-04-14,Books,Novel,3,12.99,20,31.18,Delivered
O003585,C0751,2022-11-26,Beauty,Serum,5,54.99,10,247.45,Delivered
O003586,C0751,2023-01-11,Toys,Stuffed Animal,3,19.99,20,47.98,Delivered
O003587,C0751,2023-03-08,Sports,Yoga Mat,5,39.99,0,199.95,Delivered
O003588,C0751,2023-08-23,Home & Garden,Candle Set,1,24.99,0,24.99,Delivered
O003589,C0752,2023-03-04,Electronics,Headphones,5,149.99,0,749.95,Delivered
O003590,C0752,2022-07-08,Toys,Stuffed Animal,2,19.99,0,39.98,Delivered
O003591,C0752,2021-10-20,Beauty,Serum,4,54.99,20,175.97,Delivered
O003592,C0752,2023-04-01,Clothing,T-Shirt,2,19.99,15,33.98,Delivered
O003593,C0752,2022-07-17,Toys,Board Game,4,34.99,0,139.96,Delivered
O003594,C0752,2022-01-22,Electronics,Mouse,1,39.99,0,39.99,Delivered
O003595,C0753,2023-10-31,Sports,Resistance Band,5,14.99,20,59.96,Returned
O003596,C0753,2023-12-21,Home & Garden,Rug,1,129.99,0,129.99,Delivered
O003597,C0753,2023-10-05,Food & Drink,Nuts Mix,2,12.99,0,25.98,Delivered
O003598,C0753,2023-11-19,Electronics,Headphones,2,149.99,0,299.98,Delivered
O003599,C0753,2023-12-28,Sports,Water Bottle,3,19.99,10,53.97,Delivered
O003600,C0754,2021-12-15,Sports,Water Bottle,5,19.99,10,89.95,Delivered
O003601,C0754,2022-07-10,Clothing,Jeans,2,59.99,5,113.98,Delivered
O003602,C0754,2022-09-25,Food & Drink,Coffee Beans,4,19.99,0,79.96,Delivered
O003603,C0755,2023-05-31,Home & Garden,Plant Pot,3,14.99,10,40.47,Delivered
O003604,C0755,2023-07-31,Books,Cookbook,3,24.99,10,67.47,Delivered
O003605,C0755,2023-11-22,Books,Novel,3,12.99,15,33.12,Delivered
O003606,C0755,2023-02-02,Books,Cookbook,4,24.99,20,79.97,Delivered
O003607,C0755,2023-09-21,Beauty,Shampoo,1,14.99,0,14.99,Delivered
O003608,C0755,2023-08-12,Books,Travel Guide,3,16.99,15,43.32,Delivered
O003609,C0755,2023-12-27,Clothing,Dress,4,49.99,0,199.96,Delivered
O003610,C0755,2023-06-12,Beauty,Serum,4,54.99,10,197.96,Delivered
O003611,C0755,2023-08-22,Home & Garden,Lamp,1,69.99,10,62.99,Delivered
O003612,C0755,2023-06-18,Books,Data Science Guide,4,44.99,15,152.97,Delivered
O003613,C0755,2023-10-15,Books,Travel Guide,3,16.99,0,50.97,Delivered
O003614,C0756,2023-11-20,Books,Cookbook,5,24.99,0,124.95,Returned
O003615,C0756,2023-03-12,Home & Garden,Candle Set,2,24.99,0,49.98,Delivered
O003616,C0756,2023-11-01,Toys,LEGO Set,2,49.99,20,79.98,Delivered
O003617,C0756,2023-03-25,Food & Drink,Tea Collection,4,24.99,0,99.96,Delivered
O003618,C0757,2023-02-23,Food & Drink,Protein Bar,4,2.99,20,9.57,Delivered
O003619,C0758,2022-03-30,Food & Drink,Coffee Beans,1,19.99,0,19.99,Delivered
O003620,C0758,2021-12-12,Clothing,Dress,1,49.99,10,44.99,Returned
O003621,C0758,2023-01-19,Food & Drink,Olive Oil,2,16.99,0,33.98,Delivered
O003622,C0758,2023-01-25,Home & Garden,Rug,2,129.99,0,259.98,Delivered
O003623,C0759,2022-12-24,Electronics,Mouse,3,39.99,0,119.97,Delivered
O003624,C0759,2022-05-28,Food & Drink,Olive Oil,4,16.99,10,61.16,Delivered
O003625,C0759,2022-09-12,Toys,LEGO Set,3,49.99,20,119.98,Delivered
O003626,C0759,2023-03-05,Books,Python Cookbook,5,34.99,0,174.95,Delivered
O003627,C0759,2023-07-16,Books,Data Science Guide,5,44.99,15,191.21,Delivered
O003628,C0759,2023-03-20,Sports,Skipping Rope,1,9.99,20,7.99,Delivered
O003629,C0759,2023-11-11,Clothing,Jacket,1,89.99,20,71.99,Delivered
O003630,C0760,2022-03-11,Books,Data Science Guide,5,44.99,20,179.96,Delivered
O003631,C0760,2022-01-23,Beauty,Serum,2,54.99,20,87.98,Delivered
O003632,C0761,2023-09-14,Toys,Art Kit,2,24.99,20,39.98,Delivered
O003633,C0761,2023-12-17,Electronics,Mouse,4,39.99,0,159.96,Delivered
O003634,C0761,2023-12-05,Electronics,Mouse,2,39.99,0,79.98,Delivered
O003635,C0762,2023-12-11,Food & Drink,Coffee Beans,1,19.99,5,18.99,Delivered
O003636,C0762,2023-11-11,Electronics,Webcam,4,79.99,15,271.97,Delivered
O003637,C0763,2023-11-01,Food & Drink,Nuts Mix,4,12.99,20,41.57,Delivered
O003638,C0763,2023-03-21,Food & Drink,Protein Bar,5,2.99,15,12.71,Delivered
O003639,C0763,2023-01-15,Clothing,Sneakers,5,79.99,20,319.96,Delivered
O003640,C0763,2023-08-11,Clothing,T-Shirt,4,19.99,10,71.96,Delivered
O003641,C0763,2022-11-11,Clothing,Sneakers,2,79.99,10,143.98,Delivered
O003642,C0763,2023-09-29,Sports,Skipping Rope,4,9.99,0,39.96,Delivered
O003643,C0763,2023-12-31,Food & Drink,Nuts Mix,2,12.99,0,25.98,Delivered
O003644,C0763,2022-11-16,Home & Garden,Rug,2,129.99,15,220.98,Delivered
O003645,C0763,2023-08-28,Food & Drink,Nuts Mix,2,12.99,0,25.98,Delivered
O003646,C0763,2023-03-03,Toys,LEGO Set,3,49.99,10,134.97,Delivered
O003647,C0763,2023-09-06,Toys,Board Game,1,34.99,15,29.74,Delivered
O003648,C0763,2023-07-22,Toys,Stuffed Animal,5,19.99,10,89.95,Delivered
O003649,C0764,2021-06-18,Books,Python Cookbook,2,34.99,0,69.98,Delivered
O003650,C0765,2023-05-18,Toys,Board Game,5,34.99,0,174.95,Delivered
O003651,C0765,2022-11-11,Beauty,Serum,3,54.99,5,156.72,Delivered
O003652,C0765,2022-10-29,Home & Garden,Plant Pot,4,14.99,20,47.97,Delivered
O003653,C0765,2023-01-20,Home & Garden,Rug,2,129.99,5,246.98,Delivered
O003654,C0765,2022-09-09,Sports,Water Bottle,2,19.99,15,33.98,Delivered
O003655,C0765,2022-10-13,Electronics,Laptop Stand,5,49.99,15,212.46,Delivered
O003656,C0765,2022-12-01,Sports,Skipping Rope,2,9.99,15,16.98,Delivered
O003657,C0765,2023-10-26,Toys,Puzzle,4,19.99,0,79.96,Delivered
O003658,C0766,2023-09-26,Toys,Art Kit,5,24.99,0,124.95,Delivered
O003659,C0766,2023-11-10,Beauty,Face Cream,2,39.99,20,63.98,Delivered
O003660,C0766,2023-07-14,Electronics,Mouse,4,39.99,20,127.97,Delivered
O003661,C0766,2023-06-21,Beauty,Perfume,2,79.99,10,143.98,Delivered
O003662,C0766,2023-04-02,Toys,Board Game,3,34.99,5,99.72,Delivered
O003663,C0767,2023-10-31,Electronics,Webcam,5,79.99,0,399.95,Delivered
O003664,C0767,2023-10-05,Toys,Board Game,2,34.99,0,69.98,Delivered
O003665,C0767,2023-05-12,Books,Data Science Guide,4,44.99,15,152.97,Delivered
O003666,C0767,2023-11-26,Beauty,Lip Balm,5,8.99,5,42.7,Delivered
O003667,C0767,2023-09-24,Books,Novel,1,12.99,0,12.99,Delivered
O003668,C0767,2023-04-24,Clothing,Jeans,2,59.99,0,119.98,Delivered
O003669,C0767,2023-09-15,Toys,Board Game,5,34.99,0,174.95,Delivered
O003670,C0768,2023-11-18,Electronics,Webcam,2,79.99,20,127.98,Delivered
O003671,C0768,2023-11-04,Food & Drink,Protein Bar,5,2.99,0,14.95,Delivered
O003672,C0768,2023-10-22,Clothing,Jacket,4,89.99,20,287.97,Delivered
O003673,C0768,2023-10-22,Beauty,Shampoo,1,14.99,0,14.99,Delivered
O003674,C0769,2023-06-13,Home & Garden,Candle Set,1,24.99,0,24.99,Delivered
O003675,C0769,2023-09-07,Sports,Yoga Mat,3,39.99,20,95.98,Delivered
O003676,C0769,2022-07-15,Toys,Board Game,1,34.99,0,34.99,Delivered
O003677,C0769,2023-03-27,Home & Garden,Plant Pot,5,14.99,0,74.95,Delivered
O003678,C0769,2022-09-20,Food & Drink,Olive Oil,4,16.99,10,61.16,Delivered
O003679,C0769,2022-04-28,Clothing,Jeans,4,59.99,10,215.96,Delivered
O003680,C0770,2023-04-16,Toys,Art Kit,2,24.99,15,42.48,Delivered
O003681,C0770,2023-05-18,Electronics,Laptop Stand,3,49.99,5,142.47,Delivered
O003682,C0770,2023-03-19,Food & Drink,Coffee Beans,1,19.99,10,17.99,Delivered
O003683,C0770,2023-06-29,Beauty,Lip Balm,1,8.99,0,8.99,Delivered
O003684,C0770,2023-09-28,Beauty,Perfume,2,79.99,0,159.98,Delivered
O003685,C0771,2023-01-07,Home & Garden,Candle Set,1,24.99,0,24.99,Delivered
O003686,C0772,2023-12-20,Toys,Puzzle,1,19.99,15,16.99,Delivered
O003687,C0772,2023-10-23,Toys,Puzzle,3,19.99,20,47.98,Delivered
O003688,C0772,2023-09-20,Toys,Board Game,3,34.99,20,83.98,Delivered
O003689,C0772,2023-12-16,Sports,Dumbbells,2,59.99,20,95.98,Delivered
O003690,C0772,2023-03-23,Beauty,Face Cream,1,39.99,5,37.99,Delivered
O003691,C0772,2023-03-11,Home & Garden,Candle Set,2,24.99,0,49.98,Returned
O003692,C0772,2023-01-17,Books,Data Science Guide,2,44.99,15,76.48,Delivered
O003693,C0772,2023-08-29,Home & Garden,Plant Pot,3,14.99,0,44.97,Delivered
O003694,C0772,2023-03-01,Food & Drink,Protein Bar,3,2.99,10,8.07,Delivered
O003695,C0772,2022-12-29,Sports,Yoga Mat,1,39.99,20,31.99,Delivered
O003696,C0773,2023-01-19,Clothing,Jeans,3,59.99,0,179.97,Delivered
O003697,C0774,2023-12-11,Electronics,Laptop Stand,3,49.99,0,149.97,Delivered
O003698,C0775,2023-02-14,Home & Garden,Lamp,4,69.99,15,237.97,Delivered
O003699,C0775,2021-09-24,Toys,Puzzle,1,19.99,20,15.99,Delivered
O003700,C0776,2022-11-11,Electronics,Headphones,2,149.99,5,284.98,Delivered
O003701,C0776,2022-10-06,Home & Garden,Lamp,1,69.99,0,69.99,Delivered
O003702,C0777,2023-12-03,Electronics,Mouse,3,39.99,0,119.97,Delivered
O003703,C0777,2023-11-10,Beauty,Lip Balm,4,8.99,0,35.96,Delivered
O003704,C0777,2023-10-28,Clothing,Jacket,1,89.99,5,85.49,Delivered
O003705,C0777,2023-10-06,Books,Python Cookbook,5,34.99,10,157.46,Delivered
O003706,C0777,2023-10-29,Clothing,T-Shirt,1,19.99,0,19.99,Delivered
O003707,C0777,2023-10-31,Clothing,Dress,1,49.99,0,49.99,Returned
O003708,C0778,2023-09-10,Food & Drink,Protein Bar,5,2.99,20,11.96,Delivered
O003709,C0778,2023-03-10,Electronics,Headphones,4,149.99,15,509.97,Delivered
O003710,C0778,2023-07-02,Beauty,Shampoo,5,14.99,0,74.95,Delivered
O003711,C0778,2023-05-05,Home & Garden,Plant Pot,4,14.99,5,56.96,Delivered
O003712,C0778,2023-08-10,Home & Garden,Rug,5,129.99,0,649.95,Delivered
O003713,C0778,2023-05-22,Electronics,Mouse,4,39.99,0,159.96,Delivered
O003714,C0778,2023-10-26,Sports,Resistance Band,5,14.99,0,74.95,Delivered
O003715,C0778,2023-05-19,Sports,Resistance Band,2,14.99,20,23.98,Delivered
O003716,C0778,2023-08-03,Sports,Skipping Rope,1,9.99,20,7.99,Delivered
O003717,C0778,2023-07-14,Books,Cookbook,1,24.99,0,24.99,Delivered
O003718,C0779,2021-04-25,Toys,Art Kit,4,24.99,5,94.96,Delivered
O003719,C0779,2022-12-12,Electronics,USB Hub,3,29.99,10,80.97,Delivered
O003720,C0779,2021-06-16,Sports,Dumbbells,2,59.99,0,119.98,Delivered
O003721,C0779,2023-01-31,Electronics,Headphones,1,149.99,5,142.49,Delivered
O003722,C0779,2021-06-04,Clothing,T-Shirt,2,19.99,0,39.98,Delivered
O003723,C0779,2022-02-26,Toys,Puzzle,1,19.99,20,15.99,Delivered
O003724,C0779,2023-03-31,Food & Drink,Tea Collection,1,24.99,0,24.99,Delivered
O003725,C0780,2023-05-31,Food & Drink,Protein Bar,5,2.99,10,13.46,Delivered
O003726,C0780,2023-07-17,Books,Python Cookbook,3,34.99,0,104.97,Delivered
O003727,C0780,2023-10-06,Books,Data Science Guide,1,44.99,20,35.99,Delivered
O003728,C0780,2023-11-23,Food & Drink,Protein Bar,3,2.99,5,8.52,Delivered
O003729,C0780,2023-06-01,Food & Drink,Olive Oil,4,16.99,20,54.37,Delivered
O003730,C0780,2023-12-21,Clothing,Jacket,1,89.99,10,80.99,Delivered
O003731,C0781,2022-09-07,Books,Cookbook,3,24.99,15,63.72,Delivered
O003732,C0782,2022-12-14,Home & Garden,Lamp,1,69.99,5,66.49,Delivered
O003733,C0783,2023-04-16,Electronics,USB Hub,3,29.99,10,80.97,Delivered
O003734,C0783,2023-12-12,Home & Garden,Candle Set,5,24.99,20,99.96,Delivered
O003735,C0783,2023-10-10,Food & Drink,Nuts Mix,5,12.99,15,55.21,Delivered
O003736,C0783,2023-10-12,Food & Drink,Tea Collection,1,24.99,0,24.99,Delivered
O003737,C0783,2023-07-07,Electronics,Headphones,3,149.99,5,427.47,Delivered
O003738,C0783,2023-11-06,Sports,Yoga Mat,3,39.99,0,119.97,Delivered
O003739,C0783,2023-05-02,Electronics,Mouse,1,39.99,15,33.99,Delivered
O003740,C0783,2023-11-02,Electronics,Webcam,5,79.99,20,319.96,Delivered
O003741,C0784,2023-12-12,Home & Garden,Candle Set,1,24.99,0,24.99,Delivered
O003742,C0785,2022-12-27,Toys,Puzzle,5,19.99,0,99.95,Delivered
O003743,C0785,2022-07-27,Books,Data Science Guide,2,44.99,20,71.98,Delivered
O003744,C0785,2023-10-21,Electronics,Headphones,4,149.99,0,599.96,Delivered
O003745,C0785,2022-10-03,Books,Python Cookbook,3,34.99,15,89.22,Delivered
O003746,C0785,2022-07-11,Electronics,Laptop Stand,4,49.99,20,159.97,Delivered
O003747,C0785,2022-09-21,Sports,Yoga Mat,3,39.99,0,119.97,Delivered
O003748,C0785,2022-09-03,Sports,Yoga Mat,5,39.99,0,199.95,Delivered
O003749,C0785,2022-11-20,Books,Novel,5,12.99,0,64.95,Delivered
O003750,C0786,2023-12-21,Food & Drink,Tea Collection,3,24.99,0,74.97,Delivered
O003751,C0786,2023-08-20,Beauty,Shampoo,1,14.99,10,13.49,Returned
O003752,C0786,2023-06-02,Sports,Water Bottle,2,19.99,5,37.98,Delivered
O003753,C0786,2023-08-21,Toys,Stuffed Animal,3,19.99,0,59.97,Delivered
O003754,C0787,2023-07-06,Beauty,Lip Balm,4,8.99,20,28.77,Returned
O003755,C0787,2022-04-16,Home & Garden,Candle Set,4,24.99,0,99.96,Delivered
O003756,C0787,2023-03-05,Clothing,T-Shirt,1,19.99,0,19.99,Returned
O003757,C0787,2021-05-24,Home & Garden,Candle Set,5,24.99,10,112.45,Delivered
O003758,C0787,2023-10-02,Books,Data Science Guide,2,44.99,15,76.48,Returned
O003759,C0787,2023-06-26,Books,Python Cookbook,1,34.99,0,34.99,Delivered
O003760,C0787,2022-01-24,Electronics,Mouse,5,39.99,15,169.96,Delivered
O003761,C0787,2023-08-29,Clothing,T-Shirt,5,19.99,5,94.95,Delivered
O003762,C0787,2022-05-07,Electronics,Webcam,1,79.99,0,79.99,Delivered
O003763,C0787,2023-03-14,Sports,Skipping Rope,5,9.99,15,42.46,Delivered
O003764,C0788,2023-04-03,Clothing,Dress,2,49.99,0,99.98,Delivered
O003765,C0788,2023-03-31,Beauty,Face Cream,1,39.99,20,31.99,Delivered
O003766,C0788,2023-06-20,Sports,Skipping Rope,3,9.99,0,29.97,Delivered
O003767,C0789,2022-08-19,Food & Drink,Protein Bar,2,2.99,0,5.98,Delivered
O003768,C0789,2022-04-12,Sports,Yoga Mat,5,39.99,10,179.96,Returned
O003769,C0791,2023-10-05,Sports,Resistance Band,2,14.99,0,29.98,Delivered
O003770,C0791,2023-10-30,Books,Novel,5,12.99,0,64.95,Delivered
O003771,C0791,2023-06-28,Home & Garden,Cushion,3,34.99,15,89.22,Delivered
O003772,C0792,2023-02-27,Home & Garden,Plant Pot,5,14.99,0,74.95,Delivered
O003773,C0792,2022-06-27,Electronics,USB Hub,4,29.99,20,95.97,Delivered
O003774,C0792,2023-06-02,Beauty,Lip Balm,5,8.99,5,42.7,Delivered
O003775,C0792,2021-11-30,Clothing,Sneakers,4,79.99,0,319.96,Delivered
O003776,C0792,2023-07-24,Books,Cookbook,4,24.99,20,79.97,Delivered
O003777,C0792,2022-07-15,Beauty,Lip Balm,4,8.99,15,30.57,Delivered
O003778,C0792,2023-03-22,Food & Drink,Nuts Mix,5,12.99,0,64.95,Delivered
O003779,C0792,2023-09-27,Sports,Yoga Mat,1,39.99,0,39.99,Delivered
O003780,C0792,2023-10-16,Sports,Resistance Band,4,14.99,20,47.97,Delivered
O003781,C0792,2021-03-25,Sports,Dumbbells,2,59.99,5,113.98,Delivered
O003782,C0792,2022-07-03,Food & Drink,Tea Collection,4,24.99,20,79.97,Delivered
O003783,C0792,2021-05-15,Books,Python Cookbook,2,34.99,15,59.48,Returned
O003784,C0793,2023-10-01,Books,Cookbook,3,24.99,10,67.47,Delivered
O003785,C0793,2023-10-30,Food & Drink,Protein Bar,3,2.99,15,7.62,Delivered
O003786,C0793,2023-11-15,Beauty,Face Cream,4,39.99,5,151.96,Delivered
O003787,C0793,2023-09-16,Home & Garden,Candle Set,2,24.99,5,47.48,Returned
O003788,C0793,2023-09-05,Food & Drink,Protein Bar,4,2.99,5,11.36,Delivered
O003789,C0793,2023-10-11,Beauty,Perfume,3,79.99,0,239.97,Delivered
O003790,C0794,2022-02-21,Beauty,Shampoo,5,14.99,0,74.95,Delivered
O003791,C0795,2022-12-08,Books,Novel,2,12.99,0,25.98,Delivered
O003792,C0795,2023-05-24,Clothing,Dress,5,49.99,0,249.95,Delivered
O003793,C0795,2023-06-25,Electronics,Laptop Stand,2,49.99,0,99.98,Delivered
O003794,C0795,2021-04-10,Sports,Skipping Rope,3,9.99,0,29.97,Delivered
O003795,C0795,2022-03-16,Books,Travel Guide,1,16.99,0,16.99,Delivered
O003796,C0796,2023-03-16,Sports,Skipping Rope,4,9.99,20,31.97,Delivered
O003797,C0796,2022-12-19,Books,Cookbook,2,24.99,0,49.98,Delivered
O003798,C0796,2023-03-09,Home & Garden,Candle Set,4,24.99,5,94.96,Delivered
O003799,C0796,2023-07-19,Books,Python Cookbook,3,34.99,10,94.47,Delivered
O003800,C0796,2023-05-31,Clothing,Dress,3,49.99,0,149.97,Delivered
O003801,C0796,2023-07-14,Beauty,Serum,2,54.99,10,98.98,Delivered
O003802,C0796,2023-12-01,Food & Drink,Protein Bar,1,2.99,0,2.99,Delivered
O003803,C0796,2022-12-17,Clothing,Sneakers,1,79.99,0,79.99,Delivered
O003804,C0796,2023-02-25,Food & Drink,Nuts Mix,1,12.99,0,12.99,Delivered
O003805,C0796,2023-03-01,Food & Drink,Nuts Mix,4,12.99,0,51.96,Delivered
O003806,C0796,2023-06-08,Home & Garden,Plant Pot,4,14.99,0,59.96,Delivered
O003807,C0797,2023-06-29,Beauty,Serum,5,54.99,5,261.2,Delivered
O003808,C0798,2022-09-11,Food & Drink,Olive Oil,5,16.99,0,84.95,Delivered
O003809,C0798,2023-01-19,Beauty,Lip Balm,5,8.99,0,44.95,Delivered
O003810,C0798,2023-05-09,Sports,Yoga Mat,1,39.99,10,35.99,Delivered
O003811,C0798,2023-03-31,Toys,LEGO Set,5,49.99,0,249.95,Delivered
O003812,C0798,2022-09-24,Books,Cookbook,1,24.99,5,23.74,Delivered
O003813,C0799,2023-12-31,Sports,Dumbbells,3,59.99,20,143.98,Delivered
O003814,C0799,2023-11-09,Sports,Dumbbells,4,59.99,20,191.97,Delivered
O003815,C0799,2023-10-27,Home & Garden,Candle Set,4,24.99,5,94.96,Delivered
O003816,C0799,2023-10-03,Clothing,Sneakers,2,79.99,15,135.98,Delivered
O003817,C0799,2023-07-05,Beauty,Lip Balm,5,8.99,0,44.95,Delivered
O003818,C0799,2023-04-28,Home & Garden,Rug,4,129.99,0,519.96,Delivered
O003819,C0799,2023-07-05,Food & Drink,Olive Oil,1,16.99,15,14.44,Returned
O003820,C0799,2023-06-26,Sports,Yoga Mat,2,39.99,0,79.98,Delivered
O003821,C0800,2023-09-08,Clothing,Jeans,4,59.99,0,239.96,Delivered
O003822,C0800,2023-07-22,Home & Garden,Candle Set,4,24.99,0,99.96,Delivered
O003823,C0800,2023-09-08,Beauty,Face Cream,2,39.99,15,67.98,Delivered
O003824,C0800,2023-06-22,Clothing,Jeans,4,59.99,20,191.97,Returned
O003825,C0800,2023-06-19,Electronics,Headphones,2,149.99,0,299.98,Delivered
O003826,C0801,2023-10-18,Sports,Water Bottle,4,19.99,10,71.96,Delivered
O003827,C0801,2022-07-13,Clothing,T-Shirt,5,19.99,20,79.96,Delivered
O003828,C0801,2022-07-15,Clothing,Sneakers,3,79.99,15,203.97,Delivered
O003829,C0801,2023-12-31,Beauty,Lip Balm,4,8.99,5,34.16,Delivered
O003830,C0801,2023-06-29,Beauty,Lip Balm,1,8.99,20,7.19,Delivered
O003831,C0802,2023-11-14,Clothing,Jacket,2,89.99,0,179.98,Delivered
O003832,C0802,2023-11-09,Electronics,USB Hub,1,29.99,0,29.99,Delivered
O003833,C0802,2023-10-09,Sports,Yoga Mat,3,39.99,0,119.97,Delivered
O003834,C0802,2023-09-18,Toys,LEGO Set,4,49.99,5,189.96,Delivered
O003835,C0803,2023-11-30,Electronics,Webcam,3,79.99,15,203.97,Delivered
O003836,C0803,2023-12-15,Electronics,Headphones,5,149.99,0,749.95,Returned
O003837,C0804,2022-01-25,Toys,Board Game,3,34.99,10,94.47,Delivered
O003838,C0804,2022-03-31,Clothing,Dress,4,49.99,5,189.96,Delivered
O003839,C0804,2022-08-27,Toys,LEGO Set,2,49.99,0,99.98,Delivered
O003840,C0805,2023-01-30,Toys,Board Game,3,34.99,20,83.98,Delivered
O003841,C0806,2023-12-27,Clothing,Sneakers,4,79.99,20,255.97,Delivered
O003842,C0807,2023-12-08,Toys,Puzzle,1,19.99,0,19.99,Returned
O003843,C0807,2023-12-13,Beauty,Lip Balm,2,8.99,5,17.08,Delivered
O003844,C0807,2023-12-19,Clothing,Jeans,3,59.99,15,152.97,Delivered
O003845,C0807,2023-12-01,Clothing,T-Shirt,2,19.99,5,37.98,Delivered
O003846,C0807,2023-11-28,Books,Cookbook,2,24.99,10,44.98,Delivered
O003847,C0807,2023-12-12,Clothing,T-Shirt,5,19.99,10,89.95,Delivered
O003848,C0807,2023-12-31,Beauty,Perfume,3,79.99,20,191.98,Delivered
O003849,C0807,2023-11-30,Books,Novel,5,12.99,20,51.96,Delivered
O003850,C0807,2023-12-29,Toys,Art Kit,3,24.99,0,74.97,Delivered
O003851,C0808,2023-07-18,Toys,LEGO Set,2,49.99,10,89.98,Delivered
O003852,C0808,2022-12-22,Food & Drink,Nuts Mix,5,12.99,0,64.95,Delivered
O003853,C0808,2022-08-08,Home & Garden,Rug,4,129.99,15,441.97,Delivered
O003854,C0809,2022-05-10,Electronics,Webcam,2,79.99,10,143.98,Delivered
O003855,C0809,2023-05-16,Electronics,Headphones,5,149.99,0,749.95,Delivered
O003856,C0809,2023-08-20,Food & Drink,Protein Bar,5,2.99,0,14.95,Delivered
O003857,C0809,2023-08-27,Home & Garden,Plant Pot,3,14.99,10,40.47,Delivered
O003858,C0809,2022-10-28,Books,Data Science Guide,4,44.99,10,161.96,Delivered
O003859,C0809,2022-10-15,Toys,Art Kit,4,24.99,15,84.97,Delivered
O003860,C0809,2021-10-31,Clothing,Sneakers,2,79.99,0,159.98,Delivered
O003861,C0809,2023-10-07,Sports,Resistance Band,5,14.99,10,67.45,Delivered
O003862,C0810,2023-11-11,Beauty,Perfume,5,79.99,20,319.96,Delivered
O003863,C0810,2023-09-06,Food & Drink,Olive Oil,4,16.99,0,67.96,Delivered
O003864,C0810,2023-08-18,Beauty,Perfume,4,79.99,20,255.97,Delivered
O003865,C0810,2023-11-06,Electronics,Laptop Stand,3,49.99,0,149.97,Delivered
O003866,C0810,2023-11-04,Books,Travel Guide,1,16.99,0,16.99,Delivered
O003867,C0810,2023-09-26,Toys,Art Kit,3,24.99,0,74.97,Delivered
O003868,C0810,2023-10-08,Home & Garden,Lamp,3,69.99,0,209.97,Delivered
O003869,C0810,2023-11-26,Books,Novel,4,12.99,10,46.76,Delivered
O003870,C0811,2022-03-08,Home & Garden,Candle Set,5,24.99,5,118.7,Delivered
O003871,C0812,2023-02-14,Home & Garden,Plant Pot,4,14.99,10,53.96,Delivered
O003872,C0812,2023-08-21,Home & Garden,Cushion,2,34.99,0,69.98,Delivered
O003873,C0812,2021-09-17,Toys,Board Game,5,34.99,5,166.2,Delivered
O003874,C0812,2022-04-15,Food & Drink,Coffee Beans,5,19.99,20,79.96,Delivered
O003875,C0813,2023-08-01,Electronics,Webcam,5,79.99,15,339.96,Delivered
O003876,C0814,2023-02-12,Sports,Dumbbells,1,59.99,20,47.99,Delivered
O003877,C0815,2023-08-01,Books,Data Science Guide,1,44.99,10,40.49,Delivered
O003878,C0815,2023-12-03,Sports,Water Bottle,2,19.99,0,39.98,Delivered
O003879,C0815,2023-06-26,Home & Garden,Rug,1,129.99,20,103.99,Delivered
O003880,C0815,2023-05-28,Food & Drink,Coffee Beans,5,19.99,0,99.95,Delivered
O003881,C0815,2023-11-28,Sports,Yoga Mat,1,39.99,0,39.99,Delivered
O003882,C0815,2023-08-27,Toys,Art Kit,4,24.99,5,94.96,Delivered
O003883,C0815,2023-06-06,Books,Travel Guide,1,16.99,15,14.44,Delivered
O003884,C0815,2023-08-12,Toys,LEGO Set,1,49.99,0,49.99,Delivered
O003885,C0816,2023-02-24,Sports,Yoga Mat,2,39.99,15,67.98,Delivered
O003886,C0816,2023-10-13,Clothing,Jeans,5,59.99,0,299.95,Delivered
O003887,C0816,2023-06-11,Books,Novel,3,12.99,0,38.97,Delivered
O003888,C0816,2023-10-17,Home & Garden,Lamp,4,69.99,10,251.96,Delivered
O003889,C0816,2023-05-09,Home & Garden,Rug,3,129.99,0,389.97,Delivered
O003890,C0816,2023-09-08,Home & Garden,Cushion,1,34.99,0,34.99,Delivered
O003891,C0816,2023-07-10,Sports,Water Bottle,5,19.99,15,84.96,Delivered
O003892,C0816,2023-09-29,Sports,Water Bottle,2,19.99,10,35.98,Delivered
O003893,C0816,2023-08-08,Sports,Resistance Band,3,14.99,5,42.72,Delivered
O003894,C0817,2022-12-05,Beauty,Serum,4,54.99,20,175.97,Delivered
O003895,C0817,2022-01-27,Clothing,Jeans,4,59.99,5,227.96,Delivered
O003896,C0817,2023-08-05,Electronics,Mouse,4,39.99,15,135.97,Delivered
O003897,C0817,2022-04-15,Clothing,Jeans,1,59.99,0,59.99,Delivered
O003898,C0817,2023-07-31,Food & Drink,Coffee Beans,2,19.99,0,39.98,Delivered
O003899,C0817,2022-03-08,Electronics,USB Hub,2,29.99,20,47.98,Delivered
O003900,C0818,2023-03-31,Food & Drink,Nuts Mix,3,12.99,20,31.18,Delivered
O003901,C0819,2023-07-30,Home & Garden,Candle Set,1,24.99,0,24.99,Delivered
O003902,C0820,2022-07-20,Sports,Resistance Band,2,14.99,5,28.48,Delivered
O003903,C0820,2023-07-14,Electronics,Mouse,3,39.99,0,119.97,Delivered
O003904,C0820,2023-02-20,Toys,LEGO Set,5,49.99,20,199.96,Delivered
O003905,C0820,2022-09-26,Home & Garden,Lamp,4,69.99,15,237.97,Delivered
O003906,C0821,2023-12-12,Beauty,Shampoo,1,14.99,10,13.49,Delivered
O003907,C0821,2022-11-05,Clothing,Dress,5,49.99,0,249.95,Delivered
O003908,C0821,2022-07-04,Home & Garden,Candle Set,4,24.99,0,99.96,Delivered
O003909,C0822,2023-09-19,Toys,Art Kit,4,24.99,5,94.96,Delivered
O003910,C0822,2023-12-14,Food & Drink,Tea Collection,3,24.99,5,71.22,Delivered
O003911,C0823,2023-11-10,Clothing,T-Shirt,2,19.99,10,35.98,Delivered
O003912,C0823,2023-12-01,Sports,Resistance Band,5,14.99,20,59.96,Delivered
O003913,C0823,2023-11-24,Clothing,Jacket,4,89.99,0,359.96,Returned
O003914,C0823,2023-10-20,Beauty,Perfume,3,79.99,0,239.97,Delivered
O003915,C0824,2021-08-04,Beauty,Shampoo,3,14.99,15,38.22,Delivered
O003916,C0824,2023-05-28,Electronics,Mouse,5,39.99,15,169.96,Returned
O003917,C0824,2023-09-23,Home & Garden,Cushion,2,34.99,0,69.98,Delivered
O003918,C0824,2023-04-04,Beauty,Lip Balm,3,8.99,0,26.97,Delivered
O003919,C0824,2023-03-01,Home & Garden,Candle Set,2,24.99,0,49.98,Delivered
O003920,C0824,2022-11-30,Toys,Art Kit,4,24.99,5,94.96,Delivered
O003921,C0824,2023-05-18,Toys,Stuffed Animal,1,19.99,0,19.99,Delivered
O003922,C0824,2022-12-06,Sports,Water Bottle,4,19.99,0,79.96,Delivered
O003923,C0824,2023-10-28,Home & Garden,Candle Set,2,24.99,0,49.98,Delivered
O003924,C0824,2022-05-15,Toys,Stuffed Animal,1,19.99,20,15.99,Delivered
O003925,C0825,2022-07-19,Toys,Puzzle,5,19.99,20,79.96,Delivered
O003926,C0825,2023-03-19,Clothing,Dress,2,49.99,0,99.98,Delivered
O003927,C0825,2023-07-04,Food & Drink,Nuts Mix,5,12.99,15,55.21,Delivered
O003928,C0825,2022-06-10,Books,Novel,1,12.99,15,11.04,Delivered
O003929,C0825,2023-02-18,Food & Drink,Protein Bar,1,2.99,15,2.54,Delivered
O003930,C0826,2021-09-10,Toys,Board Game,5,34.99,15,148.71,Delivered
O003931,C0826,2023-01-19,Beauty,Perfume,2,79.99,20,127.98,Delivered
O003932,C0826,2021-07-22,Food & Drink,Protein Bar,3,2.99,0,8.97,Delivered
O003933,C0827,2022-08-17,Sports,Water Bottle,3,19.99,10,53.97,Delivered
O003934,C0827,2022-06-11,Home & Garden,Candle Set,5,24.99,10,112.45,Delivered
O003935,C0827,2023-01-26,Home & Garden,Cushion,3,34.99,20,83.98,Delivered
O003936,C0827,2023-06-11,Electronics,Webcam,4,79.99,0,319.96,Returned
O003937,C0827,2023-10-01,Clothing,Sneakers,4,79.99,5,303.96,Delivered
O003938,C0827,2022-12-01,Beauty,Face Cream,5,39.99,0,199.95,Delivered
O003939,C0827,2022-05-22,Toys,Board Game,5,34.99,10,157.46,Delivered
O003940,C0827,2023-02-01,Electronics,USB Hub,4,29.99,5,113.96,Delivered
O003941,C0828,2023-03-12,Beauty,Face Cream,2,39.99,15,67.98,Delivered
O003942,C0828,2022-11-06,Beauty,Face Cream,1,39.99,0,39.99,Delivered
O003943,C0828,2023-09-10,Home & Garden,Cushion,3,34.99,20,83.98,Returned
O003944,C0828,2022-12-11,Home & Garden,Cushion,3,34.99,0,104.97,Returned
O003945,C0828,2023-04-22,Books,Novel,5,12.99,10,58.46,Returned
O003946,C0829,2023-05-07,Food & Drink,Coffee Beans,3,19.99,10,53.97,Delivered
O003947,C0829,2023-04-10,Toys,Puzzle,5,19.99,15,84.96,Delivered
O003948,C0829,2023-04-26,Home & Garden,Cushion,3,34.99,0,104.97,Delivered
O003949,C0829,2023-08-28,Books,Python Cookbook,2,34.99,15,59.48,Delivered
O003950,C0829,2023-06-01,Home & Garden,Lamp,2,69.99,0,139.98,Delivered
O003951,C0829,2023-12-07,Sports,Water Bottle,1,19.99,0,19.99,Delivered
O003952,C0830,2023-04-29,Food & Drink,Nuts Mix,3,12.99,10,35.07,Delivered
O003953,C0830,2023-10-29,Books,Novel,3,12.99,5,37.02,Delivered
O003954,C0830,2023-05-16,Sports,Dumbbells,1,59.99,10,53.99,Delivered
O003955,C0830,2023-07-01,Home & Garden,Candle Set,1,24.99,0,24.99,Delivered
O003956,C0830,2023-08-15,Toys,Puzzle,4,19.99,0,79.96,Delivered
O003957,C0830,2023-12-11,Electronics,Mouse,3,39.99,0,119.97,Delivered
O003958,C0830,2023-10-22,Sports,Water Bottle,4,19.99,20,63.97,Delivered
O003959,C0830,2023-09-17,Sports,Skipping Rope,5,9.99,0,49.95,Delivered
O003960,C0830,2023-03-29,Clothing,T-Shirt,3,19.99,20,47.98,Delivered
O003961,C0830,2023-02-12,Food & Drink,Coffee Beans,4,19.99,0,79.96,Delivered
O003962,C0830,2023-08-17,Beauty,Shampoo,1,14.99,15,12.74,Delivered
O003963,C0830,2023-05-30,Books,Novel,2,12.99,10,23.38,Delivered
O003964,C0830,2023-11-04,Home & Garden,Plant Pot,4,14.99,20,47.97,Delivered
O003965,C0831,2021-11-15,Food & Drink,Nuts Mix,1,12.99,5,12.34,Delivered
O003966,C0831,2022-01-28,Sports,Skipping Rope,3,9.99,0,29.97,Delivered
O003967,C0831,2022-12-11,Beauty,Lip Balm,2,8.99,0,17.98,Delivered
O003968,C0831,2023-02-17,Sports,Water Bottle,1,19.99,0,19.99,Delivered
O003969,C0831,2022-11-20,Clothing,Sneakers,2,79.99,0,159.98,Delivered
O003970,C0831,2022-08-11,Books,Data Science Guide,3,44.99,10,121.47,Delivered
O003971,C0831,2023-09-30,Books,Travel Guide,1,16.99,15,14.44,Delivered
O003972,C0831,2022-04-04,Clothing,T-Shirt,5,19.99,20,79.96,Delivered
O003973,C0832,2023-11-30,Food & Drink,Tea Collection,3,24.99,5,71.22,Delivered
O003974,C0832,2023-12-23,Toys,Stuffed Animal,3,19.99,15,50.97,Delivered
O003975,C0832,2023-12-08,Beauty,Perfume,5,79.99,20,319.96,Delivered
O003976,C0832,2023-11-30,Sports,Yoga Mat,5,39.99,0,199.95,Delivered
O003977,C0832,2023-11-24,Toys,LEGO Set,5,49.99,5,237.45,Delivered
O003978,C0832,2023-12-20,Toys,Puzzle,4,19.99,0,79.96,Delivered
O003979,C0833,2023-05-09,Electronics,Laptop Stand,4,49.99,15,169.97,Delivered
O003980,C0833,2023-06-08,Books,Travel Guide,4,16.99,5,64.56,Delivered
O003981,C0834,2023-12-06,Beauty,Shampoo,1,14.99,5,14.24,Delivered
O003982,C0835,2023-09-15,Food & Drink,Nuts Mix,5,12.99,15,55.21,Delivered
O003983,C0835,2023-10-16,Clothing,Dress,1,49.99,20,39.99,Delivered
O003984,C0835,2022-02-15,Beauty,Perfume,2,79.99,15,135.98,Delivered
O003985,C0836,2022-09-21,Clothing,Jacket,4,89.99,5,341.96,Delivered
O003986,C0836,2023-02-13,Clothing,Sneakers,2,79.99,0,159.98,Delivered
O003987,C0837,2023-08-01,Electronics,Headphones,1,149.99,20,119.99,Delivered
O003988,C0838,2023-03-30,Beauty,Perfume,5,79.99,0,399.95,Returned
O003989,C0838,2023-12-25,Books,Data Science Guide,3,44.99,0,134.97,Delivered
O003990,C0838,2022-03-17,Toys,Puzzle,3,19.99,10,53.97,Returned
O003991,C0838,2022-09-29,Electronics,USB Hub,4,29.99,5,113.96,Delivered
O003992,C0838,2023-09-20,Clothing,Jacket,5,89.99,10,404.95,Delivered
O003993,C0838,2023-10-06,Food & Drink,Tea Collection,3,24.99,0,74.97,Delivered
O003994,C0838,2023-07-02,Home & Garden,Plant Pot,2,14.99,10,26.98,Delivered
O003995,C0838,2022-04-11,Sports,Resistance Band,4,14.99,20,47.97,Delivered
O003996,C0838,2023-03-18,Clothing,Sneakers,5,79.99,20,319.96,Delivered
O003997,C0839,2021-11-13,Books,Python Cookbook,3,34.99,0,104.97,Delivered
O003998,C0839,2023-06-05,Home & Garden,Candle Set,3,24.99,5,71.22,Delivered
O003999,C0839,2023-05-02,Toys,Board Game,1,34.99,5,33.24,Delivered
O004000,C0839,2021-09-18,Food & Drink,Protein Bar,4,2.99,0,11.96,Delivered
O004001,C0839,2023-07-19,Sports,Yoga Mat,2,39.99,0,79.98,Delivered
O004002,C0839,2022-11-04,Books,Data Science Guide,5,44.99,0,224.95,Delivered
O004003,C0839,2022-04-16,Clothing,Dress,2,49.99,5,94.98,Delivered
O004004,C0839,2021-10-06,Beauty,Shampoo,3,14.99,15,38.22,Delivered
O004005,C0839,2023-12-28,Home & Garden,Candle Set,3,24.99,0,74.97,Delivered
O004006,C0840,2022-04-04,Beauty,Serum,4,54.99,15,186.97,Delivered
O004007,C0841,2023-10-20,Food & Drink,Coffee Beans,1,19.99,0,19.99,Delivered
O004008,C0841,2023-03-06,Toys,Board Game,5,34.99,0,174.95,Delivered
O004009,C0841,2023-09-02,Clothing,T-Shirt,1,19.99,15,16.99,Returned
O004010,C0841,2023-11-15,Beauty,Serum,3,54.99,5,156.72,Delivered
O004011,C0841,2023-03-10,Toys,Board Game,3,34.99,15,89.22,Delivered
O004012,C0841,2023-02-25,Electronics,Mouse,4,39.99,10,143.96,Delivered
O004013,C0841,2023-11-27,Beauty,Shampoo,3,14.99,0,44.97,Delivered
O004014,C0841,2022-10-21,Books,Cookbook,4,24.99,0,99.96,Delivered
O004015,C0841,2023-04-25,Home & Garden,Lamp,3,69.99,5,199.47,Delivered
O004016,C0842,2022-03-02,Clothing,Jeans,5,59.99,0,299.95,Delivered
O004017,C0842,2022-05-22,Home & Garden,Candle Set,3,24.99,10,67.47,Delivered
O004018,C0842,2022-11-16,Toys,Board Game,5,34.99,0,174.95,Delivered
O004019,C0842,2021-12-18,Sports,Resistance Band,1,14.99,15,12.74,Delivered
O004020,C0842,2021-12-30,Electronics,Webcam,2,79.99,0,159.98,Delivered
O004021,C0842,2021-07-05,Home & Garden,Plant Pot,1,14.99,0,14.99,Delivered
O004022,C0842,2023-10-18,Beauty,Shampoo,4,14.99,0,59.96,Delivered
O004023,C0843,2021-10-05,Electronics,Mouse,5,39.99,5,189.95,Delivered
O004024,C0843,2022-05-22,Clothing,Dress,5,49.99,0,249.95,Delivered
O004025,C0843,2023-10-19,Clothing,Jacket,4,89.99,0,359.96,Delivered
O004026,C0844,2023-08-23,Toys,Board Game,1,34.99,0,34.99,Delivered
O004027,C0844,2023-08-25,Clothing,Sneakers,3,79.99,0,239.97,Delivered
O004028,C0844,2023-02-16,Sports,Yoga Mat,1,39.99,0,39.99,Delivered
O004029,C0844,2023-03-17,Electronics,Laptop Stand,5,49.99,10,224.96,Delivered
O004030,C0844,2023-11-08,Food & Drink,Olive Oil,3,16.99,5,48.42,Delivered
O004031,C0844,2023-10-28,Home & Garden,Rug,1,129.99,10,116.99,Delivered
O004032,C0844,2023-02-14,Clothing,Dress,5,49.99,0,249.95,Delivered
O004033,C0844,2023-10-14,Toys,Puzzle,5,19.99,15,84.96,Delivered
O004034,C0845,2023-09-05,Sports,Resistance Band,5,14.99,10,67.45,Delivered
O004035,C0846,2023-03-11,Clothing,T-Shirt,5,19.99,0,99.95,Delivered
O004036,C0847,2023-10-26,Sports,Skipping Rope,2,9.99,0,19.98,Delivered
O004037,C0848,2022-07-04,Clothing,Sneakers,5,79.99,0,399.95,Delivered
O004038,C0848,2023-03-12,Food & Drink,Tea Collection,2,24.99,15,42.48,Delivered
O004039,C0848,2023-10-04,Home & Garden,Cushion,2,34.99,0,69.98,Delivered
O004040,C0848,2023-05-17,Electronics,Mouse,4,39.99,20,127.97,Delivered
O004041,C0848,2022-07-19,Toys,Stuffed Animal,4,19.99,20,63.97,Returned
O004042,C0848,2022-06-13,Books,Cookbook,4,24.99,15,84.97,Delivered
O004043,C0849,2022-04-13,Clothing,T-Shirt,2,19.99,10,35.98,Delivered
O004044,C0849,2021-10-08,Food & Drink,Coffee Beans,2,19.99,10,35.98,Delivered
O004045,C0849,2021-11-22,Toys,Board Game,4,34.99,0,139.96,Delivered
O004046,C0849,2023-11-06,Home & Garden,Plant Pot,5,14.99,5,71.2,Delivered
O004047,C0849,2023-11-02,Books,Novel,3,12.99,20,31.18,Returned
O004048,C0849,2021-07-06,Food & Drink,Protein Bar,3,2.99,20,7.18,Delivered
O004049,C0849,2023-11-02,Books,Novel,1,12.99,0,12.99,Returned
O004050,C0849,2022-04-13,Home & Garden,Candle Set,1,24.99,0,24.99,Delivered
O004051,C0849,2023-12-11,Sports,Yoga Mat,4,39.99,0,159.96,Delivered
O004052,C0849,2023-05-16,Sports,Dumbbells,2,59.99,0,119.98,Delivered
O004053,C0849,2021-09-22,Toys,Stuffed Animal,2,19.99,0,39.98,Delivered
O004054,C0849,2021-11-20,Toys,Art Kit,2,24.99,5,47.48,Delivered
O004055,C0849,2023-12-09,Home & Garden,Rug,4,129.99,0,519.96,Delivered
O004056,C0850,2023-11-19,Books,Data Science Guide,4,44.99,15,152.97,Delivered
O004057,C0850,2023-11-23,Toys,Puzzle,3,19.99,5,56.97,Delivered
O004058,C0850,2023-12-11,Sports,Resistance Band,5,14.99,10,67.45,Delivered
O004059,C0850,2023-07-14,Food & Drink,Olive Oil,3,16.99,20,40.78,Delivered
O004060,C0850,2023-07-04,Books,Cookbook,3,24.99,0,74.97,Delivered
O004061,C0850,2023-05-31,Food & Drink,Olive Oil,2,16.99,20,27.18,Delivered
O004062,C0850,2023-07-16,Food & Drink,Nuts Mix,5,12.99,5,61.7,Returned
O004063,C0850,2023-04-24,Toys,Puzzle,2,19.99,20,31.98,Delivered
O004064,C0850,2023-12-22,Electronics,Laptop Stand,3,49.99,0,149.97,Delivered
O004065,C0851,2023-06-09,Books,Travel Guide,4,16.99,10,61.16,Delivered
O004066,C0851,2023-09-17,Clothing,Dress,4,49.99,15,169.97,Delivered
O004067,C0851,2023-12-27,Electronics,Mouse,5,39.99,15,169.96,Delivered
O004068,C0852,2022-09-08,Home & Garden,Candle Set,3,24.99,5,71.22,Delivered
O004069,C0853,2021-12-06,Electronics,Laptop Stand,2,49.99,10,89.98,Delivered
O004070,C0853,2023-10-01,Food & Drink,Olive Oil,5,16.99,5,80.7,Delivered
O004071,C0854,2023-10-23,Books,Data Science Guide,3,44.99,0,134.97,Delivered
O004072,C0855,2022-10-18,Clothing,T-Shirt,4,19.99,10,71.96,Delivered
O004073,C0855,2023-10-19,Clothing,Jeans,5,59.99,0,299.95,Delivered
O004074,C0855,2022-08-04,Sports,Yoga Mat,3,39.99,0,119.97,Delivered
O004075,C0855,2023-06-11,Sports,Skipping Rope,5,9.99,10,44.96,Delivered
O004076,C0855,2022-11-13,Electronics,Webcam,1,79.99,0,79.99,Delivered
O004077,C0855,2022-06-07,Sports,Resistance Band,5,14.99,15,63.71,Delivered
O004078,C0855,2023-04-09,Clothing,Jacket,4,89.99,15,305.97,Delivered
O004079,C0855,2023-02-22,Electronics,Mouse,4,39.99,0,159.96,Returned
O004080,C0855,2023-06-29,Electronics,Webcam,4,79.99,0,319.96,Delivered
O004081,C0855,2023-03-17,Clothing,Sneakers,5,79.99,20,319.96,Delivered
O004082,C0856,2023-11-30,Sports,Water Bottle,5,19.99,20,79.96,Delivered
O004083,C0856,2023-12-13,Food & Drink,Coffee Beans,5,19.99,20,79.96,Delivered
O004084,C0856,2023-10-23,Food & Drink,Nuts Mix,1,12.99,10,11.69,Delivered
O004085,C0856,2023-06-13,Clothing,Jeans,4,59.99,20,191.97,Delivered
O004086,C0856,2023-12-05,Beauty,Lip Balm,4,8.99,0,35.96,Delivered
O004087,C0857,2023-07-27,Beauty,Lip Balm,1,8.99,0,8.99,Delivered
O004088,C0858,2023-04-16,Sports,Skipping Rope,2,9.99,10,17.98,Delivered
O004089,C0858,2023-07-21,Home & Garden,Candle Set,4,24.99,0,99.96,Delivered
O004090,C0858,2023-09-10,Food & Drink,Protein Bar,4,2.99,10,10.76,Delivered
O004091,C0858,2023-07-14,Toys,Stuffed Animal,1,19.99,20,15.99,Delivered
O004092,C0858,2023-12-28,Home & Garden,Cushion,1,34.99,0,34.99,Delivered
O004093,C0858,2023-03-28,Electronics,USB Hub,1,29.99,20,23.99,Delivered
O004094,C0858,2023-04-13,Home & Garden,Rug,3,129.99,5,370.47,Delivered
O004095,C0858,2023-10-19,Food & Drink,Nuts Mix,5,12.99,0,64.95,Returned
O004096,C0858,2023-03-06,Beauty,Face Cream,3,39.99,0,119.97,Delivered
O004097,C0858,2023-10-07,Electronics,Headphones,2,149.99,20,239.98,Delivered
O004098,C0858,2023-03-07,Sports,Skipping Rope,5,9.99,0,49.95,Returned
O004099,C0858,2023-04-19,Beauty,Shampoo,2,14.99,0,29.98,Delivered
O004100,C0859,2023-09-28,Books,Data Science Guide,3,44.99,10,121.47,Delivered
O004101,C0860,2023-08-11,Beauty,Lip Balm,2,8.99,0,17.98,Delivered
O004102,C0860,2022-11-18,Sports,Yoga Mat,5,39.99,5,189.95,Delivered
O004103,C0861,2022-12-20,Clothing,Jacket,4,89.99,0,359.96,Delivered
O004104,C0861,2023-09-30,Electronics,Webcam,4,79.99,0,319.96,Delivered
O004105,C0861,2023-02-12,Clothing,Jeans,2,59.99,20,95.98,Delivered
O004106,C0861,2023-07-04,Clothing,Sneakers,4,79.99,5,303.96,Delivered
O004107,C0861,2023-01-23,Electronics,Mouse,1,39.99,0,39.99,Delivered
O004108,C0862,2023-02-25,Beauty,Perfume,3,79.99,10,215.97,Delivered
O004109,C0862,2022-11-26,Beauty,Perfume,4,79.99,5,303.96,Delivered
O004110,C0862,2023-03-26,Clothing,Jeans,5,59.99,0,299.95,Delivered
O004111,C0862,2023-07-27,Sports,Yoga Mat,1,39.99,5,37.99,Delivered
O004112,C0862,2023-08-26,Sports,Water Bottle,3,19.99,0,59.97,Delivered
O004113,C0862,2023-01-05,Home & Garden,Rug,2,129.99,0,259.98,Delivered
O004114,C0862,2023-10-12,Home & Garden,Candle Set,5,24.99,10,112.45,Delivered
O004115,C0862,2023-08-14,Food & Drink,Olive Oil,5,16.99,15,72.21,Delivered
O004116,C0862,2022-11-30,Food & Drink,Olive Oil,4,16.99,10,61.16,Delivered
O004117,C0862,2023-08-23,Books,Data Science Guide,1,44.99,0,44.99,Delivered
O004118,C0862,2022-11-06,Books,Cookbook,2,24.99,0,49.98,Delivered
O004119,C0862,2023-06-11,Clothing,Jeans,4,59.99,15,203.97,Delivered
O004120,C0862,2023-09-20,Beauty,Lip Balm,3,8.99,5,25.62,Delivered
O004121,C0862,2023-10-20,Electronics,Headphones,3,149.99,10,404.97,Delivered
O004122,C0862,2022-08-19,Electronics,Headphones,4,149.99,0,599.96,Delivered
O004123,C0863,2023-12-07,Electronics,Headphones,5,149.99,5,712.45,Delivered
O004124,C0864,2023-09-28,Home & Garden,Candle Set,5,24.99,20,99.96,Delivered
O004125,C0865,2023-12-25,Food & Drink,Tea Collection,5,24.99,20,99.96,Delivered
O004126,C0865,2023-03-29,Food & Drink,Olive Oil,3,16.99,5,48.42,Delivered
O004127,C0865,2023-10-04,Home & Garden,Rug,1,129.99,0,129.99,Delivered
O004128,C0865,2023-08-07,Toys,LEGO Set,2,49.99,5,94.98,Delivered
O004129,C0865,2022-04-14,Food & Drink,Tea Collection,2,24.99,0,49.98,Delivered
O004130,C0865,2022-07-24,Books,Cookbook,2,24.99,0,49.98,Delivered
O004131,C0865,2023-09-27,Electronics,Laptop Stand,3,49.99,0,149.97,Delivered
O004132,C0866,2023-04-30,Food & Drink,Olive Oil,2,16.99,15,28.88,Delivered
O004133,C0866,2023-11-11,Electronics,Laptop Stand,4,49.99,5,189.96,Delivered
O004134,C0866,2023-02-07,Sports,Water Bottle,2,19.99,0,39.98,Delivered
O004135,C0866,2023-08-10,Toys,Stuffed Animal,5,19.99,15,84.96,Delivered
O004136,C0867,2023-08-03,Books,Cookbook,4,24.99,0,99.96,Delivered
O004137,C0867,2023-11-27,Books,Novel,2,12.99,15,22.08,Delivered
O004138,C0867,2023-02-04,Toys,Puzzle,5,19.99,10,89.95,Delivered
O004139,C0868,2023-01-14,Books,Cookbook,5,24.99,0,124.95,Delivered
O004140,C0869,2023-04-20,Food & Drink,Olive Oil,3,16.99,10,45.87,Delivered
O004141,C0869,2023-01-23,Toys,Puzzle,1,19.99,5,18.99,Delivered
O004142,C0870,2023-03-02,Toys,Board Game,2,34.99,0,69.98,Delivered
O004143,C0870,2023-09-03,Home & Garden,Rug,1,129.99,10,116.99,Delivered
O004144,C0870,2023-07-31,Home & Garden,Rug,2,129.99,15,220.98,Delivered
O004145,C0870,2023-05-23,Clothing,Jacket,2,89.99,0,179.98,Delivered
O004146,C0871,2023-08-20,Food & Drink,Nuts Mix,3,12.99,20,31.18,Delivered
O004147,C0871,2023-04-01,Food & Drink,Protein Bar,4,2.99,5,11.36,Delivered
O004148,C0871,2023-08-24,Electronics,Webcam,3,79.99,20,191.98,Delivered
O004149,C0872,2022-05-10,Clothing,Jacket,4,89.99,0,359.96,Delivered
O004150,C0872,2022-12-23,Beauty,Serum,4,54.99,5,208.96,Delivered
O004151,C0872,2023-03-01,Electronics,Webcam,1,79.99,5,75.99,Delivered
O004152,C0872,2023-06-18,Clothing,T-Shirt,3,19.99,5,56.97,Delivered
O004153,C0872,2022-02-26,Sports,Water Bottle,1,19.99,5,18.99,Delivered
O004154,C0872,2023-07-22,Toys,Stuffed Animal,4,19.99,0,79.96,Delivered
O004155,C0872,2022-08-12,Beauty,Serum,3,54.99,10,148.47,Delivered
O004156,C0872,2023-10-29,Clothing,Sneakers,3,79.99,0,239.97,Delivered
O004157,C0872,2022-12-05,Clothing,T-Shirt,5,19.99,20,79.96,Delivered
O004158,C0873,2022-01-19,Electronics,Webcam,4,79.99,0,319.96,Delivered
O004159,C0874,2022-10-19,Clothing,Dress,5,49.99,5,237.45,Delivered
O004160,C0874,2023-06-01,Beauty,Face Cream,2,39.99,10,71.98,Delivered
O004161,C0874,2023-08-22,Food & Drink,Protein Bar,5,2.99,0,14.95,Delivered
O004162,C0874,2022-05-30,Beauty,Serum,3,54.99,0,164.97,Delivered
O004163,C0874,2023-05-06,Food & Drink,Tea Collection,2,24.99,0,49.98,Delivered
O004164,C0874,2022-06-30,Beauty,Serum,1,54.99,15,46.74,Delivered
O004165,C0874,2023-03-01,Clothing,T-Shirt,2,19.99,10,35.98,Delivered
O004166,C0875,2023-06-06,Sports,Water Bottle,3,19.99,10,53.97,Delivered
O004167,C0876,2023-04-25,Home & Garden,Lamp,3,69.99,0,209.97,Delivered
O004168,C0876,2022-08-30,Food & Drink,Olive Oil,4,16.99,0,67.96,Delivered
O004169,C0876,2021-12-05,Beauty,Lip Balm,3,8.99,15,22.92,Delivered
O004170,C0876,2021-06-28,Toys,Art Kit,1,24.99,0,24.99,Delivered
O004171,C0876,2022-07-04,Sports,Dumbbells,1,59.99,5,56.99,Delivered
O004172,C0877,2023-01-30,Clothing,T-Shirt,3,19.99,0,59.97,Delivered
O004173,C0877,2023-02-22,Toys,Stuffed Animal,5,19.99,0,99.95,Delivered
O004174,C0877,2023-01-10,Electronics,Webcam,4,79.99,20,255.97,Delivered
O004175,C0877,2023-05-03,Books,Data Science Guide,3,44.99,5,128.22,Delivered
O004176,C0877,2023-01-14,Beauty,Serum,3,54.99,20,131.98,Delivered
O004177,C0878,2022-05-23,Clothing,Sneakers,4,79.99,15,271.97,Delivered
O004178,C0879,2023-09-01,Beauty,Shampoo,2,14.99,0,29.98,Delivered
O004179,C0879,2021-07-09,Beauty,Serum,3,54.99,0,164.97,Delivered
O004180,C0879,2022-11-27,Food & Drink,Protein Bar,2,2.99,0,5.98,Delivered
O004181,C0879,2023-06-28,Home & Garden,Lamp,4,69.99,5,265.96,Delivered
O004182,C0879,2021-06-29,Food & Drink,Olive Oil,4,16.99,0,67.96,Delivered
O004183,C0880,2021-10-11,Electronics,USB Hub,3,29.99,15,76.47,Delivered
O004184,C0880,2022-10-07,Beauty,Serum,1,54.99,10,49.49,Delivered
O004185,C0880,2023-04-05,Sports,Skipping Rope,4,9.99,20,31.97,Delivered
O004186,C0880,2023-01-16,Clothing,Jeans,1,59.99,15,50.99,Delivered
O004187,C0880,2023-07-16,Sports,Dumbbells,1,59.99,10,53.99,Delivered
O004188,C0880,2023-09-15,Home & Garden,Plant Pot,2,14.99,5,28.48,Delivered
O004189,C0880,2022-02-24,Beauty,Shampoo,1,14.99,5,14.24,Delivered
O004190,C0880,2023-03-16,Sports,Dumbbells,3,59.99,20,143.98,Delivered
O004191,C0880,2022-07-24,Toys,Art Kit,4,24.99,10,89.96,Delivered
O004192,C0880,2021-08-21,Books,Python Cookbook,4,34.99,15,118.97,Delivered
O004193,C0880,2023-09-13,Home & Garden,Candle Set,5,24.99,15,106.21,Returned
O004194,C0880,2021-10-07,Toys,Puzzle,5,19.99,15,84.96,Delivered
O004195,C0881,2022-10-11,Toys,Board Game,4,34.99,15,118.97,Delivered
O004196,C0881,2023-02-11,Toys,LEGO Set,5,49.99,15,212.46,Delivered
O004197,C0881,2023-11-18,Electronics,Mouse,5,39.99,0,199.95,Delivered
O004198,C0881,2023-09-04,Home & Garden,Cushion,5,34.99,10,157.46,Delivered
O004199,C0881,2023-05-14,Electronics,Laptop Stand,4,49.99,0,199.96,Delivered
O004200,C0882,2023-02-16,Food & Drink,Olive Oil,1,16.99,5,16.14,Delivered
O004201,C0883,2023-01-11,Home & Garden,Lamp,5,69.99,20,279.96,Delivered
O004202,C0883,2023-08-06,Food & Drink,Nuts Mix,1,12.99,15,11.04,Delivered
O004203,C0883,2023-09-19,Books,Travel Guide,1,16.99,20,13.59,Delivered
O004204,C0883,2023-09-10,Electronics,Laptop Stand,4,49.99,20,159.97,Delivered
O004205,C0883,2023-06-21,Home & Garden,Lamp,1,69.99,0,69.99,Delivered
O004206,C0883,2023-07-31,Sports,Yoga Mat,2,39.99,20,63.98,Delivered
O004207,C0883,2023-07-04,Food & Drink,Nuts Mix,2,12.99,10,23.38,Delivered
O004208,C0883,2023-11-25,Home & Garden,Plant Pot,4,14.99,5,56.96,Delivered
O004209,C0883,2023-05-21,Beauty,Lip Balm,4,8.99,20,28.77,Delivered
O004210,C0883,2023-02-20,Books,Data Science Guide,5,44.99,0,224.95,Delivered
O004211,C0883,2023-09-07,Sports,Water Bottle,1,19.99,15,16.99,Delivered
O004212,C0884,2023-07-08,Home & Garden,Rug,3,129.99,20,311.98,Delivered
O004213,C0885,2022-01-29,Clothing,Jeans,2,59.99,0,119.98,Delivered
O004214,C0886,2022-07-23,Sports,Dumbbells,4,59.99,0,239.96,Delivered
O004215,C0886,2023-07-31,Books,Novel,2,12.99,0,25.98,Delivered
O004216,C0886,2023-04-07,Food & Drink,Coffee Beans,3,19.99,0,59.97,Delivered
O004217,C0887,2022-11-14,Sports,Resistance Band,3,14.99,0,44.97,Delivered
O004218,C0887,2023-06-24,Beauty,Serum,5,54.99,5,261.2,Delivered
O004219,C0887,2022-09-14,Beauty,Lip Balm,5,8.99,0,44.95,Delivered
O004220,C0887,2022-07-09,Sports,Resistance Band,5,14.99,15,63.71,Returned
O004221,C0887,2023-05-14,Books,Python Cookbook,2,34.99,10,62.98,Delivered
O004222,C0888,2023-09-07,Books,Data Science Guide,1,44.99,5,42.74,Delivered
O004223,C0889,2022-09-24,Toys,Puzzle,1,19.99,0,19.99,Delivered
O004224,C0889,2023-02-06,Sports,Skipping Rope,5,9.99,0,49.95,Delivered
O004225,C0889,2022-12-16,Electronics,USB Hub,3,29.99,20,71.98,Delivered
O004226,C0889,2023-01-27,Electronics,Mouse,1,39.99,20,31.99,Delivered
O004227,C0889,2022-05-28,Sports,Skipping Rope,2,9.99,10,17.98,Delivered
O004228,C0890,2023-03-16,Toys,Art Kit,2,24.99,0,49.98,Delivered
O004229,C0891,2023-10-19,Toys,Art Kit,2,24.99,15,42.48,Delivered
O004230,C0891,2023-12-12,Home & Garden,Cushion,5,34.99,5,166.2,Delivered
O004231,C0891,2022-12-24,Food & Drink,Tea Collection,4,24.99,0,99.96,Delivered
O004232,C0891,2023-03-21,Clothing,Jacket,4,89.99,5,341.96,Delivered
O004233,C0892,2022-10-08,Clothing,T-Shirt,3,19.99,20,47.98,Delivered
O004234,C0892,2021-09-25,Toys,Art Kit,1,24.99,0,24.99,Delivered
O004235,C0892,2021-08-24,Beauty,Face Cream,5,39.99,10,179.96,Delivered
O004236,C0892,2022-05-11,Food & Drink,Coffee Beans,3,19.99,10,53.97,Delivered
O004237,C0892,2021-08-02,Beauty,Serum,4,54.99,15,186.97,Delivered
O004238,C0892,2023-11-22,Books,Python Cookbook,1,34.99,0,34.99,Delivered
O004239,C0892,2021-11-03,Clothing,Sneakers,1,79.99,0,79.99,Delivered
O004240,C0892,2022-02-10,Clothing,Jeans,2,59.99,0,119.98,Delivered
O004241,C0893,2022-06-17,Food & Drink,Olive Oil,2,16.99,0,33.98,Delivered
O004242,C0893,2022-12-02,Toys,LEGO Set,1,49.99,10,44.99,Delivered
O004243,C0893,2022-12-09,Toys,Stuffed Animal,1,19.99,5,18.99,Delivered
O004244,C0893,2023-01-12,Food & Drink,Coffee Beans,1,19.99,0,19.99,Delivered
O004245,C0893,2023-06-17,Toys,Board Game,3,34.99,0,104.97,Delivered
O004246,C0893,2022-11-18,Books,Data Science Guide,2,44.99,0,89.98,Delivered
O004247,C0893,2023-01-20,Food & Drink,Olive Oil,5,16.99,5,80.7,Delivered
O004248,C0894,2023-01-29,Clothing,T-Shirt,1,19.99,15,16.99,Returned
O004249,C0894,2023-09-24,Food & Drink,Protein Bar,2,2.99,15,5.08,Delivered
O004250,C0894,2023-06-18,Home & Garden,Rug,3,129.99,20,311.98,Delivered
O004251,C0894,2023-01-15,Electronics,USB Hub,3,29.99,15,76.47,Delivered
O004252,C0895,2021-09-30,Books,Novel,4,12.99,0,51.96,Delivered
O004253,C0895,2023-10-17,Home & Garden,Lamp,5,69.99,20,279.96,Delivered
O004254,C0895,2021-09-18,Home & Garden,Plant Pot,3,14.99,0,44.97,Returned
O004255,C0895,2022-03-11,Toys,Art Kit,5,24.99,0,124.95,Delivered
O004256,C0895,2021-07-11,Sports,Water Bottle,2,19.99,15,33.98,Delivered
O004257,C0895,2022-05-28,Food & Drink,Nuts Mix,1,12.99,15,11.04,Delivered
O004258,C0895,2023-06-01,Toys,Stuffed Animal,1,19.99,15,16.99,Delivered
O004259,C0895,2022-08-11,Toys,Board Game,2,34.99,20,55.98,Delivered
O004260,C0895,2022-04-19,Beauty,Shampoo,4,14.99,0,59.96,Delivered
O004261,C0895,2021-11-27,Clothing,Sneakers,5,79.99,5,379.95,Delivered
O004262,C0895,2023-04-14,Clothing,Dress,2,49.99,20,79.98,Delivered
O004263,C0895,2023-01-12,Electronics,Laptop Stand,4,49.99,0,199.96,Returned
O004264,C0896,2022-09-11,Toys,Board Game,1,34.99,20,27.99,Delivered
O004265,C0897,2023-08-09,Beauty,Perfume,1,79.99,0,79.99,Delivered
O004266,C0897,2023-10-25,Clothing,Sneakers,4,79.99,10,287.96,Delivered
O004267,C0897,2023-12-07,Home & Garden,Candle Set,1,24.99,0,24.99,Delivered
O004268,C0897,2023-09-30,Home & Garden,Plant Pot,4,14.99,15,50.97,Delivered
O004269,C0897,2023-10-13,Sports,Resistance Band,4,14.99,10,53.96,Delivered
O004270,C0897,2023-05-12,Electronics,Webcam,3,79.99,10,215.97,Delivered
O004271,C0898,2023-09-08,Toys,Board Game,3,34.99,15,89.22,Delivered
O004272,C0898,2023-11-10,Beauty,Serum,1,54.99,0,54.99,Delivered
O004273,C0898,2023-10-09,Clothing,T-Shirt,4,19.99,15,67.97,Delivered
O004274,C0898,2023-09-02,Beauty,Serum,3,54.99,0,164.97,Delivered
O004275,C0898,2023-02-18,Sports,Yoga Mat,3,39.99,0,119.97,Delivered
O004276,C0898,2023-03-22,Clothing,Jeans,5,59.99,0,299.95,Delivered
O004277,C0898,2023-11-28,Home & Garden,Cushion,4,34.99,10,125.96,Delivered
O004278,C0898,2023-02-04,Beauty,Shampoo,4,14.99,20,47.97,Delivered
O004279,C0898,2023-08-21,Electronics,Webcam,4,79.99,15,271.97,Delivered
O004280,C0898,2023-12-20,Books,Novel,3,12.99,0,38.97,Delivered
O004281,C0899,2021-10-16,Toys,Art Kit,3,24.99,0,74.97,Delivered
O004282,C0900,2021-12-25,Books,Cookbook,4,24.99,10,89.96,Delivered
O004283,C0901,2023-08-02,Clothing,T-Shirt,5,19.99,10,89.95,Delivered
O004284,C0901,2023-09-19,Toys,Art Kit,2,24.99,0,49.98,Delivered
O004285,C0901,2023-06-21,Toys,Art Kit,2,24.99,10,44.98,Delivered
O004286,C0901,2023-12-22,Books,Novel,5,12.99,5,61.7,Delivered
O004287,C0901,2022-09-24,Toys,LEGO Set,4,49.99,10,179.96,Delivered
O004288,C0901,2023-01-03,Food & Drink,Olive Oil,3,16.99,0,50.97,Delivered
O004289,C0901,2023-06-18,Food & Drink,Nuts Mix,5,12.99,0,64.95,Delivered
O004290,C0902,2023-01-31,Sports,Resistance Band,5,14.99,0,74.95,Delivered
O004291,C0902,2023-07-19,Clothing,Jacket,3,89.99,0,269.97,Delivered
O004292,C0902,2023-10-26,Electronics,USB Hub,5,29.99,10,134.95,Returned
O004293,C0902,2022-09-30,Toys,Board Game,1,34.99,0,34.99,Delivered
O004294,C0902,2023-07-25,Electronics,Webcam,1,79.99,5,75.99,Delivered
O004295,C0902,2022-04-28,Home & Garden,Lamp,4,69.99,0,279.96,Delivered
O004296,C0903,2023-03-28,Books,Novel,5,12.99,15,55.21,Delivered
O004297,C0903,2023-06-16,Books,Cookbook,1,24.99,0,24.99,Delivered
O004298,C0903,2023-07-22,Toys,LEGO Set,3,49.99,15,127.47,Delivered
O004299,C0903,2023-03-05,Electronics,Webcam,2,79.99,20,127.98,Delivered
O004300,C0903,2023-06-23,Clothing,T-Shirt,1,19.99,5,18.99,Delivered
O004301,C0903,2023-04-13,Beauty,Shampoo,4,14.99,15,50.97,Delivered
O004302,C0903,2023-11-15,Sports,Dumbbells,3,59.99,20,143.98,Delivered
O004303,C0904,2023-06-08,Books,Novel,3,12.99,0,38.97,Delivered
O004304,C0904,2023-09-16,Home & Garden,Cushion,2,34.99,15,59.48,Delivered
O004305,C0904,2023-05-14,Food & Drink,Olive Oil,2,16.99,10,30.58,Delivered
O004306,C0904,2023-07-29,Toys,LEGO Set,4,49.99,20,159.97,Delivered
O004307,C0904,2023-09-13,Toys,Board Game,4,34.99,15,118.97,Delivered
O004308,C0905,2023-05-10,Sports,Resistance Band,1,14.99,0,14.99,Delivered
O004309,C0906,2023-10-09,Electronics,Webcam,3,79.99,15,203.97,Delivered
O004310,C0906,2023-06-12,Toys,Puzzle,2,19.99,5,37.98,Delivered
O004311,C0906,2022-08-03,Home & Garden,Rug,1,129.99,0,129.99,Delivered
O004312,C0907,2023-12-08,Beauty,Perfume,4,79.99,20,255.97,Delivered
O004313,C0907,2023-08-19,Beauty,Perfume,1,79.99,20,63.99,Delivered
O004314,C0907,2023-06-16,Clothing,Jacket,5,89.99,0,449.95,Delivered
O004315,C0907,2023-08-28,Home & Garden,Plant Pot,4,14.99,15,50.97,Delivered
O004316,C0908,2023-05-22,Sports,Water Bottle,2,19.99,5,37.98,Delivered
O004317,C0908,2023-05-15,Electronics,USB Hub,5,29.99,0,149.95,Delivered
O004318,C0908,2023-04-10,Clothing,T-Shirt,1,19.99,0,19.99,Delivered
O004319,C0908,2023-09-10,Books,Data Science Guide,1,44.99,10,40.49,Delivered
O004320,C0908,2023-07-04,Clothing,Jacket,1,89.99,0,89.99,Delivered
O004321,C0908,2023-11-25,Beauty,Serum,1,54.99,10,49.49,Delivered
O004322,C0909,2023-02-27,Electronics,Headphones,2,149.99,5,284.98,Delivered
O004323,C0909,2023-03-25,Clothing,Jacket,5,89.99,20,359.96,Delivered
O004324,C0909,2023-10-06,Sports,Water Bottle,5,19.99,20,79.96,Delivered
O004325,C0909,2023-03-05,Sports,Water Bottle,1,19.99,20,15.99,Delivered
O004326,C0909,2023-09-02,Electronics,Laptop Stand,3,49.99,0,149.97,Delivered
O004327,C0909,2023-04-10,Electronics,Webcam,3,79.99,0,239.97,Delivered
O004328,C0909,2023-03-26,Electronics,Webcam,3,79.99,0,239.97,Delivered
O004329,C0909,2023-08-23,Electronics,Webcam,2,79.99,0,159.98,Delivered
O004330,C0909,2023-04-22,Beauty,Face Cream,4,39.99,10,143.96,Delivered
O004331,C0909,2023-04-04,Home & Garden,Rug,4,129.99,15,441.97,Delivered
O004332,C0909,2023-02-05,Electronics,Headphones,3,149.99,10,404.97,Delivered
O004333,C0909,2023-12-10,Food & Drink,Coffee Beans,2,19.99,0,39.98,Delivered
O004334,C0909,2023-11-13,Electronics,Headphones,1,149.99,0,149.99,Delivered
O004335,C0910,2023-07-17,Beauty,Serum,5,54.99,0,274.95,Delivered
O004336,C0910,2023-08-24,Food & Drink,Protein Bar,2,2.99,5,5.68,Delivered
O004337,C0910,2023-11-17,Electronics,Webcam,3,79.99,0,239.97,Delivered
O004338,C0910,2023-04-18,Electronics,Laptop Stand,1,49.99,0,49.99,Delivered
O004339,C0910,2023-08-19,Food & Drink,Coffee Beans,1,19.99,0,19.99,Delivered
O004340,C0910,2023-05-13,Sports,Water Bottle,3,19.99,0,59.97,Delivered
O004341,C0910,2023-05-14,Food & Drink,Nuts Mix,1,12.99,0,12.99,Delivered
O004342,C0910,2023-03-28,Food & Drink,Coffee Beans,2,19.99,0,39.98,Delivered
O004343,C0911,2023-10-21,Electronics,Headphones,5,149.99,10,674.96,Delivered
O004344,C0911,2023-01-16,Beauty,Perfume,1,79.99,0,79.99,Delivered
O004345,C0912,2022-06-24,Home & Garden,Rug,2,129.99,15,220.98,Delivered
O004346,C0912,2023-06-17,Books,Travel Guide,2,16.99,10,30.58,Delivered
O004347,C0913,2022-01-25,Beauty,Serum,3,54.99,5,156.72,Delivered
O004348,C0914,2023-03-28,Electronics,Laptop Stand,2,49.99,0,99.98,Delivered
O004349,C0915,2023-10-23,Home & Garden,Cushion,1,34.99,10,31.49,Delivered
O004350,C0915,2023-10-11,Books,Cookbook,4,24.99,0,99.96,Delivered
O004351,C0915,2023-10-27,Food & Drink,Coffee Beans,5,19.99,10,89.95,Delivered
O004352,C0915,2023-11-17,Clothing,Sneakers,4,79.99,15,271.97,Delivered
O004353,C0915,2023-12-16,Food & Drink,Coffee Beans,3,19.99,0,59.97,Delivered
O004354,C0916,2023-11-27,Toys,Art Kit,3,24.99,20,59.98,Returned
O004355,C0916,2023-12-06,Beauty,Shampoo,5,14.99,15,63.71,Delivered
O004356,C0916,2023-03-19,Food & Drink,Olive Oil,5,16.99,5,80.7,Delivered
O004357,C0916,2023-05-13,Toys,LEGO Set,3,49.99,0,149.97,Delivered
O004358,C0916,2023-04-15,Clothing,Jacket,2,89.99,20,143.98,Delivered
O004359,C0916,2023-06-21,Food & Drink,Tea Collection,2,24.99,0,49.98,Delivered
O004360,C0917,2023-09-13,Sports,Skipping Rope,4,9.99,0,39.96,Delivered
O004361,C0917,2023-06-15,Toys,Board Game,4,34.99,20,111.97,Delivered
O004362,C0918,2023-02-26,Clothing,Jeans,1,59.99,20,47.99,Returned
O004363,C0918,2023-10-31,Electronics,USB Hub,2,29.99,0,59.98,Delivered
O004364,C0918,2021-12-27,Toys,Board Game,1,34.99,10,31.49,Delivered
O004365,C0918,2023-04-02,Books,Cookbook,1,24.99,20,19.99,Delivered
O004366,C0918,2022-08-07,Sports,Resistance Band,1,14.99,5,14.24,Returned
O004367,C0918,2022-08-07,Books,Novel,1,12.99,15,11.04,Delivered
O004368,C0918,2022-10-09,Toys,Puzzle,4,19.99,0,79.96,Delivered
O004369,C0918,2022-02-17,Electronics,Mouse,1,39.99,20,31.99,Delivered
O004370,C0919,2023-09-24,Beauty,Shampoo,2,14.99,10,26.98,Delivered
O004371,C0919,2023-12-27,Books,Python Cookbook,3,34.99,0,104.97,Delivered
O004372,C0920,2023-06-18,Beauty,Face Cream,4,39.99,0,159.96,Delivered
O004373,C0920,2023-06-05,Books,Data Science Guide,1,44.99,20,35.99,Delivered
O004374,C0920,2023-11-06,Beauty,Face Cream,5,39.99,0,199.95,Delivered
O004375,C0920,2023-06-22,Books,Novel,3,12.99,20,31.18,Delivered
O004376,C0920,2023-07-26,Clothing,Dress,2,49.99,0,99.98,Delivered
O004377,C0920,2023-09-18,Sports,Resistance Band,3,14.99,10,40.47,Delivered
O004378,C0920,2023-08-22,Toys,LEGO Set,2,49.99,0,99.98,Delivered
O004379,C0920,2023-03-22,Food & Drink,Tea Collection,1,24.99,10,22.49,Delivered
O004380,C0920,2023-12-10,Clothing,Jacket,2,89.99,5,170.98,Delivered
O004381,C0920,2023-09-29,Books,Travel Guide,1,16.99,5,16.14,Delivered
O004382,C0920,2023-04-15,Books,Travel Guide,2,16.99,0,33.98,Delivered
O004383,C0921,2022-05-27,Home & Garden,Cushion,4,34.99,0,139.96,Delivered
O004384,C0921,2022-06-14,Books,Novel,5,12.99,0,64.95,Delivered
O004385,C0921,2022-11-15,Home & Garden,Lamp,3,69.99,0,209.97,Delivered
O004386,C0921,2023-06-20,Sports,Water Bottle,3,19.99,5,56.97,Delivered
O004387,C0921,2022-06-17,Beauty,Perfume,1,79.99,0,79.99,Delivered
O004388,C0922,2022-07-01,Electronics,Headphones,1,149.99,0,149.99,Delivered
O004389,C0922,2022-04-11,Electronics,USB Hub,5,29.99,0,149.95,Delivered
O004390,C0922,2022-05-08,Sports,Water Bottle,5,19.99,0,99.95,Delivered
O004391,C0922,2022-01-25,Books,Travel Guide,2,16.99,20,27.18,Delivered
O004392,C0922,2021-11-12,Toys,Art Kit,4,24.99,5,94.96,Delivered
O004393,C0922,2022-07-22,Clothing,Jeans,4,59.99,15,203.97,Delivered
O004394,C0923,2023-12-21,Electronics,Laptop Stand,2,49.99,15,84.98,Delivered
O004395,C0923,2023-12-14,Books,Travel Guide,2,16.99,10,30.58,Delivered
O004396,C0923,2023-12-25,Beauty,Shampoo,2,14.99,0,29.98,Delivered
O004397,C0923,2023-12-13,Home & Garden,Lamp,1,69.99,20,55.99,Delivered
O004398,C0923,2023-12-11,Sports,Dumbbells,1,59.99,0,59.99,Delivered
O004399,C0923,2023-12-19,Home & Garden,Rug,4,129.99,10,467.96,Delivered
O004400,C0924,2023-07-19,Beauty,Perfume,5,79.99,15,339.96,Delivered
O004401,C0925,2023-11-11,Beauty,Perfume,1,79.99,15,67.99,Delivered
O004402,C0925,2023-12-18,Toys,Board Game,4,34.99,0,139.96,Delivered
O004403,C0925,2023-09-30,Toys,LEGO Set,4,49.99,0,199.96,Delivered
O004404,C0925,2023-10-10,Home & Garden,Candle Set,5,24.99,0,124.95,Delivered
O004405,C0925,2023-11-16,Home & Garden,Candle Set,4,24.99,5,94.96,Delivered
O004406,C0925,2023-09-14,Electronics,Laptop Stand,2,49.99,20,79.98,Delivered
O004407,C0925,2023-12-07,Home & Garden,Candle Set,5,24.99,0,124.95,Delivered
O004408,C0925,2023-12-11,Clothing,Jeans,1,59.99,0,59.99,Delivered
O004409,C0925,2023-10-03,Home & Garden,Cushion,3,34.99,15,89.22,Delivered
O004410,C0926,2023-11-13,Books,Cookbook,4,24.99,5,94.96,Delivered
O004411,C0926,2023-11-07,Books,Novel,4,12.99,0,51.96,Delivered
O004412,C0926,2023-05-06,Sports,Skipping Rope,3,9.99,10,26.97,Delivered
O004413,C0926,2023-10-10,Beauty,Lip Balm,4,8.99,0,35.96,Delivered
O004414,C0926,2023-05-04,Toys,Stuffed Animal,5,19.99,0,99.95,Delivered
O004415,C0927,2022-11-29,Home & Garden,Rug,2,129.99,5,246.98,Delivered
O004416,C0927,2023-08-28,Electronics,Laptop Stand,1,49.99,15,42.49,Delivered
O004417,C0927,2023-10-10,Electronics,Mouse,4,39.99,20,127.97,Delivered
O004418,C0928,2023-06-09,Books,Travel Guide,4,16.99,0,67.96,Delivered
O004419,C0929,2022-06-27,Books,Python Cookbook,5,34.99,5,166.2,Delivered
O004420,C0929,2022-12-18,Toys,Art Kit,5,24.99,5,118.7,Delivered
O004421,C0929,2022-09-17,Electronics,Mouse,5,39.99,20,159.96,Delivered
O004422,C0929,2022-09-14,Home & Garden,Candle Set,3,24.99,10,67.47,Delivered
O004423,C0929,2022-06-28,Home & Garden,Cushion,5,34.99,0,174.95,Delivered
O004424,C0929,2023-05-20,Electronics,Mouse,1,39.99,15,33.99,Delivered
O004425,C0929,2022-07-25,Books,Travel Guide,2,16.99,15,28.88,Delivered
O004426,C0929,2022-03-20,Sports,Skipping Rope,1,9.99,0,9.99,Delivered
O004427,C0930,2022-05-09,Books,Novel,4,12.99,15,44.17,Delivered
O004428,C0930,2022-12-31,Books,Cookbook,2,24.99,15,42.48,Delivered
O004429,C0930,2023-06-14,Books,Python Cookbook,4,34.99,0,139.96,Delivered
O004430,C0930,2022-07-06,Food & Drink,Protein Bar,5,2.99,5,14.2,Delivered
O004431,C0931,2022-04-17,Toys,Art Kit,4,24.99,10,89.96,Delivered
O004432,C0931,2023-10-09,Beauty,Face Cream,1,39.99,0,39.99,Delivered
O004433,C0931,2023-11-04,Sports,Resistance Band,5,14.99,0,74.95,Delivered
O004434,C0931,2023-04-22,Sports,Water Bottle,2,19.99,5,37.98,Delivered
O004435,C0931,2023-03-23,Sports,Yoga Mat,3,39.99,20,95.98,Delivered
O004436,C0931,2023-11-03,Beauty,Lip Balm,4,8.99,10,32.36,Delivered
O004437,C0931,2023-12-30,Food & Drink,Tea Collection,2,24.99,0,49.98,Delivered
O004438,C0931,2023-09-23,Beauty,Face Cream,5,39.99,0,199.95,Delivered
O004439,C0932,2023-08-04,Food & Drink,Protein Bar,1,2.99,0,2.99,Delivered
O004440,C0932,2023-03-19,Electronics,Webcam,1,79.99,0,79.99,Delivered
O004441,C0932,2022-11-30,Clothing,Sneakers,2,79.99,15,135.98,Delivered
O004442,C0932,2021-11-11,Electronics,Headphones,4,149.99,0,599.96,Delivered
O004443,C0932,2021-05-01,Books,Travel Guide,2,16.99,0,33.98,Delivered
O004444,C0932,2021-07-05,Beauty,Perfume,2,79.99,10,143.98,Delivered
O004445,C0932,2023-08-22,Food & Drink,Coffee Beans,5,19.99,15,84.96,Delivered
O004446,C0932,2023-06-30,Food & Drink,Protein Bar,2,2.99,0,5.98,Delivered
O004447,C0933,2022-07-15,Books,Novel,1,12.99,0,12.99,Returned
O004448,C0933,2023-04-26,Beauty,Lip Balm,4,8.99,10,32.36,Delivered
O004449,C0933,2022-05-24,Toys,LEGO Set,5,49.99,0,249.95,Delivered
O004450,C0933,2022-06-18,Clothing,Jeans,2,59.99,0,119.98,Delivered
O004451,C0933,2023-10-12,Books,Data Science Guide,4,44.99,0,179.96,Returned
O004452,C0933,2023-10-11,Toys,Puzzle,2,19.99,5,37.98,Delivered
O004453,C0934,2023-10-19,Clothing,Jeans,3,59.99,5,170.97,Delivered
O004454,C0934,2023-07-23,Food & Drink,Protein Bar,1,2.99,15,2.54,Delivered
O004455,C0934,2023-02-05,Home & Garden,Lamp,2,69.99,5,132.98,Delivered
O004456,C0934,2023-11-12,Sports,Resistance Band,5,14.99,0,74.95,Delivered
O004457,C0934,2023-08-26,Books,Novel,5,12.99,0,64.95,Delivered
O004458,C0934,2022-12-24,Food & Drink,Nuts Mix,4,12.99,0,51.96,Delivered
O004459,C0934,2023-05-07,Beauty,Face Cream,2,39.99,0,79.98,Delivered
O004460,C0934,2022-12-19,Clothing,Jacket,3,89.99,20,215.98,Delivered
O004461,C0934,2023-11-13,Home & Garden,Plant Pot,5,14.99,5,71.2,Delivered
O004462,C0935,2023-09-26,Electronics,Headphones,2,149.99,0,299.98,Delivered
O004463,C0935,2023-01-13,Beauty,Face Cream,3,39.99,0,119.97,Delivered
O004464,C0936,2021-10-17,Sports,Dumbbells,3,59.99,10,161.97,Delivered
O004465,C0936,2021-09-18,Beauty,Perfume,1,79.99,0,79.99,Delivered
O004466,C0937,2022-12-29,Electronics,Webcam,5,79.99,10,359.95,Delivered
O004467,C0937,2023-11-10,Clothing,Jeans,4,59.99,10,215.96,Delivered
O004468,C0937,2023-01-31,Food & Drink,Protein Bar,5,2.99,15,12.71,Delivered
O004469,C0937,2023-07-20,Sports,Dumbbells,5,59.99,5,284.95,Delivered
O004470,C0937,2023-05-17,Clothing,Jacket,1,89.99,0,89.99,Delivered
O004471,C0937,2023-01-27,Toys,Art Kit,2,24.99,5,47.48,Delivered
O004472,C0937,2023-05-24,Electronics,Laptop Stand,5,49.99,20,199.96,Delivered
O004473,C0937,2023-02-06,Electronics,Mouse,5,39.99,0,199.95,Delivered
O004474,C0937,2023-05-29,Sports,Skipping Rope,4,9.99,5,37.96,Delivered
O004475,C0937,2023-12-21,Books,Novel,5,12.99,10,58.46,Delivered
O004476,C0938,2022-11-27,Sports,Water Bottle,4,19.99,5,75.96,Delivered
O004477,C0938,2023-03-29,Clothing,Sneakers,5,79.99,0,399.95,Delivered
O004478,C0938,2022-09-08,Toys,Board Game,4,34.99,10,125.96,Delivered
O004479,C0938,2023-07-20,Beauty,Lip Balm,5,8.99,15,38.21,Delivered
O004480,C0938,2022-10-18,Beauty,Serum,3,54.99,5,156.72,Delivered
O004481,C0938,2022-06-20,Toys,Stuffed Animal,2,19.99,20,31.98,Returned
O004482,C0938,2022-09-17,Clothing,T-Shirt,5,19.99,0,99.95,Delivered
O004483,C0938,2022-11-29,Food & Drink,Nuts Mix,4,12.99,0,51.96,Delivered
O004484,C0939,2023-03-22,Electronics,USB Hub,1,29.99,10,26.99,Delivered
O004485,C0939,2022-05-24,Beauty,Perfume,4,79.99,0,319.96,Delivered
O004486,C0939,2023-04-13,Electronics,USB Hub,1,29.99,0,29.99,Delivered
O004487,C0939,2022-08-25,Books,Novel,2,12.99,10,23.38,Delivered
O004488,C0939,2022-10-21,Toys,Art Kit,5,24.99,20,99.96,Delivered
O004489,C0939,2023-07-09,Sports,Resistance Band,1,14.99,0,14.99,Delivered
O004490,C0939,2023-07-03,Clothing,Jacket,2,89.99,0,179.98,Delivered
O004491,C0939,2023-08-04,Home & Garden,Plant Pot,1,14.99,20,11.99,Delivered
O004492,C0939,2022-11-25,Electronics,Headphones,2,149.99,10,269.98,Delivered
O004493,C0939,2022-08-14,Home & Garden,Lamp,3,69.99,0,209.97,Delivered
O004494,C0940,2023-12-20,Books,Travel Guide,4,16.99,0,67.96,Delivered
O004495,C0940,2023-12-29,Sports,Resistance Band,2,14.99,20,23.98,Delivered
O004496,C0940,2023-09-11,Beauty,Perfume,4,79.99,5,303.96,Delivered
O004497,C0941,2023-03-21,Home & Garden,Lamp,5,69.99,15,297.46,Delivered
O004498,C0941,2023-06-22,Books,Python Cookbook,4,34.99,0,139.96,Delivered
O004499,C0941,2022-11-13,Beauty,Shampoo,4,14.99,0,59.96,Delivered
O004500,C0941,2023-04-12,Sports,Skipping Rope,2,9.99,15,16.98,Delivered
O004501,C0941,2022-12-14,Books,Data Science Guide,5,44.99,0,224.95,Delivered
O004502,C0941,2023-12-20,Sports,Dumbbells,2,59.99,0,119.98,Delivered
O004503,C0941,2022-12-07,Food & Drink,Coffee Beans,5,19.99,0,99.95,Delivered
O004504,C0941,2023-04-13,Beauty,Shampoo,3,14.99,15,38.22,Delivered
O004505,C0941,2023-12-07,Electronics,Headphones,1,149.99,10,134.99,Delivered
O004506,C0941,2023-05-23,Beauty,Lip Balm,4,8.99,0,35.96,Delivered
O004507,C0942,2023-09-05,Beauty,Serum,3,54.99,0,164.97,Delivered
O004508,C0942,2023-03-19,Books,Cookbook,5,24.99,0,124.95,Delivered
O004509,C0942,2022-07-01,Toys,Puzzle,4,19.99,20,63.97,Delivered
O004510,C0942,2022-12-17,Sports,Yoga Mat,1,39.99,0,39.99,Delivered
O004511,C0942,2023-03-23,Clothing,Jacket,4,89.99,0,359.96,Delivered
O004512,C0942,2022-03-02,Toys,Art Kit,5,24.99,0,124.95,Delivered
O004513,C0942,2022-08-11,Electronics,USB Hub,3,29.99,0,89.97,Delivered
O004514,C0942,2023-04-24,Books,Cookbook,3,24.99,15,63.72,Delivered
O004515,C0942,2022-09-16,Home & Garden,Candle Set,3,24.99,10,67.47,Delivered
O004516,C0942,2022-08-16,Sports,Water Bottle,3,19.99,15,50.97,Delivered
O004517,C0943,2023-11-30,Home & Garden,Rug,2,129.99,20,207.98,Delivered
O004518,C0944,2023-03-29,Food & Drink,Olive Oil,1,16.99,5,16.14,Delivered
O004519,C0944,2023-01-16,Electronics,Laptop Stand,4,49.99,20,159.97,Delivered
O004520,C0944,2022-08-08,Home & Garden,Rug,4,129.99,5,493.96,Returned
O004521,C0944,2023-09-16,Food & Drink,Tea Collection,1,24.99,0,24.99,Delivered
O004522,C0944,2023-09-23,Home & Garden,Plant Pot,4,14.99,0,59.96,Delivered
O004523,C0944,2022-09-03,Clothing,Sneakers,5,79.99,20,319.96,Delivered
O004524,C0944,2023-08-18,Food & Drink,Protein Bar,1,2.99,20,2.39,Delivered
O004525,C0944,2023-09-22,Clothing,T-Shirt,2,19.99,10,35.98,Delivered
O004526,C0944,2023-01-29,Home & Garden,Lamp,2,69.99,15,118.98,Delivered
O004527,C0945,2022-09-06,Clothing,T-Shirt,1,19.99,15,16.99,Delivered
O004528,C0945,2023-03-04,Food & Drink,Coffee Beans,1,19.99,0,19.99,Delivered
O004529,C0945,2022-05-04,Toys,Art Kit,2,24.99,0,49.98,Delivered
O004530,C0945,2023-01-04,Electronics,Mouse,4,39.99,5,151.96,Delivered
O004531,C0945,2023-10-11,Books,Data Science Guide,4,44.99,20,143.97,Delivered
O004532,C0945,2023-05-22,Home & Garden,Cushion,1,34.99,10,31.49,Delivered
O004533,C0945,2023-10-14,Food & Drink,Nuts Mix,1,12.99,5,12.34,Delivered
O004534,C0946,2023-10-04,Electronics,Mouse,3,39.99,10,107.97,Delivered
O004535,C0946,2023-11-26,Beauty,Face Cream,2,39.99,15,67.98,Delivered
O004536,C0946,2023-11-08,Beauty,Face Cream,4,39.99,10,143.96,Delivered
O004537,C0946,2023-10-11,Home & Garden,Rug,1,129.99,5,123.49,Delivered
O004538,C0946,2023-10-02,Electronics,Mouse,5,39.99,0,199.95,Delivered
O004539,C0946,2023-11-11,Electronics,Webcam,4,79.99,20,255.97,Delivered
O004540,C0946,2023-09-02,Beauty,Shampoo,1,14.99,0,14.99,Delivered
O004541,C0947,2021-10-28,Toys,Art Kit,1,24.99,20,19.99,Delivered
O004542,C0947,2023-02-17,Sports,Yoga Mat,1,39.99,0,39.99,Delivered
O004543,C0947,2023-01-01,Home & Garden,Cushion,4,34.99,0,139.96,Delivered
O004544,C0947,2023-03-05,Books,Cookbook,3,24.99,15,63.72,Delivered
O004545,C0947,2022-05-14,Sports,Water Bottle,2,19.99,0,39.98,Returned
O004546,C0947,2022-03-09,Electronics,Mouse,3,39.99,15,101.97,Delivered
O004547,C0947,2023-09-23,Toys,Art Kit,5,24.99,15,106.21,Delivered
O004548,C0947,2022-07-12,Clothing,T-Shirt,3,19.99,20,47.98,Returned
O004549,C0948,2023-12-31,Books,Python Cookbook,5,34.99,5,166.2,Delivered
O004550,C0948,2023-09-27,Clothing,Dress,4,49.99,15,169.97,Delivered
O004551,C0948,2023-10-07,Books,Novel,2,12.99,0,25.98,Delivered
O004552,C0948,2023-10-23,Toys,LEGO Set,2,49.99,0,99.98,Delivered
O004553,C0948,2023-09-08,Toys,Art Kit,1,24.99,20,19.99,Delivered
O004554,C0949,2022-09-21,Sports,Dumbbells,3,59.99,15,152.97,Delivered
O004555,C0950,2022-02-15,Sports,Water Bottle,5,19.99,10,89.95,Delivered
O004556,C0950,2021-08-18,Food & Drink,Olive Oil,5,16.99,5,80.7,Delivered
O004557,C0950,2023-01-16,Beauty,Shampoo,3,14.99,0,44.97,Delivered
O004558,C0951,2023-08-16,Toys,Board Game,4,34.99,0,139.96,Delivered
O004559,C0951,2022-12-09,Toys,Art Kit,1,24.99,0,24.99,Delivered
O004560,C0951,2023-01-10,Sports,Resistance Band,5,14.99,20,59.96,Delivered
O004561,C0951,2022-08-10,Food & Drink,Tea Collection,2,24.99,20,39.98,Delivered
O004562,C0952,2023-12-19,Books,Cookbook,5,24.99,15,106.21,Delivered
O004563,C0952,2023-12-19,Food & Drink,Nuts Mix,2,12.99,5,24.68,Delivered
O004564,C0952,2023-11-24,Home & Garden,Cushion,2,34.99,5,66.48,Delivered
O004565,C0953,2023-08-24,Sports,Resistance Band,1,14.99,15,12.74,Delivered
O004566,C0954,2022-10-27,Toys,Stuffed Animal,5,19.99,0,99.95,Delivered
O004567,C0954,2022-12-28,Beauty,Serum,1,54.99,0,54.99,Delivered
O004568,C0954,2023-01-23,Clothing,Dress,4,49.99,0,199.96,Delivered
O004569,C0954,2022-12-16,Beauty,Perfume,1,79.99,10,71.99,Delivered
O004570,C0954,2022-08-18,Sports,Resistance Band,1,14.99,0,14.99,Delivered
O004571,C0954,2023-04-29,Books,Data Science Guide,3,44.99,20,107.98,Delivered
O004572,C0954,2023-12-14,Toys,Board Game,4,34.99,5,132.96,Delivered
O004573,C0955,2023-10-29,Books,Python Cookbook,2,34.99,10,62.98,Delivered
O004574,C0956,2023-01-22,Toys,LEGO Set,4,49.99,0,199.96,Delivered
O004575,C0956,2023-09-17,Home & Garden,Candle Set,2,24.99,10,44.98,Delivered
O004576,C0956,2023-03-27,Toys,Board Game,2,34.99,0,69.98,Delivered
O004577,C0957,2022-11-18,Food & Drink,Tea Collection,2,24.99,15,42.48,Delivered
O004578,C0957,2022-10-27,Home & Garden,Rug,2,129.99,10,233.98,Delivered
O004579,C0958,2022-09-03,Sports,Water Bottle,5,19.99,10,89.95,Delivered
O004580,C0959,2021-05-29,Clothing,Jeans,2,59.99,0,119.98,Delivered
O004581,C0959,2022-02-27,Home & Garden,Cushion,4,34.99,10,125.96,Delivered
O004582,C0959,2023-01-01,Home & Garden,Rug,3,129.99,20,311.98,Delivered
O004583,C0959,2023-02-24,Books,Cookbook,5,24.99,0,124.95,Delivered
O004584,C0959,2022-03-22,Books,Travel Guide,4,16.99,10,61.16,Delivered
O004585,C0959,2021-07-01,Books,Cookbook,3,24.99,0,74.97,Delivered
O004586,C0960,2023-08-12,Home & Garden,Plant Pot,5,14.99,5,71.2,Delivered
O004587,C0960,2023-10-24,Home & Garden,Candle Set,5,24.99,15,106.21,Delivered
O004588,C0960,2023-05-10,Books,Novel,1,12.99,0,12.99,Delivered
O004589,C0960,2023-06-26,Toys,Stuffed Animal,2,19.99,10,35.98,Delivered
O004590,C0960,2023-10-12,Books,Python Cookbook,2,34.99,15,59.48,Delivered
O004591,C0960,2023-09-24,Books,Novel,4,12.99,10,46.76,Delivered
O004592,C0960,2023-12-09,Books,Python Cookbook,1,34.99,10,31.49,Delivered
O004593,C0961,2022-07-17,Books,Novel,3,12.99,0,38.97,Delivered
O004594,C0961,2022-07-08,Clothing,Jacket,5,89.99,10,404.95,Delivered
O004595,C0962,2022-11-22,Home & Garden,Rug,1,129.99,0,129.99,Delivered
O004596,C0962,2023-04-06,Beauty,Lip Balm,5,8.99,0,44.95,Delivered
O004597,C0962,2022-01-22,Beauty,Lip Balm,3,8.99,0,26.97,Delivered
O004598,C0962,2023-04-28,Beauty,Serum,4,54.99,0,219.96,Delivered
O004599,C0962,2023-03-19,Clothing,Jeans,1,59.99,0,59.99,Delivered
O004600,C0963,2021-08-22,Home & Garden,Rug,1,129.99,20,103.99,Delivered
O004601,C0963,2022-09-07,Clothing,T-Shirt,3,19.99,0,59.97,Delivered
O004602,C0963,2022-05-30,Food & Drink,Olive Oil,2,16.99,5,32.28,Delivered
O004603,C0963,2021-10-15,Sports,Dumbbells,4,59.99,15,203.97,Delivered
O004604,C0964,2023-06-03,Home & Garden,Lamp,3,69.99,10,188.97,Delivered
O004605,C0965,2021-08-09,Clothing,T-Shirt,5,19.99,0,99.95,Delivered
O004606,C0965,2021-12-19,Beauty,Lip Balm,2,8.99,0,17.98,Delivered
O004607,C0965,2022-09-13,Food & Drink,Nuts Mix,5,12.99,0,64.95,Delivered
O004608,C0965,2022-05-18,Books,Cookbook,3,24.99,15,63.72,Delivered
O004609,C0965,2021-12-18,Toys,Stuffed Animal,3,19.99,5,56.97,Delivered
O004610,C0965,2022-12-05,Home & Garden,Lamp,1,69.99,15,59.49,Delivered
O004611,C0965,2022-02-13,Books,Python Cookbook,1,34.99,5,33.24,Delivered
O004612,C0965,2023-01-03,Toys,Puzzle,5,19.99,0,99.95,Delivered
O004613,C0965,2023-12-23,Books,Novel,4,12.99,0,51.96,Delivered
O004614,C0965,2021-08-22,Books,Cookbook,5,24.99,10,112.45,Delivered
O004615,C0965,2023-04-06,Books,Travel Guide,5,16.99,5,80.7,Delivered
O004616,C0966,2023-10-07,Beauty,Serum,5,54.99,10,247.45,Delivered
O004617,C0967,2022-10-18,Books,Cookbook,2,24.99,10,44.98,Delivered
O004618,C0967,2023-01-01,Toys,LEGO Set,4,49.99,5,189.96,Delivered
O004619,C0967,2023-03-31,Beauty,Perfume,5,79.99,20,319.96,Delivered
O004620,C0967,2022-10-10,Toys,LEGO Set,4,49.99,5,189.96,Delivered
O004621,C0967,2023-02-11,Beauty,Shampoo,1,14.99,0,14.99,Delivered
O004622,C0967,2022-01-31,Beauty,Face Cream,4,39.99,0,159.96,Delivered
O004623,C0968,2023-11-23,Clothing,Dress,4,49.99,0,199.96,Delivered
O004624,C0969,2022-08-25,Toys,Art Kit,4,24.99,5,94.96,Delivered
O004625,C0970,2023-01-30,Electronics,Mouse,1,39.99,15,33.99,Delivered
O004626,C0971,2023-11-10,Clothing,Jacket,3,89.99,20,215.98,Delivered
O004627,C0971,2023-06-16,Home & Garden,Candle Set,5,24.99,20,99.96,Delivered
O004628,C0971,2022-07-25,Sports,Skipping Rope,1,9.99,0,9.99,Delivered
O004629,C0971,2022-10-17,Beauty,Serum,3,54.99,0,164.97,Delivered
O004630,C0971,2023-09-22,Toys,Art Kit,2,24.99,5,47.48,Delivered
O004631,C0972,2023-12-15,Food & Drink,Nuts Mix,1,12.99,0,12.99,Delivered
O004632,C0972,2023-11-22,Electronics,Mouse,3,39.99,0,119.97,Delivered
O004633,C0972,2023-12-17,Toys,Board Game,5,34.99,0,174.95,Delivered
O004634,C0972,2023-10-21,Clothing,T-Shirt,1,19.99,20,15.99,Delivered
O004635,C0972,2023-11-02,Beauty,Face Cream,1,39.99,0,39.99,Delivered
O004636,C0972,2023-10-02,Sports,Skipping Rope,2,9.99,0,19.98,Delivered
O004637,C0972,2023-09-30,Books,Python Cookbook,5,34.99,15,148.71,Delivered
O004638,C0972,2023-09-12,Toys,Board Game,3,34.99,10,94.47,Delivered
O004639,C0972,2023-11-26,Beauty,Lip Balm,5,8.99,0,44.95,Delivered
O004640,C0972,2023-09-11,Books,Python Cookbook,1,34.99,0,34.99,Delivered
O004641,C0973,2023-11-30,Toys,Stuffed Animal,3,19.99,0,59.97,Delivered
O004642,C0973,2023-12-23,Clothing,T-Shirt,4,19.99,5,75.96,Delivered
O004643,C0973,2023-12-30,Toys,Puzzle,4,19.99,15,67.97,Delivered
O004644,C0973,2023-11-20,Books,Travel Guide,2,16.99,10,30.58,Delivered
O004645,C0973,2023-10-21,Food & Drink,Olive Oil,5,16.99,0,84.95,Delivered
O004646,C0973,2023-10-30,Toys,Board Game,4,34.99,15,118.97,Delivered
O004647,C0973,2023-11-17,Beauty,Perfume,1,79.99,10,71.99,Delivered
O004648,C0974,2023-10-28,Home & Garden,Plant Pot,4,14.99,10,53.96,Delivered
O004649,C0974,2023-09-30,Clothing,Sneakers,3,79.99,0,239.97,Delivered
O004650,C0974,2023-10-25,Toys,LEGO Set,2,49.99,0,99.98,Delivered
O004651,C0974,2023-09-17,Beauty,Shampoo,5,14.99,5,71.2,Delivered
O004652,C0974,2023-06-08,Electronics,Laptop Stand,1,49.99,5,47.49,Returned
O004653,C0974,2023-12-11,Clothing,Jacket,4,89.99,20,287.97,Delivered
O004654,C0974,2023-12-13,Books,Python Cookbook,5,34.99,15,148.71,Delivered
O004655,C0974,2023-11-13,Sports,Dumbbells,4,59.99,20,191.97,Delivered
O004656,C0975,2022-07-12,Beauty,Face Cream,1,39.99,10,35.99,Delivered
O004657,C0975,2022-09-29,Food & Drink,Tea Collection,1,24.99,0,24.99,Delivered
O004658,C0975,2023-06-20,Toys,Art Kit,2,24.99,10,44.98,Delivered
O004659,C0975,2022-03-24,Toys,Stuffed Animal,2,19.99,10,35.98,Delivered
O004660,C0975,2022-05-05,Books,Cookbook,4,24.99,15,84.97,Delivered
O004661,C0975,2023-11-12,Clothing,Jacket,2,89.99,20,143.98,Delivered
O004662,C0975,2023-06-02,Clothing,Jacket,5,89.99,5,427.45,Delivered
O004663,C0975,2022-05-18,Beauty,Shampoo,5,14.99,0,74.95,Delivered
O004664,C0976,2023-09-27,Beauty,Perfume,1,79.99,5,75.99,Delivered
O004665,C0976,2023-04-07,Food & Drink,Nuts Mix,2,12.99,10,23.38,Delivered
O004666,C0976,2023-09-21,Home & Garden,Lamp,4,69.99,10,251.96,Delivered
O004667,C0976,2023-01-04,Food & Drink,Nuts Mix,1,12.99,5,12.34,Delivered
O004668,C0976,2022-07-09,Toys,Art Kit,3,24.99,0,74.97,Delivered
O004669,C0977,2023-11-17,Books,Python Cookbook,4,34.99,10,125.96,Delivered
O004670,C0977,2023-07-24,Sports,Resistance Band,2,14.99,15,25.48,Delivered
O004671,C0978,2022-11-15,Sports,Water Bottle,3,19.99,0,59.97,Delivered
O004672,C0979,2021-09-14,Toys,Stuffed Animal,4,19.99,5,75.96,Delivered
O004673,C0979,2023-08-18,Electronics,USB Hub,3,29.99,20,71.98,Delivered
O004674,C0979,2021-10-19,Sports,Yoga Mat,5,39.99,20,159.96,Delivered
O004675,C0979,2023-09-09,Clothing,Sneakers,4,79.99,5,303.96,Delivered
O004676,C0979,2022-04-04,Books,Travel Guide,3,16.99,0,50.97,Delivered
O004677,C0979,2021-06-19,Electronics,Webcam,4,79.99,5,303.96,Delivered
O004678,C0979,2023-12-08,Food & Drink,Olive Oil,5,16.99,0,84.95,Delivered
O004679,C0979,2023-01-12,Beauty,Shampoo,3,14.99,0,44.97,Delivered
O004680,C0979,2022-05-04,Toys,Art Kit,5,24.99,0,124.95,Delivered
O004681,C0979,2021-03-29,Food & Drink,Coffee Beans,3,19.99,0,59.97,Delivered
O004682,C0979,2021-08-02,Home & Garden,Candle Set,1,24.99,0,24.99,Delivered
O004683,C0979,2021-09-18,Beauty,Lip Balm,3,8.99,15,22.92,Delivered
O004684,C0979,2023-03-07,Toys,Stuffed Animal,3,19.99,0,59.97,Delivered
O004685,C0980,2023-11-23,Toys,Puzzle,3,19.99,0,59.97,Delivered
O004686,C0980,2023-11-27,Food & Drink,Olive Oil,2,16.99,0,33.98,Delivered
O004687,C0980,2023-12-14,Food & Drink,Olive Oil,5,16.99,5,80.7,Returned
O004688,C0980,2023-12-30,Beauty,Shampoo,1,14.99,5,14.24,Delivered
O004689,C0980,2023-12-30,Sports,Yoga Mat,5,39.99,5,189.95,Delivered
O004690,C0980,2023-11-23,Toys,LEGO Set,5,49.99,5,237.45,Delivered
O004691,C0980,2023-12-28,Beauty,Face Cream,3,39.99,0,119.97,Delivered
O004692,C0980,2023-11-18,Clothing,T-Shirt,1,19.99,0,19.99,Delivered
O004693,C0980,2023-12-05,Books,Novel,2,12.99,10,23.38,Delivered
O004694,C0981,2023-09-15,Electronics,USB Hub,2,29.99,0,59.98,Delivered
O004695,C0982,2023-04-21,Electronics,Headphones,4,149.99,20,479.97,Delivered
O004696,C0982,2023-12-07,Sports,Resistance Band,3,14.99,5,42.72,Delivered
O004697,C0983,2022-10-01,Sports,Resistance Band,3,14.99,10,40.47,Delivered
O004698,C0983,2022-10-15,Electronics,Headphones,4,149.99,15,509.97,Delivered
O004699,C0983,2023-06-03,Beauty,Face Cream,1,39.99,15,33.99,Returned
O004700,C0983,2023-11-12,Books,Cookbook,5,24.99,20,99.96,Delivered
O004701,C0984,2023-06-21,Clothing,Jeans,2,59.99,10,107.98,Delivered
O004702,C0984,2022-09-19,Clothing,Jeans,2,59.99,20,95.98,Delivered
O004703,C0984,2022-09-19,Sports,Resistance Band,4,14.99,0,59.96,Delivered
O004704,C0984,2021-11-21,Clothing,Sneakers,3,79.99,0,239.97,Delivered
O004705,C0984,2023-05-27,Clothing,Dress,2,49.99,5,94.98,Delivered
O004706,C0984,2021-10-04,Home & Garden,Lamp,3,69.99,15,178.47,Delivered
O004707,C0985,2023-03-25,Clothing,Dress,1,49.99,0,49.99,Delivered
O004708,C0985,2023-08-02,Sports,Dumbbells,2,59.99,10,107.98,Delivered
O004709,C0985,2023-11-14,Electronics,Webcam,3,79.99,20,191.98,Delivered
O004710,C0985,2022-10-01,Home & Garden,Cushion,5,34.99,0,174.95,Delivered
O004711,C0985,2023-07-28,Clothing,Jeans,3,59.99,15,152.97,Returned
O004712,C0985,2022-03-23,Food & Drink,Protein Bar,4,2.99,0,11.96,Returned
O004713,C0985,2023-11-07,Books,Python Cookbook,1,34.99,5,33.24,Delivered
O004714,C0985,2023-09-11,Sports,Water Bottle,3,19.99,0,59.97,Delivered
O004715,C0985,2022-09-19,Toys,LEGO Set,2,49.99,0,99.98,Delivered
O004716,C0986,2023-11-11,Clothing,Dress,2,49.99,0,99.98,Delivered
O004717,C0986,2023-11-27,Beauty,Shampoo,5,14.99,20,59.96,Delivered
O004718,C0986,2023-11-16,Books,Python Cookbook,3,34.99,0,104.97,Delivered
O004719,C0986,2023-10-21,Books,Data Science Guide,5,44.99,15,191.21,Delivered
O004720,C0986,2023-11-24,Books,Novel,2,12.99,10,23.38,Delivered
O004721,C0986,2023-09-29,Sports,Skipping Rope,1,9.99,0,9.99,Delivered
O004722,C0986,2023-11-05,Toys,Stuffed Animal,1,19.99,20,15.99,Delivered
O004723,C0986,2023-12-18,Food & Drink,Protein Bar,1,2.99,0,2.99,Delivered
O004724,C0986,2023-10-06,Books,Cookbook,5,24.99,0,124.95,Delivered
O004725,C0987,2023-12-25,Clothing,Sneakers,4,79.99,0,319.96,Delivered
O004726,C0988,2023-11-25,Sports,Dumbbells,1,59.99,15,50.99,Delivered
O004727,C0989,2023-08-07,Beauty,Face Cream,2,39.99,10,71.98,Delivered
O004728,C0989,2023-01-28,Beauty,Shampoo,1,14.99,0,14.99,Returned
O004729,C0989,2023-03-30,Sports,Water Bottle,1,19.99,20,15.99,Delivered
O004730,C0989,2023-02-02,Electronics,Laptop Stand,1,49.99,20,39.99,Delivered
O004731,C0989,2022-11-18,Electronics,Webcam,5,79.99,10,359.95,Delivered
O004732,C0989,2023-11-16,Food & Drink,Protein Bar,5,2.99,0,14.95,Delivered
O004733,C0990,2022-02-17,Sports,Yoga Mat,1,39.99,0,39.99,Delivered
O004734,C0990,2023-07-04,Home & Garden,Lamp,1,69.99,0,69.99,Delivered
O004735,C0990,2023-01-11,Books,Python Cookbook,4,34.99,10,125.96,Delivered
O004736,C0990,2023-12-28,Beauty,Lip Balm,1,8.99,0,8.99,Delivered
O004737,C0990,2023-12-13,Electronics,Headphones,2,149.99,0,299.98,Delivered
O004738,C0990,2023-04-30,Food & Drink,Coffee Beans,3,19.99,10,53.97,Delivered
O004739,C0991,2023-10-04,Toys,Art Kit,4,24.99,10,89.96,Delivered
O004740,C0991,2023-01-16,Clothing,Jeans,4,59.99,10,215.96,Delivered
O004741,C0991,2023-02-01,Clothing,Jacket,4,89.99,20,287.97,Delivered
O004742,C0991,2023-12-23,Toys,LEGO Set,3,49.99,20,119.98,Delivered
O004743,C0991,2023-07-26,Home & Garden,Lamp,2,69.99,5,132.98,Delivered
O004744,C0992,2023-07-30,Beauty,Shampoo,3,14.99,0,44.97,Delivered
O004745,C0992,2023-09-09,Books,Travel Guide,3,16.99,0,50.97,Delivered
O004746,C0992,2022-06-30,Clothing,Jeans,4,59.99,0,239.96,Delivered
O004747,C0993,2023-12-29,Sports,Dumbbells,1,59.99,15,50.99,Delivered
O004748,C0994,2022-08-20,Food & Drink,Protein Bar,2,2.99,0,5.98,Delivered
O004749,C0994,2023-09-05,Books,Python Cookbook,5,34.99,0,174.95,Returned
O004750,C0994,2022-03-25,Clothing,Dress,4,49.99,20,159.97,Delivered
O004751,C0995,2023-08-21,Books,Data Science Guide,3,44.99,5,128.22,Delivered
O004752,C0995,2022-05-23,Electronics,Laptop Stand,1,49.99,0,49.99,Delivered
O004753,C0995,2023-07-03,Toys,LEGO Set,3,49.99,0,149.97,Delivered
O004754,C0995,2022-02-09,Electronics,USB Hub,5,29.99,0,149.95,Delivered
O004755,C0995,2021-07-06,Beauty,Shampoo,4,14.99,0,59.96,Delivered
O004756,C0995,2021-07-31,Books,Novel,5,12.99,0,64.95,Delivered
O004757,C0995,2022-11-10,Home & Garden,Plant Pot,5,14.99,0,74.95,Delivered
O004758,C0996,2023-12-28,Beauty,Shampoo,2,14.99,15,25.48,Delivered
O004759,C0997,2022-10-24,Beauty,Serum,5,54.99,15,233.71,Delivered
O004760,C0997,2023-07-13,Food & Drink,Coffee Beans,1,19.99,0,19.99,Delivered
O004761,C0997,2023-03-02,Toys,Board Game,4,34.99,10,125.96,Delivered
O004762,C0998,2022-12-16,Electronics,Mouse,5,39.99,0,199.95,Delivered
O004763,C0998,2023-02-16,Toys,Art Kit,2,24.99,15,42.48,Delivered
O004764,C0998,2023-08-19,Clothing,Jeans,2,59.99,20,95.98,Delivered
O004765,C0998,2023-11-30,Sports,Resistance Band,1,14.99,20,11.99,Returned
O004766,C0998,2023-11-09,Sports,Resistance Band,3,14.99,20,35.98,Delivered
O004767,C0999,2023-10-02,Sports,Skipping Rope,2,9.99,5,18.98,Delivered
O004768,C0999,2023-03-08,Electronics,Laptop Stand,5,49.99,10,224.96,Delivered
O004769,C0999,2022-10-02,Electronics,USB Hub,2,29.99,0,59.98,Delivered
O004770,C0999,2023-05-31,Toys,Art Kit,5,24.99,15,106.21,Delivered
O004771,C0999,2022-09-15,Clothing,Sneakers,3,79.99,0,239.97,Delivered
O004772,C0999,2023-09-25,Electronics,Headphones,3,149.99,0,449.97,Delivered
O004773,C0999,2023-08-31,Toys,Puzzle,5,19.99,20,79.96,Delivered
O004774,C0999,2023-06-22,Toys,LEGO Set,1,49.99,10,44.99,Delivered
O004775,C0999,2023-08-05,Sports,Water Bottle,5,19.99,10,89.95,Delivered
O004776,C0999,2022-09-25,Food & Drink,Protein Bar,3,2.99,0,8.97,Delivered
O004777,C0999,2022-06-22,Books,Novel,3,12.99,0,38.97,Delivered
O004778,C1000,2022-07-23,Books,Novel,4,12.99,20,41.57,Delivered
